item_name,category_name,records_json
苗族古歌,民间文学,"[{""公布时间"": ""2006(第一批)"", ""申报地区或单位"": ""贵州省台江县"", ""保护单位"": ""台江县非物质文化遗产保护中心""}, {""公布时间"": ""2006(第一批)"", ""申报地区或单位"": ""贵州省黄平县"", ""保护单位"": ""黄平县非物质文化遗产保护中心""}, {""公布时间"": ""2011(第三批)"", ""申报地区或单位"": ""湖南省花垣县"", ""保护单位"": ""花垣县非物质文化遗产保护中心""}]"
苗族古歌（簪汪传）,民间文学,"[{""公布时间"": ""2021(第五批)"", ""申报地区或单位"": ""贵州省贵阳市清镇市"", ""保护单位"": ""清镇市文化馆""}]"
布洛陀,民间文学,"[{""公布时间"": ""2006(第一批)"", ""申报地区或单位"": ""广西壮族自治区田阳县"", ""保护单位"": ""田阳县文化馆""}]"
遮帕麻和遮咪麻,民间文学,"[{""公布时间"": ""2006(第一批)"", ""申报地区或单位"": ""云南省梁河县"", ""保护单位"": ""梁河县文化馆""}]"
牡帕密帕,民间文学,"[{""公布时间"": ""2006(第一批)"", ""申报地区或单位"": ""云南省思茅市"", ""保护单位"": ""澜沧拉祜族自治县文化馆""}]"
刻道,民间文学,"[{""公布时间"": ""2006(第一批)"", ""申报地区或单位"": ""贵州省施秉县"", ""保护单位"": ""施秉县非物质文化遗产保护中心""}]"
白蛇传传说,民间文学,"[{""公布时间"": ""2006(第一批)"", ""申报地区或单位"": ""江苏省镇江市"", ""保护单位"": ""镇江市非物质文化遗产保护中心""}, {""公布时间"": ""2006(第一批)"", ""申报地区或单位"": ""浙江省杭州市"", ""保护单位"": ""杭州市文化馆（杭州市非物质文化遗产保护中心）""}]"
梁祝传说,民间文学,"[{""公布时间"": ""2006(第一批)"", ""申报地区或单位"": ""江苏省宜兴市"", ""保护单位"": ""宜兴市华夏梁祝文化研究会""}, {""公布时间"": ""2006(第一批)"", ""申报地区或单位"": ""浙江省宁波市"", ""保护单位"": ""宁波梁祝文化园管理有限公司""}, {""公布时间"": ""2006(第一批)"", ""申报地区或单位"": ""浙江省杭州市"", ""保护单位"": ""杭州市文化馆（杭州市非物质文化遗产保护中心）""}, {""公布时间"": ""2006(第一批)"", ""申报地区或单位"": ""浙江省上虞市"", ""保护单位"": ""绍兴市上虞区文化馆（区非物质遗产保护中心）""}, {""公布时间"": ""2006(第一批)"", ""申报地区或单位"": ""山东省济宁市"", ""保护单位"": ""济宁市梁祝文化研究会""}, {""公布时间"": ""2006(第一批)"", ""申报地区或单位"": ""河南省汝南县"", ""保护单位"": ""汝南县文化馆""}]"
孟姜女传说,民间文学,"[{""公布时间"": ""2006(第一批)"", ""申报地区或单位"": ""山东省淄博市"", ""保护单位"": ""淄博市淄川区公共文化服务中心（加挂淄川区文化馆、淄川区美术馆牌子）""}, {""公布时间"": ""2008(第二批)"", ""申报地区或单位"": ""河北省秦皇岛市"", ""保护单位"": ""秦皇岛市山海关区文化馆""}, {""公布时间"": ""2008(第二批)"", ""申报地区或单位"": ""湖南省津市市"", ""保护单位"": ""津市市文化馆（津市市美术馆）""}, {""公布时间"": ""2011(第三批)"", ""申报地区或单位"": ""山东省莒县"", ""保护单位"": ""莒县文化馆""}, {""公布时间"": ""2014(第四批)"", ""申报地区或单位"": ""山东省莱芜市莱城区"", ""保护单位"": ""济南市文化馆（济南市非物质文化遗产保护中心、济南市艺术创作研究院）""}]"
董永传说,民间文学,"[{""公布时间"": ""2006(第一批)"", ""申报地区或单位"": ""山西省万荣县"", ""保护单位"": ""万荣县文化馆""}, {""公布时间"": ""2006(第一批)"", ""申报地区或单位"": ""江苏省东台市"", ""保护单位"": ""东台市文化馆""}, {""公布时间"": ""2006(第一批)"", ""申报地区或单位"": ""河南省武陟县"", ""保护单位"": ""武陟县董永文化服务中心""}, {""公布时间"": ""2006(第一批)"", ""申报地区或单位"": ""湖北省孝感市"", ""保护单位"": ""孝感市群众艺术馆（孝感市非物质文化遗产保护中心）""}, {""公布时间"": ""2008(第二批)"", ""申报地区或单位"": ""江苏省金坛市"", ""保护单位"": ""常州市金坛区文化馆""}, {""公布时间"": ""2008(第二批)"", ""申报地区或单位"": ""山东省博兴县"", ""保护单位"": ""博兴县文化馆""}, {""公布时间"": ""2011(第三批)"", ""申报地区或单位"": ""江苏省丹阳市"", ""保护单位"": ""丹阳市文化馆""}]"
西施传说,民间文学,"[{""公布时间"": ""2006(第一批)"", ""申报地区或单位"": ""浙江省诸暨市"", ""保护单位"": ""诸暨市博物馆""}]"
济公传说,民间文学,"[{""公布时间"": ""2006(第一批)"", ""申报地区或单位"": ""浙江省天台县"", ""保护单位"": ""台州市天台山文化研究会""}]"
满族说部,民间文学,"[{""公布时间"": ""2006(第一批)"", ""申报地区或单位"": ""吉林省"", ""保护单位"": ""吉林省艺术研究院（吉林省文化行业特有工种职业技能鉴定站、吉林省东北二人转博物馆、吉林省非物质文化遗产保护中心）""}]"
满族说部（孙吴县满语故事）,民间文学,"[{""公布时间"": ""2021(第五批)"", ""申报地区或单位"": ""黑龙江省黑河市孙吴县"", ""保护单位"": ""孙吴县文化馆""}]"
河西宝卷,民间文学,"[{""公布时间"": ""2006(第一批)"", ""申报地区或单位"": ""甘肃省武威市凉州区"", ""保护单位"": ""凉州区文化馆""}, {""公布时间"": ""2006(第一批)"", ""申报地区或单位"": ""甘肃省酒泉市肃州区"", ""保护单位"": ""肃州区文化馆""}]"
宝卷（靖江宝卷）,民间文学,"[{""公布时间"": ""2008(第二批)"", ""申报地区或单位"": ""江苏省靖江市"", ""保护单位"": ""靖江市文化馆""}]"
宝卷（河西宝卷）,民间文学,"[{""公布时间"": ""2008(第二批)"", ""申报地区或单位"": ""甘肃省张掖市"", ""保护单位"": ""张掖市文化馆（张掖市非物质文化遗产传承保护中心）""}]"
宝卷（吴地宝卷）,民间文学,"[{""公布时间"": ""2014(第四批)"", ""申报地区或单位"": ""江苏省苏州市"", ""保护单位"": ""苏州市非物质文化遗产保护管理办公室（苏州市文化研究中心）""}]"
宝卷（岷县宝卷）,民间文学,"[{""公布时间"": ""2021(第五批)"", ""申报地区或单位"": ""甘肃省定西市岷县"", ""保护单位"": ""岷县文化馆""}]"
耿村民间故事,民间文学,"[{""公布时间"": ""2006(第一批)"", ""申报地区或单位"": ""河北省藁城市"", ""保护单位"": ""石家庄市藁城区文化馆""}]"
伍家沟民间故事,民间文学,"[{""公布时间"": ""2006(第一批)"", ""申报地区或单位"": ""湖北省丹江口市"", ""保护单位"": ""丹江口市文化馆""}]"
下堡坪民间故事,民间文学,"[{""公布时间"": ""2006(第一批)"", ""申报地区或单位"": ""湖北省宜昌市夷陵区"", ""保护单位"": ""宜昌市夷陵区文化馆""}]"
走马镇民间故事,民间文学,"[{""公布时间"": ""2006(第一批)"", ""申报地区或单位"": ""重庆市九龙坡区"", ""保护单位"": ""重庆市九龙坡区文化馆""}]"
古渔雁民间故事,民间文学,"[{""公布时间"": ""2006(第一批)"", ""申报地区或单位"": ""辽宁省大洼县"", ""保护单位"": ""盘锦市大洼区文化体育旅游发展促进中心（大洼区总工会文体活动管理中心）""}]"
喀左东蒙民间故事,民间文学,"[{""公布时间"": ""2006(第一批)"", ""申报地区或单位"": ""辽宁省喀喇沁左翼蒙古族自治县"", ""保护单位"": ""喀喇沁左翼蒙古族自治县公共文化和广播电视工作服务中心""}]"
谭振山民间故事,民间文学,"[{""公布时间"": ""2006(第一批)"", ""申报地区或单位"": ""辽宁省新民市"", ""保护单位"": ""新民市文化馆（新民市考古和文物保护中心）""}]"
河间歌诗,民间文学,"[{""公布时间"": ""2006(第一批)"", ""申报地区或单位"": ""河北省河间市"", ""保护单位"": ""河间市文化馆""}]"
吴歌,民间文学,"[{""公布时间"": ""2006(第一批)"", ""申报地区或单位"": ""江苏省苏州市"", ""保护单位"": ""苏州市非物质文化遗产保护管理办公室（苏州市文化研究中心）""}, {""公布时间"": ""2008(第二批)"", ""申报地区或单位"": ""江苏省无锡市"", ""保护单位"": ""无锡市锡山区吴歌锡剧研究会""}, {""公布时间"": ""2008(第二批)"", ""申报地区或单位"": ""上海市青浦区"", ""保护单位"": ""上海市青浦区文化馆（上海青浦画院）""}]"
刘三姐歌谣,民间文学,"[{""公布时间"": ""2006(第一批)"", ""申报地区或单位"": ""广西壮族自治区宜州市"", ""保护单位"": ""河池市宜州区刘三姐文化传承中心（河池市宜州区非物质文化遗产保护中心）""}]"
四季生产调,民间文学,"[{""公布时间"": ""2006(第一批)"", ""申报地区或单位"": ""云南省红河哈尼族彝族自治州"", ""保护单位"": ""红河哈尼族彝族自治州非物质文化遗产保护中心""}]"
玛纳斯,民间文学,"[{""公布时间"": ""2006(第一批)"", ""申报地区或单位"": ""新疆维吾尔自治区克孜勒苏柯尔克孜自治州"", ""保护单位"": ""克孜勒苏柯尔克孜自治州非物质文化遗产保护（玛纳斯保护研究）中心""}, {""公布时间"": ""2006(第一批)"", ""申报地区或单位"": ""新疆维吾尔自治区文联民间文艺家协会"", ""保护单位"": ""新疆维吾尔自治区民间文艺家协会，新疆维吾尔自治区艺术研究所（新疆维吾尔自治区非物质文化遗产保护研究中心）""}]"
江格尔,民间文学,"[{""公布时间"": ""2006(第一批)"", ""申报地区或单位"": ""新疆维吾尔自治区和布克塞尔蒙古自治县"", ""保护单位"": ""和布克赛尔蒙古自治县非物质文化遗产保护中心""}, {""公布时间"": ""2006(第一批)"", ""申报地区或单位"": ""新疆维吾尔自治区博尔塔拉蒙古自治州"", ""保护单位"": ""博尔塔拉蒙古自治州文化馆""}, {""公布时间"": ""2006(第一批)"", ""申报地区或单位"": ""新疆维吾尔自治区巴音郭楞蒙古自治州"", ""保护单位"": ""新疆巴音郭楞蒙古自治州文化馆""}, {""公布时间"": ""2006(第一批)"", ""申报地区或单位"": ""新疆维吾尔自治区文联民间文艺家协会"", ""保护单位"": ""新疆维吾尔自治区民间文艺家协会""}, {""公布时间"": ""2021(第五批)"", ""申报地区或单位"": ""内蒙古自治区"", ""保护单位"": ""内蒙古自治区艺术研究院（内蒙古自治区非物质文化遗产保护中心）""}]"
格萨（斯）尔,民间文学,"[{""公布时间"": ""2006(第一批)"", ""申报地区或单位"": ""内蒙古自治区"", ""保护单位"": ""内蒙古自治区少数民族古籍征集研究室""}, {""公布时间"": ""2006(第一批)"", ""申报地区或单位"": ""四川省"", ""保护单位"": ""甘孜藏族自治州文化馆""}, {""公布时间"": ""2006(第一批)"", ""申报地区或单位"": ""云南省"", ""保护单位"": ""迪庆藏族自治州非物质文化遗产保护中心""}, {""公布时间"": ""2006(第一批)"", ""申报地区或单位"": ""西藏自治区"", ""保护单位"": ""西藏自治区文化厅""}, {""公布时间"": ""2006(第一批)"", ""申报地区或单位"": ""甘肃省"", ""保护单位"": ""西北民族大学""}, {""公布时间"": ""2006(第一批)"", ""申报地区或单位"": ""青海省"", ""保护单位"": ""青海省文学艺术界联合会""}, {""公布时间"": ""2006(第一批)"", ""申报地区或单位"": ""新疆维吾尔自治区"", ""保护单位"": ""新疆维吾尔自治区民间文艺家协会""}, {""公布时间"": ""2006(第一批)"", ""申报地区或单位"": ""中国社会科学院《格萨（斯）尔》办公室"", ""保护单位"": ""中国社会科学院《格萨（斯）尔》办公室""}, {""公布时间"": ""2014(第四批)"", ""申报地区或单位"": ""内蒙古自治区巴林右旗"", ""保护单位"": ""巴林右旗格斯尔文化研究发展中心""}]"
阿诗玛,民间文学,"[{""公布时间"": ""2006(第一批)"", ""申报地区或单位"": ""云南省石林彝族自治县"", ""保护单位"": ""石林彝族自治县阿诗玛文化传承与保护中心（石林彝族自治县阿诗玛文化研究所、石林彝族自治县非物质文化遗产保护中心）""}]"
拉仁布与吉门索,民间文学,"[{""公布时间"": ""2006(第一批)"", ""申报地区或单位"": ""青海省互助土族自治县"", ""保护单位"": ""互助土族自治县文化馆""}]"
畲族小说歌,民间文学,"[{""公布时间"": ""2006(第一批)"", ""申报地区或单位"": ""福建省霞浦县"", ""保护单位"": ""霞浦县福宁文化艺术交流中心""}]"
青林寺谜语,民间文学,"[{""公布时间"": ""2006(第一批)"", ""申报地区或单位"": ""湖北省宜都市"", ""保护单位"": ""宜都市文化馆（宜都市文艺创作室）""}]"
谜语（澄海灯谜）,民间文学,"[{""公布时间"": ""2008(第二批)"", ""申报地区或单位"": ""广东省汕头市澄海区"", ""保护单位"": ""汕头市澄海区文化馆""}]"
八达岭长城传说,民间文学,"[{""公布时间"": ""2008(第二批)"", ""申报地区或单位"": ""北京市延庆县"", ""保护单位"": ""北京市延庆区博物馆（北京市延庆区文物管理所）""}]"
永定河传说,民间文学,"[{""公布时间"": ""2008(第二批)"", ""申报地区或单位"": ""北京市石景山区"", ""保护单位"": ""北京市石景山区非物质文化遗产保护中心""}]"
杨家将传说（穆桂英传说）,民间文学,"[{""公布时间"": ""2008(第二批)"", ""申报地区或单位"": ""北京市房山区"", ""保护单位"": ""北京市房山区燕山文化馆""}]"
杨家将传说（杨家将说唱）,民间文学,"[{""公布时间"": ""2008(第二批)"", ""申报地区或单位"": ""山西省"", ""保护单位"": ""广灵县文化馆""}]"
杨家将传说（杨七郎墓传说）,民间文学,"[{""公布时间"": ""2014(第四批)"", ""申报地区或单位"": ""天津市宁河县"", ""保护单位"": ""天津市宁河区文化馆""}]"
尧的传说,民间文学,"[{""公布时间"": ""2008(第二批)"", ""申报地区或单位"": ""山西省绛县"", ""保护单位"": ""绛县文化馆""}, {""公布时间"": ""2011(第三批)"", ""申报地区或单位"": ""山东省菏泽市牡丹区"", ""保护单位"": ""菏泽市牡丹区文化馆""}]"
牛郎织女传说,民间文学,"[{""公布时间"": ""2008(第二批)"", ""申报地区或单位"": ""山西省和顺县"", ""保护单位"": ""和顺县文化馆""}, {""公布时间"": ""2008(第二批)"", ""申报地区或单位"": ""山东省沂源县"", ""保护单位"": ""沂源县文化馆（沂源县非物质文化遗产保护中心、沂源县书画院）""}, {""公布时间"": ""2011(第三批)"", ""申报地区或单位"": ""陕西省西安市长安区"", ""保护单位"": ""西咸新区沣东新城斗门街道办事处""}]"
西湖传说,民间文学,"[{""公布时间"": ""2008(第二批)"", ""申报地区或单位"": ""浙江省杭州市"", ""保护单位"": ""杭州图书馆""}]"
刘伯温传说,民间文学,"[{""公布时间"": ""2008(第二批)"", ""申报地区或单位"": ""浙江省文成县"", ""保护单位"": ""文成县非物质文化遗产保护中心""}, {""公布时间"": ""2008(第二批)"", ""申报地区或单位"": ""浙江省青田县"", ""保护单位"": ""青田县刘基研究会""}]"
黄初平（黄大仙）传说,民间文学,"[{""公布时间"": ""2008(第二批)"", ""申报地区或单位"": ""浙江省金华市"", ""保护单位"": ""金华黄大仙文化研究会""}]"
观音传说,民间文学,"[{""公布时间"": ""2008(第二批)"", ""申报地区或单位"": ""浙江省舟山市"", ""保护单位"": ""舟山市普陀山风景名胜区管理委员会""}]"
徐福东渡传说,民间文学,"[{""公布时间"": ""2008(第二批)"", ""申报地区或单位"": ""浙江省象山县"", ""保护单位"": ""象山县文化馆""}, {""公布时间"": ""2008(第二批)"", ""申报地区或单位"": ""浙江省慈溪市"", ""保护单位"": ""慈溪市徐福研究会""}]"
徐福传说,民间文学,"[{""公布时间"": ""2011(第三批)"", ""申报地区或单位"": ""山东省胶南市"", ""保护单位"": ""青岛市黄岛区琅琊暨徐福研究会""}, {""公布时间"": ""2011(第三批)"", ""申报地区或单位"": ""山东省青岛市黄岛区"", ""保护单位"": ""青岛市黄岛区文化馆""}, {""公布时间"": ""2011(第三批)"", ""申报地区或单位"": ""江苏省赣榆县"", ""保护单位"": ""连云港市赣榆区金山镇文化站""}]"
陶朱公传说,民间文学,"[{""公布时间"": ""2008(第二批)"", ""申报地区或单位"": ""山东省定陶县"", ""保护单位"": ""菏泽市定陶区文化馆""}]"
麒麟传说,民间文学,"[{""公布时间"": ""2008(第二批)"", ""申报地区或单位"": ""山东省巨野县"", ""保护单位"": ""巨野县文化馆""}, {""公布时间"": ""2008(第二批)"", ""申报地区或单位"": ""山东省嘉祥县"", ""保护单位"": ""嘉祥县公共文化服务中心（嘉祥县图书馆、嘉祥县文化馆）""}]"
鲁班传说,民间文学,"[{""公布时间"": ""2008(第二批)"", ""申报地区或单位"": ""山东省曲阜市"", ""保护单位"": ""曲阜市公共文化服务中心（曲阜市文化馆、曲阜市图书馆、曲阜市非物质文化遗产保护中心）""}, {""公布时间"": ""2008(第二批)"", ""申报地区或单位"": ""山东省滕州市"", ""保护单位"": ""山东省滕州市文化馆""}]"
八仙传说,民间文学,"[{""公布时间"": ""2008(第二批)"", ""申报地区或单位"": ""山东省蓬莱市"", ""保护单位"": ""蓬莱市文化馆""}]"
秃尾巴老李的传说,民间文学,"[{""公布时间"": ""2008(第二批)"", ""申报地区或单位"": ""山东省即墨市"", ""保护单位"": ""青岛圣龙山旅游开发有限公司""}, {""公布时间"": ""2008(第二批)"", ""申报地区或单位"": ""山东省莒县"", ""保护单位"": ""莒县文化馆""}, {""公布时间"": ""2008(第二批)"", ""申报地区或单位"": ""山东省文登市"", ""保护单位"": ""威海市文登区文化馆（威海市文登区非物质文化遗产保护中心、威海市文登区美术馆）""}, {""公布时间"": ""2008(第二批)"", ""申报地区或单位"": ""山东省诸城市"", ""保护单位"": ""诸城市文化馆""}]"
屈原传说,民间文学,"[{""公布时间"": ""2008(第二批)"", ""申报地区或单位"": ""湖北省秭归县"", ""保护单位"": ""秭归县文化馆（县非物质文化遗产保护中心）""}]"
王昭君传说,民间文学,"[{""公布时间"": ""2008(第二批)"", ""申报地区或单位"": ""湖北省兴山县"", ""保护单位"": ""兴山县文化馆""}]"
炎帝神农传说,民间文学,"[{""公布时间"": ""2008(第二批)"", ""申报地区或单位"": ""湖北省随州市"", ""保护单位"": ""随县文化馆（随县非物质文化遗产保护中心）""}, {""公布时间"": ""2008(第二批)"", ""申报地区或单位"": ""湖北省神农架林区"", ""保护单位"": ""神农架林区群众艺术馆""}]"
木兰传说,民间文学,"[{""公布时间"": ""2008(第二批)"", ""申报地区或单位"": ""河南省虞城县"", ""保护单位"": ""虞城县文化馆""}, {""公布时间"": ""2008(第二批)"", ""申报地区或单位"": ""湖北省武汉市黄陂区"", ""保护单位"": ""武汉市黄陂区文化馆（武汉市黄陂区非物质文化遗产保护中心）""}, {""公布时间"": ""2011(第三批)"", ""申报地区或单位"": ""陕西省延安市宝塔区"", ""保护单位"": ""延安市宝塔区文化馆""}]"
巴拉根仓的故事,民间文学,"[{""公布时间"": ""2008(第二批)"", ""申报地区或单位"": ""内蒙古自治区通辽市"", ""保护单位"": ""通辽市群众艺术馆""}]"
北票民间故事,民间文学,"[{""公布时间"": ""2008(第二批)"", ""申报地区或单位"": ""辽宁省北票市"", ""保护单位"": ""北票市文旅体育事务服务中心（北票市博物馆、北票市文物考古研究所、北票市尹湛纳希纪念馆）""}]"
满族民间故事,民间文学,"[{""公布时间"": ""2008(第二批)"", ""申报地区或单位"": ""辽宁省文学艺术界联合会民间文艺家协会"", ""保护单位"": ""辽宁省文化遗产保护中心（辽宁省非物质文化遗产保护中心）""}]"
徐文长故事,民间文学,"[{""公布时间"": ""2008(第二批)"", ""申报地区或单位"": ""浙江省绍兴市"", ""保护单位"": ""绍兴市文化馆、绍兴市非物质文化遗产保护中心""}]"
崂山民间故事,民间文学,"[{""公布时间"": ""2008(第二批)"", ""申报地区或单位"": ""山东省青岛市崂山区"", ""保护单位"": ""青岛市崂山区文化旅游产业协会""}]"
都镇湾故事,民间文学,"[{""公布时间"": ""2008(第二批)"", ""申报地区或单位"": ""湖北省长阳土家族自治县"", ""保护单位"": ""长阳土家族自治县民族民间传统文化保护中心""}]"
盘古神话,民间文学,"[{""公布时间"": ""2008(第二批)"", ""申报地区或单位"": ""河南省桐柏县"", ""保护单位"": ""桐柏县人民文化馆""}, {""公布时间"": ""2008(第二批)"", ""申报地区或单位"": ""河南省泌阳县"", ""保护单位"": ""泌阳县文化馆""}]"
邵原神话群,民间文学,"[{""公布时间"": ""2008(第二批)"", ""申报地区或单位"": ""河南省济源市"", ""保护单位"": ""济源市邵原镇女娲文化研究基地""}]"
嘎达梅林,民间文学,"[{""公布时间"": ""2008(第二批)"", ""申报地区或单位"": ""内蒙古自治区科尔沁左翼中旗"", ""保护单位"": ""科尔沁左翼中旗文化遗产保护中心""}]"
科尔沁潮尔史诗,民间文学,"[{""公布时间"": ""2008(第二批)"", ""申报地区或单位"": ""内蒙古自治区"", ""保护单位"": ""内蒙古师范大学""}]"
仰阿莎,民间文学,"[{""公布时间"": ""2008(第二批)"", ""申报地区或单位"": ""贵州省黔东南苗族侗族自治州"", ""保护单位"": ""黔东南苗族侗族自治州文化研究所""}]"
布依族盘歌,民间文学,"[{""公布时间"": ""2008(第二批)"", ""申报地区或单位"": ""贵州省盘县"", ""保护单位"": ""盘州市非物质文化遗产保护中心""}]"
梅葛,民间文学,"[{""公布时间"": ""2008(第二批)"", ""申报地区或单位"": ""云南省楚雄彝族自治州"", ""保护单位"": ""楚雄彝族自治州非物质文化遗产保护中心""}]"
查姆,民间文学,"[{""公布时间"": ""2008(第二批)"", ""申报地区或单位"": ""云南省双柏县"", ""保护单位"": ""双柏县文化馆""}]"
达古达楞格莱标,民间文学,"[{""公布时间"": ""2008(第二批)"", ""申报地区或单位"": ""云南省德宏傣族景颇族自治州"", ""保护单位"": ""德宏州文化馆""}]"
哈尼哈吧,民间文学,"[{""公布时间"": ""2008(第二批)"", ""申报地区或单位"": ""云南省元阳县"", ""保护单位"": ""元阳县文化馆""}]"
召树屯与喃木诺娜,民间文学,"[{""公布时间"": ""2008(第二批)"", ""申报地区或单位"": ""云南省西双版纳傣族自治州"", ""保护单位"": ""西双版纳傣族自治州文化馆""}]"
米拉尕黑,民间文学,"[{""公布时间"": ""2008(第二批)"", ""申报地区或单位"": ""甘肃省东乡族自治县"", ""保护单位"": ""东乡族自治县文化馆""}]"
康巴拉伊,民间文学,"[{""公布时间"": ""2008(第二批)"", ""申报地区或单位"": ""青海省治多县"", ""保护单位"": ""治多县民族语文工作中心""}]"
汗青格勒,民间文学,"[{""公布时间"": ""2008(第二批)"", ""申报地区或单位"": ""青海省海西蒙古族藏族自治州"", ""保护单位"": ""海西州文化馆（海西州非物质文化遗产传承保护中心、 海西州民族文化体育活动中心）""}]"
维吾尔族达斯坦,民间文学,"[{""公布时间"": ""2008(第二批)"", ""申报地区或单位"": ""新疆维吾尔自治区"", ""保护单位"": ""新疆维吾尔自治区民间文艺家协会""}]"
哈萨克族达斯坦,民间文学,"[{""公布时间"": ""2008(第二批)"", ""申报地区或单位"": ""新疆维吾尔自治区文学艺术界联合会民间文艺家协会"", ""保护单位"": ""新疆维吾尔自治区民间文艺家协会""}, {""公布时间"": ""2008(第二批)"", ""申报地区或单位"": ""新疆维吾尔自治区沙湾县"", ""保护单位"": ""沙湾县文化馆""}, {""公布时间"": ""2008(第二批)"", ""申报地区或单位"": ""新疆维吾尔自治区福海县"", ""保护单位"": ""福海县文化馆""}]"
珠郎娘美,民间文学,"[{""公布时间"": ""2008(第二批)"", ""申报地区或单位"": ""贵州省榕江县"", ""保护单位"": ""榕江县非物质文化遗产保护中心""}, {""公布时间"": ""2008(第二批)"", ""申报地区或单位"": ""贵州省从江县"", ""保护单位"": ""从江县非物质文化遗产保护中心""}]"
司岗里,民间文学,"[{""公布时间"": ""2008(第二批)"", ""申报地区或单位"": ""云南省沧源佤族自治县"", ""保护单位"": ""沧源佤族自治县文化馆""}, {""公布时间"": ""2011(第三批)"", ""申报地区或单位"": ""云南省西盟佤族自治县"", ""保护单位"": ""西盟佤族自治县文化馆""}]"
彝族克智,民间文学,"[{""公布时间"": ""2008(第二批)"", ""申报地区或单位"": ""四川省美姑县"", ""保护单位"": ""美姑县文化馆""}]"
苗族贾理,民间文学,"[{""公布时间"": ""2008(第二批)"", ""申报地区或单位"": ""贵州省黔东南苗族侗族自治州"", ""保护单位"": ""黔东南苗族侗族自治州文化研究所""}]"
藏族婚宴十八说,民间文学,"[{""公布时间"": ""2008(第二批)"", ""申报地区或单位"": ""青海省"", ""保护单位"": ""青海省文化馆""}]"
童谣（北京童谣）,民间文学,"[{""公布时间"": ""2008(第二批)"", ""申报地区或单位"": ""北京市宣武区"", ""保护单位"": ""北京市宣武师范学校附属第一小学""}]"
童谣（闽南童谣）,民间文学,"[{""公布时间"": ""2008(第二批)"", ""申报地区或单位"": ""福建省厦门市"", ""保护单位"": ""厦门市集美区灌口小学（福建省厦门实验小学集美分校）""}]"
童谣（绍兴童谣）,民间文学,"[{""公布时间"": ""2014(第四批)"", ""申报地区或单位"": ""浙江省绍兴市"", ""保护单位"": ""绍兴市文化馆、绍兴市非物质文化遗产保护中心""}]"
童谣（纳西族童谣）,民间文学,"[{""公布时间"": ""2021(第五批)"", ""申报地区或单位"": ""云南省丽江市古城区"", ""保护单位"": ""古城区非物质文化遗产保护管理中心""}]"
桐城歌,民间文学,"[{""公布时间"": ""2008(第二批)"", ""申报地区或单位"": ""安徽省桐城市"", ""保护单位"": ""桐城市文化馆""}]"
土家族梯玛歌,民间文学,"[{""公布时间"": ""2008(第二批)"", ""申报地区或单位"": ""湖南省龙山县"", ""保护单位"": ""龙山县非物质文化遗产保护中心""}]"
雷州歌,民间文学,"[{""公布时间"": ""2008(第二批)"", ""申报地区或单位"": ""广东省雷州市"", ""保护单位"": ""雷州市雷歌研究会""}]"
壮族嘹歌,民间文学,"[{""公布时间"": ""2008(第二批)"", ""申报地区或单位"": ""广西壮族自治区平果县"", ""保护单位"": ""平果市文化体育推广中心（平果市民俗文化传承展示中心）""}]"
柯尔克孜约隆,民间文学,"[{""公布时间"": ""2008(第二批)"", ""申报地区或单位"": ""新疆维吾尔自治区阿克陶县"", ""保护单位"": ""新疆阿克陶县文化馆""}, {""公布时间"": ""2008(第二批)"", ""申报地区或单位"": ""新疆师范大学"", ""保护单位"": ""新疆师范大学""}]"
笑话（万荣笑话）,民间文学,"[{""公布时间"": ""2008(第二批)"", ""申报地区或单位"": ""山西省万荣县"", ""保护单位"": ""万荣县笑话发展协会""}]"
天坛传说,民间文学,"[{""公布时间"": ""2011(第三批)"", ""申报地区或单位"": ""北京市东城区"", ""保护单位"": ""北京市天坛公园管理处""}]"
曹雪芹传说,民间文学,"[{""公布时间"": ""2011(第三批)"", ""申报地区或单位"": ""北京市海淀区"", ""保护单位"": ""北京市植物园""}]"
契丹始祖传说,民间文学,"[{""公布时间"": ""2011(第三批)"", ""申报地区或单位"": ""河北省平泉县"", ""保护单位"": ""平泉市文化馆""}]"
赵氏孤儿传说,民间文学,"[{""公布时间"": ""2011(第三批)"", ""申报地区或单位"": ""山西省盂县"", ""保护单位"": ""盂县人民文化馆""}]"
白马拖缰传说,民间文学,"[{""公布时间"": ""2011(第三批)"", ""申报地区或单位"": ""山西省晋城市城区"", ""保护单位"": ""晋城市城区文化馆""}]"
舜的传说,民间文学,"[{""公布时间"": ""2011(第三批)"", ""申报地区或单位"": ""山西省沁水县"", ""保护单位"": ""沁水县文化馆""}, {""公布时间"": ""2011(第三批)"", ""申报地区或单位"": ""山东省诸城市"", ""保护单位"": ""诸城市文化馆""}]"
禹的传说,民间文学,"[{""公布时间"": ""2011(第三批)"", ""申报地区或单位"": ""四川省汶川县"", ""保护单位"": ""汶川县文化馆""}, {""公布时间"": ""2011(第三批)"", ""申报地区或单位"": ""四川省北川羌族自治县"", ""保护单位"": ""北川羌族自治县文化馆""}]"
禹的传说（武汉大禹治水传说）,民间文学,"[{""公布时间"": ""2021(第五批)"", ""申报地区或单位"": ""湖北省武汉市汉阳区"", ""保护单位"": ""武汉市晴川阁管理处（武汉大禹文化博物馆）""}]"
防风传说,民间文学,"[{""公布时间"": ""2011(第三批)"", ""申报地区或单位"": ""浙江省德清县"", ""保护单位"": ""德清县文化馆""}]"
盘瓠传说,民间文学,"[{""公布时间"": ""2011(第三批)"", ""申报地区或单位"": ""湖南省泸溪县"", ""保护单位"": ""泸溪县非物质文化遗产保护中心""}]"
庄子传说,民间文学,"[{""公布时间"": ""2011(第三批)"", ""申报地区或单位"": ""山东省东明县"", ""保护单位"": ""山东省东明县文化馆""}]"
柳毅传说,民间文学,"[{""公布时间"": ""2011(第三批)"", ""申报地区或单位"": ""山东省潍坊市寒亭区"", ""保护单位"": ""潍坊市寒亭区文化馆""}]"
禅宗祖师传说,民间文学,"[{""公布时间"": ""2011(第三批)"", ""申报地区或单位"": ""湖北省黄梅县"", ""保护单位"": ""黄梅县文化馆""}]"
禅宗祖师传说（六祖传说）,民间文学,"[{""公布时间"": ""2021(第五批)"", ""申报地区或单位"": ""广东省云浮市新兴县"", ""保护单位"": ""新兴县文化馆""}]"
布袋和尚传说,民间文学,"[{""公布时间"": ""2011(第三批)"", ""申报地区或单位"": ""浙江省奉化市"", ""保护单位"": ""宁波市奉化区文化馆""}]"
钱王传说,民间文学,"[{""公布时间"": ""2011(第三批)"", ""申报地区或单位"": ""浙江省临安市"", ""保护单位"": ""杭州市临安区文化馆（杭州市临安区非物质文化遗产保护中心）""}]"
苏东坡传说,民间文学,"[{""公布时间"": ""2011(第三批)"", ""申报地区或单位"": ""浙江省杭州市"", ""保护单位"": ""杭州西湖博物馆总馆（西湖学研究院、杭州西湖风景名胜区网宣中心）""}, {""公布时间"": ""2014(第四批)"", ""申报地区或单位"": ""湖北省黄冈市"", ""保护单位"": ""黄冈市群众艺术馆（黄冈市民俗博物馆）""}]"
王羲之传说,民间文学,"[{""公布时间"": ""2011(第三批)"", ""申报地区或单位"": ""浙江省绍兴市"", ""保护单位"": ""绍兴市文化馆、绍兴市非物质文化遗产保护中心""}]"
李时珍传说,民间文学,"[{""公布时间"": ""2011(第三批)"", ""申报地区或单位"": ""湖北省蕲春县"", ""保护单位"": ""蕲春县文化馆""}]"
蔡伦造纸传说,民间文学,"[{""公布时间"": ""2011(第三批)"", ""申报地区或单位"": ""陕西省汉中市"", ""保护单位"": ""汉中市民间文艺家协会""}]"
牡丹传说,民间文学,"[{""公布时间"": ""2011(第三批)"", ""申报地区或单位"": ""山东省菏泽市牡丹区"", ""保护单位"": ""菏泽市牡丹区文化馆""}]"
泰山传说,民间文学,"[{""公布时间"": ""2011(第三批)"", ""申报地区或单位"": ""山东省泰安市"", ""保护单位"": ""泰安市泰山风景名胜区管理委员会（泰山林场）""}]"
黄鹤楼传说,民间文学,"[{""公布时间"": ""2011(第三批)"", ""申报地区或单位"": ""湖北省武汉市武昌区"", ""保护单位"": ""武汉市黄鹤楼公园管理处""}]"
烂柯山的传说,民间文学,"[{""公布时间"": ""2011(第三批)"", ""申报地区或单位"": ""山西省陵川县"", ""保护单位"": ""陵川县文化馆（陵川县上党梆子传习所）""}, {""公布时间"": ""2011(第三批)"", ""申报地区或单位"": ""浙江省衢州市"", ""保护单位"": ""衢州市文化馆（衢州市非物质文化遗产保护中心）""}]"
珞巴族始祖传说,民间文学,"[{""公布时间"": ""2011(第三批)"", ""申报地区或单位"": ""西藏自治区米林县"", ""保护单位"": ""西藏林芝市米林县文化和旅游局""}]"
阿尼玛卿雪山传说,民间文学,"[{""公布时间"": ""2011(第三批)"", ""申报地区或单位"": ""青海省果洛藏族自治州"", ""保护单位"": ""果洛州文化馆（果洛州非物质文化遗产传承保护中心、果洛州群众体育指导服务中心）""}]"
锡伯族民间故事,民间文学,"[{""公布时间"": ""2011(第三批)"", ""申报地区或单位"": ""辽宁省沈阳市"", ""保护单位"": ""沈阳市于洪区文化旅游体育事务服务中心""}]"
嘉黎民间故事,民间文学,"[{""公布时间"": ""2011(第三批)"", ""申报地区或单位"": ""西藏自治区嘉黎县"", ""保护单位"": ""西藏那曲市嘉黎县文化和旅游局""}]"
海洋动物故事,民间文学,"[{""公布时间"": ""2011(第三批)"", ""申报地区或单位"": ""浙江省洞头县"", ""保护单位"": ""温州市洞头区民间文艺工作者协会""}]"
土家族哭嫁歌,民间文学,"[{""公布时间"": ""2011(第三批)"", ""申报地区或单位"": ""湖南省永顺县"", ""保护单位"": ""永顺县非物质文化遗产保护中心""}, {""公布时间"": ""2011(第三批)"", ""申报地区或单位"": ""湖南省古丈县"", ""保护单位"": ""古丈县非物质文化遗产保护中心""}]"
坡芽情歌,民间文学,"[{""公布时间"": ""2011(第三批)"", ""申报地区或单位"": ""云南省富宁县"", ""保护单位"": ""富宁县文化馆""}]"
祝赞词,民间文学,"[{""公布时间"": ""2011(第三批)"", ""申报地区或单位"": ""内蒙古自治区东乌珠穆沁旗"", ""保护单位"": ""东乌珠穆沁旗文化馆""}, {""公布时间"": ""2011(第三批)"", ""申报地区或单位"": ""新疆维吾尔自治区博湖县"", ""保护单位"": ""博湖县非物质文化遗产保护中心""}, {""公布时间"": ""2011(第三批)"", ""申报地区或单位"": ""新疆维吾尔自治区和布克赛尔蒙古自治县"", ""保护单位"": ""和布克赛尔蒙古自治县非物质文化遗产保护中心""}]"
祝赞词（肃北蒙古族祝赞词）,民间文学,"[{""公布时间"": ""2021(第五批)"", ""申报地区或单位"": ""甘肃省酒泉市肃北蒙古族自治县"", ""保护单位"": ""肃北蒙古族自治县文化馆""}]"
黑暗传,民间文学,"[{""公布时间"": ""2011(第三批)"", ""申报地区或单位"": ""湖北省保康县"", ""保护单位"": ""保康县文化馆""}, {""公布时间"": ""2011(第三批)"", ""申报地区或单位"": ""湖北省神农架林区"", ""保护单位"": ""神农架林区群众艺术馆""}]"
陶克陶胡,民间文学,"[{""公布时间"": ""2011(第三批)"", ""申报地区或单位"": ""吉林省前郭尔罗斯蒙古族自治县"", ""保护单位"": ""前郭尔罗斯蒙古族自治县文化工作总站（前郭县非物质文化遗产保护中心）""}]"
密洛陀,民间文学,"[{""公布时间"": ""2011(第三批)"", ""申报地区或单位"": ""广西壮族自治区都安瑶族自治县"", ""保护单位"": ""都安瑶族自治县文化馆""}]"
亚鲁王,民间文学,"[{""公布时间"": ""2011(第三批)"", ""申报地区或单位"": ""贵州省紫云苗族布依族自治县"", ""保护单位"": ""紫云苗族布依族自治县亚鲁王文化研究中心""}]"
目瑙斋瓦,民间文学,"[{""公布时间"": ""2011(第三批)"", ""申报地区或单位"": ""云南省德宏傣族景颇族自治州"", ""保护单位"": ""德宏州文化馆""}]"
洛奇洛耶与扎斯扎依,民间文学,"[{""公布时间"": ""2011(第三批)"", ""申报地区或单位"": ""云南省墨江哈尼族自治县"", ""保护单位"": ""墨江哈尼族自治县文化馆""}]"
阿细先基,民间文学,"[{""公布时间"": ""2011(第三批)"", ""申报地区或单位"": ""云南省弥勒县"", ""保护单位"": ""弥勒市文化馆""}]"
羌戈大战,民间文学,"[{""公布时间"": ""2011(第三批)"", ""申报地区或单位"": ""四川省汶川县"", ""保护单位"": ""汶川县文化馆""}]"
恰克恰克,民间文学,"[{""公布时间"": ""2011(第三批)"", ""申报地区或单位"": ""新疆维吾尔自治区伊宁市"", ""保护单位"": ""伊宁市文化馆""}]"
酉阳古歌,民间文学,"[{""公布时间"": ""2011(第三批)"", ""申报地区或单位"": ""重庆市酉阳土家族苗族自治县"", ""保护单位"": ""酉阳土家族苗族自治县文化馆（酉阳土家族苗族自治县文化生态保护中心、酉阳土家族苗族自治县非物质文化遗产保护中心）""}]"
谚语（沪谚）,民间文学,"[{""公布时间"": ""2011(第三批)"", ""申报地区或单位"": ""上海市闵行区"", ""保护单位"": ""上海市闵行区浦江镇文化体育事业发展中心""}]"
谚语（陕北民谚）,民间文学,"[{""公布时间"": ""2014(第四批)"", ""申报地区或单位"": ""陕西省榆林市"", ""保护单位"": ""榆林市公共文化服务中心（榆林市博物馆、榆林市图书馆、榆林市文化馆）""}]"
谚语（哈萨克族谚语）,民间文学,"[{""公布时间"": ""2021(第五批)"", ""申报地区或单位"": ""新疆维吾尔自治区伊犁哈萨克自治州特克斯县"", ""保护单位"": ""特克斯县文化馆""}]"
卢沟桥传说,民间文学,"[{""公布时间"": ""2014(第四批)"", ""申报地区或单位"": ""北京市丰台区"", ""保护单位"": ""北京市丰台区文化馆""}]"
鬼谷子传说,民间文学,"[{""公布时间"": ""2014(第四批)"", ""申报地区或单位"": ""河北省临漳县"", ""保护单位"": ""临漳县文化馆""}]"
东海孝妇传说,民间文学,"[{""公布时间"": ""2014(第四批)"", ""申报地区或单位"": ""江苏省连云港市"", ""保护单位"": ""连云港市孝文化研究会""}]"
刘阮传说,民间文学,"[{""公布时间"": ""2014(第四批)"", ""申报地区或单位"": ""浙江省天台县"", ""保护单位"": ""台州市天台山文化研究会""}]"
孔雀东南飞传说,民间文学,"[{""公布时间"": ""2014(第四批)"", ""申报地区或单位"": ""安徽省怀宁县"", ""保护单位"": ""怀宁县文化馆""}, {""公布时间"": ""2014(第四批)"", ""申报地区或单位"": ""安徽省潜山县"", ""保护单位"": ""潜山市文化馆""}]"
老子传说,民间文学,"[{""公布时间"": ""2014(第四批)"", ""申报地区或单位"": ""安徽省涡阳县"", ""保护单位"": ""涡阳县文化馆""}, {""公布时间"": ""2014(第四批)"", ""申报地区或单位"": ""河南省灵宝市"", ""保护单位"": ""灵宝市文化馆""}]"
陈三五娘传说,民间文学,"[{""公布时间"": ""2014(第四批)"", ""申报地区或单位"": ""福建省泉州市洛江区"", ""保护单位"": ""泉州市洛江区文化馆""}]"
胡峄阳传说,民间文学,"[{""公布时间"": ""2014(第四批)"", ""申报地区或单位"": ""山东省青岛市城阳区"", ""保护单位"": ""青岛城阳流亭峄阳文化园""}]"
孟母教子传说,民间文学,"[{""公布时间"": ""2014(第四批)"", ""申报地区或单位"": ""山东省邹城市"", ""保护单位"": ""邹城市文化旅游公共服务中心（邹城市图书馆、邹城市文化馆）""}]"
河图洛书传说,民间文学,"[{""公布时间"": ""2014(第四批)"", ""申报地区或单位"": ""河南省洛阳市"", ""保护单位"": ""洛阳市文化馆（洛阳市非物质文化遗产保护中心）""}]"
杞人忧天传说,民间文学,"[{""公布时间"": ""2014(第四批)"", ""申报地区或单位"": ""河南省杞县"", ""保护单位"": ""杞县人民文化馆（杞县送戏下乡艺术团）""}]"
三国传说,民间文学,"[{""公布时间"": ""2014(第四批)"", ""申报地区或单位"": ""湖北省"", ""保护单位"": ""湖北省群众艺术馆（湖北省非物质文化遗产保护中心）""}]"
伯牙子期传说,民间文学,"[{""公布时间"": ""2014(第四批)"", ""申报地区或单位"": ""湖北省武汉市"", ""保护单位"": ""武汉市群众艺术馆""}]"
尹吉甫传说,民间文学,"[{""公布时间"": ""2014(第四批)"", ""申报地区或单位"": ""湖北省房县"", ""保护单位"": ""房县文化馆""}]"
苏仙传说,民间文学,"[{""公布时间"": ""2014(第四批)"", ""申报地区或单位"": ""湖南省郴州市苏仙区"", ""保护单位"": ""郴州市苏仙区文化馆""}]"
毕阿史拉则传说,民间文学,"[{""公布时间"": ""2014(第四批)"", ""申报地区或单位"": ""四川省金阳县"", ""保护单位"": ""金阳县文化馆""}]"
仓颉传说,民间文学,"[{""公布时间"": ""2014(第四批)"", ""申报地区或单位"": ""陕西省洛南县"", ""保护单位"": ""洛南县文化馆""}, {""公布时间"": ""2014(第四批)"", ""申报地区或单位"": ""陕西省白水县"", ""保护单位"": ""白水县文化馆""}]"
骆驼泉传说,民间文学,"[{""公布时间"": ""2014(第四批)"", ""申报地区或单位"": ""青海省循化撒拉族自治县"", ""保护单位"": ""循化撒拉族自治县文化馆""}]"
回族民间故事,民间文学,"[{""公布时间"": ""2014(第四批)"", ""申报地区或单位"": ""宁夏回族自治区泾源县"", ""保护单位"": ""泾源县文化馆""}]"
广禅侯故事,民间文学,"[{""公布时间"": ""2014(第四批)"", ""申报地区或单位"": ""山西省阳城县"", ""保护单位"": ""阳城县文化馆""}]"
解缙故事,民间文学,"[{""公布时间"": ""2014(第四批)"", ""申报地区或单位"": ""江西省吉水县"", ""保护单位"": ""吉水县文化馆""}]"
壮族百鸟衣故事,民间文学,"[{""公布时间"": ""2014(第四批)"", ""申报地区或单位"": ""广西壮族自治区横县"", ""保护单位"": ""横县文化馆（横县非物质文化遗产保护中心）""}]"
阿凡提故事,民间文学,"[{""公布时间"": ""2014(第四批)"", ""申报地区或单位"": ""新疆维吾尔自治区喀什地区"", ""保护单位"": ""喀什地区文化馆""}]"
广阳镇民间故事,民间文学,"[{""公布时间"": ""2014(第四批)"", ""申报地区或单位"": ""重庆市南岸区"", ""保护单位"": ""重庆市南岸区文化馆""}]"
西王母神话,民间文学,"[{""公布时间"": ""2014(第四批)"", ""申报地区或单位"": ""新疆维吾尔自治区阜康市"", ""保护单位"": ""新疆天池管理委员会（新疆天山天池风景名胜区管理委员会、新疆天池博格达峰自然保护区管理局）""}]"
盘王大歌,民间文学,"[{""公布时间"": ""2014(第四批)"", ""申报地区或单位"": ""湖南省江华瑶族自治县"", ""保护单位"": ""江华瑶族自治县文化馆""}]"
玛牧,民间文学,"[{""公布时间"": ""2014(第四批)"", ""申报地区或单位"": ""四川省喜德县"", ""保护单位"": ""喜德县文化馆（喜德县美术馆）""}]"
黑白战争,民间文学,"[{""公布时间"": ""2014(第四批)"", ""申报地区或单位"": ""云南省丽江市古城区"", ""保护单位"": ""古城区非物质文化遗产保护管理中心""}]"
祁家延西,民间文学,"[{""公布时间"": ""2014(第四批)"", ""申报地区或单位"": ""青海省互助土族自治县"", ""保护单位"": ""互助土族自治县文化馆""}]"
常山喝彩歌谣,民间文学,"[{""公布时间"": ""2014(第四批)"", ""申报地区或单位"": ""浙江省常山县"", ""保护单位"": ""常山县文化馆""}]"
八大处传说,民间文学,"[{""公布时间"": ""2021(第五批)"", ""申报地区或单位"": ""北京市石景山区"", ""保护单位"": ""北京市八大处公园管理处""}]"
玄奘传说,民间文学,"[{""公布时间"": ""2021(第五批)"", ""申报地区或单位"": ""河南省洛阳市偃师区"", ""保护单位"": ""洛阳市偃师区人民文化馆""}]"
女娲传说,民间文学,"[{""公布时间"": ""2021(第五批)"", ""申报地区或单位"": ""湖北省十堰市竹山县"", ""保护单位"": ""竹山县文化馆""}]"
老司城传说,民间文学,"[{""公布时间"": ""2021(第五批)"", ""申报地区或单位"": ""湖南省湘西土家族苗族自治州永顺县"", ""保护单位"": ""永顺县非物质文化遗产保护中心""}]"
珠玑巷人南迁传说,民间文学,"[{""公布时间"": ""2021(第五批)"", ""申报地区或单位"": ""广东省韶关市南雄市"", ""保护单位"": ""南雄市非物质文化遗产传承保护中心""}]"
张骞传说,民间文学,"[{""公布时间"": ""2021(第五批)"", ""申报地区或单位"": ""陕西省汉中市城固县"", ""保护单位"": ""城固县文化馆""}]"
藏族民间传说（年保玉则传说）,民间文学,"[{""公布时间"": ""2021(第五批)"", ""申报地区或单位"": ""青海省果洛藏族自治州久治县"", ""保护单位"": ""久治县文化馆""}]"
鄂温克族民间故事,民间文学,"[{""公布时间"": ""2021(第五批)"", ""申报地区或单位"": ""内蒙古自治区呼伦贝尔市鄂温克族自治旗"", ""保护单位"": ""鄂温克族自治旗文化旅游事业发展中心（鄂温克族自治旗文化馆、鄂温克族自治旗非物质文化遗产保护中心）""}]"
包公故事,民间文学,"[{""公布时间"": ""2021(第五批)"", ""申报地区或单位"": ""安徽省合肥市"", ""保护单位"": ""合肥市文化馆""}]"
仫佬族古歌,民间文学,"[{""公布时间"": ""2021(第五批)"", ""申报地区或单位"": ""广西壮族自治区河池市罗城仫佬族自治县"", ""保护单位"": ""罗城仫佬族自治县文化馆""}]"
巴狄雄萨滚,民间文学,"[{""公布时间"": ""2021(第五批)"", ""申报地区或单位"": ""贵州省铜仁市松桃苗族自治县"", ""保护单位"": ""松桃苗族自治县文化馆""}]"
都玛简收,民间文学,"[{""公布时间"": ""2021(第五批)"", ""申报地区或单位"": ""云南省红河哈尼族彝族自治州绿春县"", ""保护单位"": ""绿春县文化馆（绿春县非物质文化遗产保护中心）""}]"
左权开花调,传统音乐,"[{""公布时间"": ""2006(第一批)"", ""申报地区或单位"": ""山西省左权县"", ""保护单位"": ""左权县人民文化馆""}]"
河曲民歌,传统音乐,"[{""公布时间"": ""2006(第一批)"", ""申报地区或单位"": ""山西省河曲县"", ""保护单位"": ""河曲县宣传事务中心""}]"
蒙古族长调民歌,传统音乐,"[{""公布时间"": ""2006(第一批)"", ""申报地区或单位"": ""内蒙古自治区"", ""保护单位"": ""内蒙古自治区艺术研究院（内蒙古自治区非物质文化遗产保护中心）""}, {""公布时间"": ""2008(第二批)"", ""申报地区或单位"": ""新疆维吾尔自治区巴音郭楞蒙古自治州"", ""保护单位"": ""新疆巴音郭楞蒙古自治州文化馆""}, {""公布时间"": ""2008(第二批)"", ""申报地区或单位"": ""新疆维吾尔自治区和布克赛尔蒙古自治县"", ""保护单位"": ""和布克赛尔蒙古自治县非物质文化遗产保护中心""}]"
蒙古族长调民歌（巴尔虎长调）,传统音乐,"[{""公布时间"": ""2014(第四批)"", ""申报地区或单位"": ""内蒙古自治区新巴尔虎左旗"", ""保护单位"": ""新巴尔虎左旗文化馆（新巴尔虎左旗美术馆、新巴尔虎左旗非物质文化遗产保护中心）""}]"
蒙古族长调民歌（乌珠穆沁长调）,传统音乐,"[{""公布时间"": ""2021(第五批)"", ""申报地区或单位"": ""内蒙古自治区锡林郭勒盟西乌珠穆沁旗"", ""保护单位"": ""西乌珠穆沁旗文化旅游事业发展中心""}]"
蒙古族呼麦,传统音乐,"[{""公布时间"": ""2006(第一批)"", ""申报地区或单位"": ""内蒙古自治区"", ""保护单位"": ""内蒙古自治区艺术研究院（内蒙古自治区非物质文化遗产保护中心）""}, {""公布时间"": ""2008(第二批)"", ""申报地区或单位"": ""新疆维吾尔自治区阿勒泰地区"", ""保护单位"": ""阿勒泰市文化馆（阿勒泰市非物质文化遗产保护中心、阿勒泰市美术馆）""}]"
当涂民歌,传统音乐,"[{""公布时间"": ""2006(第一批)"", ""申报地区或单位"": ""安徽省马鞍山市"", ""保护单位"": ""当涂县文化馆""}]"
巢湖民歌,传统音乐,"[{""公布时间"": ""2006(第一批)"", ""申报地区或单位"": ""安徽省巢湖市"", ""保护单位"": ""巢湖市文化馆""}]"
畲族民歌,传统音乐,"[{""公布时间"": ""2006(第一批)"", ""申报地区或单位"": ""福建省宁德市"", ""保护单位"": ""宁德市艺术馆""}, {""公布时间"": ""2008(第二批)"", ""申报地区或单位"": ""浙江省景宁畲族自治县"", ""保护单位"": ""景宁畲族自治县文物和非遗保护中心""}, {""公布时间"": ""2011(第三批)"", ""申报地区或单位"": ""浙江省泰顺县"", ""保护单位"": ""泰顺县非物质文化遗产保护中心（泰顺县廊桥申遗和保护研究中心）""}]"
兴国山歌,传统音乐,"[{""公布时间"": ""2006(第一批)"", ""申报地区或单位"": ""江西省兴国县"", ""保护单位"": ""兴国县文化馆""}]"
兴山民歌,传统音乐,"[{""公布时间"": ""2006(第一批)"", ""申报地区或单位"": ""湖北省兴山县"", ""保护单位"": ""兴山县文化馆""}]"
桑植民歌,传统音乐,"[{""公布时间"": ""2006(第一批)"", ""申报地区或单位"": ""湖南省桑植县"", ""保护单位"": ""桑植县非物质文化遗产保护中心""}]"
梅州客家山歌,传统音乐,"[{""公布时间"": ""2006(第一批)"", ""申报地区或单位"": ""广东省梅州市"", ""保护单位"": ""梅州市文化馆（梅州市非物质文化遗产保护中心）""}]"
中山咸水歌,传统音乐,"[{""公布时间"": ""2006(第一批)"", ""申报地区或单位"": ""广东省中山市"", ""保护单位"": ""中山市文化馆""}]"
崖州民歌,传统音乐,"[{""公布时间"": ""2006(第一批)"", ""申报地区或单位"": ""海南省三亚市"", ""保护单位"": ""三亚市群众艺术馆""}, {""公布时间"": ""2008(第二批)"", ""申报地区或单位"": ""海南省乐东黎族自治县"", ""保护单位"": ""乐东黎族自治县文化馆""}]"
儋州调声,传统音乐,"[{""公布时间"": ""2006(第一批)"", ""申报地区或单位"": ""海南省儋州市"", ""保护单位"": ""儋州市文化馆""}]"
石柱土家啰儿调,传统音乐,"[{""公布时间"": ""2006(第一批)"", ""申报地区或单位"": ""重庆市石柱土家族自治县"", ""保护单位"": ""石柱土家族自治县文化生态保护管理中心""}]"
巴山背二歌,传统音乐,"[{""公布时间"": ""2006(第一批)"", ""申报地区或单位"": ""四川省巴中市"", ""保护单位"": ""巴中市文化馆""}]"
傈僳族民歌,传统音乐,"[{""公布时间"": ""2006(第一批)"", ""申报地区或单位"": ""云南省怒江傈僳族自治州"", ""保护单位"": ""怒江傈僳族自治州文化馆""}, {""公布时间"": ""2006(第一批)"", ""申报地区或单位"": ""云南省泸水县"", ""保护单位"": ""泸水市文化馆""}]"
紫阳民歌,传统音乐,"[{""公布时间"": ""2006(第一批)"", ""申报地区或单位"": ""陕西省紫阳县"", ""保护单位"": ""紫阳县文化馆""}]"
裕固族民歌,传统音乐,"[{""公布时间"": ""2006(第一批)"", ""申报地区或单位"": ""甘肃省肃南裕固族自治县"", ""保护单位"": ""肃南裕固族自治县非物质文化遗产保护传承中心""}]"
花儿（莲花山花儿会）,传统音乐,"[{""公布时间"": ""2006(第一批)"", ""申报地区或单位"": ""甘肃省康乐县"", ""保护单位"": ""康乐县文化馆""}]"
花儿（松鸣岩花儿会）,传统音乐,"[{""公布时间"": ""2006(第一批)"", ""申报地区或单位"": ""甘肃省和政县"", ""保护单位"": ""和政县文化馆""}]"
花儿（二郎山花儿会）,传统音乐,"[{""公布时间"": ""2006(第一批)"", ""申报地区或单位"": ""甘肃省岷县"", ""保护单位"": ""岷县文化馆""}]"
花儿（老爷山花儿会）,传统音乐,"[{""公布时间"": ""2006(第一批)"", ""申报地区或单位"": ""青海省大通回族土族自治县"", ""保护单位"": ""大通回族土族自治县文化馆""}]"
花儿（丹麻土族花儿会）,传统音乐,"[{""公布时间"": ""2006(第一批)"", ""申报地区或单位"": ""青海省互助土族自治县"", ""保护单位"": ""互助土族自治县文化馆""}]"
花儿（瞿昙寺花儿会）,传统音乐,"[{""公布时间"": ""2006(第一批)"", ""申报地区或单位"": ""青海省乐都县"", ""保护单位"": ""海东市乐都区文化馆""}]"
花儿（七里寺花儿会）,传统音乐,"[{""公布时间"": ""2006(第一批)"", ""申报地区或单位"": ""青海省民和回族土族自治县"", ""保护单位"": ""民和回族土族自治县文化馆""}]"
花儿（宁夏回族山花儿）,传统音乐,"[{""公布时间"": ""2006(第一批)"", ""申报地区或单位"": ""宁夏回族自治区"", ""保护单位"": ""宁夏回族自治区文化馆（宁夏回族自治区非物质文化遗产保护中心、宁夏回族自治区展览馆）""}]"
花儿（新疆花儿）,传统音乐,"[{""公布时间"": ""2008(第二批)"", ""申报地区或单位"": ""新疆维吾尔自治区昌吉回族自治州"", ""保护单位"": ""乌鲁木齐市米东区文化馆""}, {""公布时间"": ""2008(第二批)"", ""申报地区或单位"": ""新疆维吾尔自治区巴音郭楞蒙古自治州"", ""保护单位"": ""焉耆回族自治县文化馆""}]"
花儿（张家川花儿）,传统音乐,"[{""公布时间"": ""2014(第四批)"", ""申报地区或单位"": ""甘肃省张家川回族自治县"", ""保护单位"": ""张家川回族自治县文化馆""}]"
藏族拉伊,传统音乐,"[{""公布时间"": ""2006(第一批)"", ""申报地区或单位"": ""青海省海南藏族自治州"", ""保护单位"": ""海南藏族自治州文化馆（海南藏族自治州非物质文化遗产传承保护中心）""}]"
藏族拉伊（那曲拉伊）,传统音乐,"[{""公布时间"": ""2014(第四批)"", ""申报地区或单位"": ""西藏自治区那曲地区"", ""保护单位"": ""西藏那曲市群众艺术馆""}]"
聊斋俚曲,传统音乐,"[{""公布时间"": ""2006(第一批)"", ""申报地区或单位"": ""山东省淄博市"", ""保护单位"": ""淄川区聊斋俚曲艺术团""}]"
靖州苗族歌鼟,传统音乐,"[{""公布时间"": ""2006(第一批)"", ""申报地区或单位"": ""湖南省靖州苗族侗族自治县"", ""保护单位"": ""靖州苗族侗族自治县博物馆（靖州苗族侗族自治县非物质文化遗产保护中心）""}]"
川江号子,传统音乐,"[{""公布时间"": ""2006(第一批)"", ""申报地区或单位"": ""重庆市"", ""保护单位"": ""重庆市文化研究院（重庆市非物质文化遗产保护中心、重庆市文化行业特有工种职业技能鉴定站）""}, {""公布时间"": ""2006(第一批)"", ""申报地区或单位"": ""四川省"", ""保护单位"": ""四川省艺术研究院""}]"
南溪号子,传统音乐,"[{""公布时间"": ""2006(第一批)"", ""申报地区或单位"": ""重庆市黔江区"", ""保护单位"": ""重庆市黔江区文化生态保护管理中心""}]"
木洞山歌,传统音乐,"[{""公布时间"": ""2006(第一批)"", ""申报地区或单位"": ""重庆市巴南区"", ""保护单位"": ""重庆市巴南区木洞镇文化服务中心""}]"
川北薅草锣鼓,传统音乐,"[{""公布时间"": ""2006(第一批)"", ""申报地区或单位"": ""四川省青川县"", ""保护单位"": ""青川县文化馆""}]"
薅草锣鼓（武宁打鼓歌）,传统音乐,"[{""公布时间"": ""2008(第二批)"", ""申报地区或单位"": ""江西省武宁县"", ""保护单位"": ""武宁县文化旅游发展中心""}]"
薅草锣鼓（宜昌薅草锣鼓）,传统音乐,"[{""公布时间"": ""2008(第二批)"", ""申报地区或单位"": ""湖北省宜昌市"", ""保护单位"": ""宜昌市夷陵区文化馆""}]"
薅草锣鼓（五峰土家族薅草锣鼓）,传统音乐,"[{""公布时间"": ""2008(第二批)"", ""申报地区或单位"": ""湖北省五峰土家族自治县"", ""保护单位"": ""五峰土家族自治县文化馆""}]"
薅草锣鼓（兴山薅草锣鼓）,传统音乐,"[{""公布时间"": ""2008(第二批)"", ""申报地区或单位"": ""湖北省兴山县"", ""保护单位"": ""兴山县文化馆""}]"
薅草锣鼓（宣恩薅草锣鼓）,传统音乐,"[{""公布时间"": ""2008(第二批)"", ""申报地区或单位"": ""湖北省宣恩县"", ""保护单位"": ""宣恩县文化馆""}]"
薅草锣鼓（长阳山歌）,传统音乐,"[{""公布时间"": ""2008(第二批)"", ""申报地区或单位"": ""湖北省长阳土家族自治县"", ""保护单位"": ""长阳土家族自治县民族民间传统文化保护中心""}]"
薅草锣鼓（川东土家族薅草锣鼓）,传统音乐,"[{""公布时间"": ""2008(第二批)"", ""申报地区或单位"": ""四川省宣汉县"", ""保护单位"": ""宣汉县文化馆（宣汉县美术馆）""}]"
薅草锣鼓（金湖秧歌）,传统音乐,"[{""公布时间"": ""2014(第四批)"", ""申报地区或单位"": ""江苏省金湖县"", ""保护单位"": ""金湖县文化馆""}]"
侗族大歌,传统音乐,"[{""公布时间"": ""2006(第一批)"", ""申报地区或单位"": ""贵州省黎平县"", ""保护单位"": ""黎平县非物质文化遗产保护中心""}, {""公布时间"": ""2006(第一批)"", ""申报地区或单位"": ""广西壮族自治区柳州市"", ""保护单位"": ""柳州市群众艺术馆""}, {""公布时间"": ""2006(第一批)"", ""申报地区或单位"": ""广西壮族自治区三江侗族自治县"", ""保护单位"": ""三江侗族自治县文化馆（三江侗族自治县非物质文化遗产保护与发展中心）""}, {""公布时间"": ""2008(第二批)"", ""申报地区或单位"": ""贵州省从江县"", ""保护单位"": ""从江县非物质文化遗产保护中心""}, {""公布时间"": ""2008(第二批)"", ""申报地区或单位"": ""贵州省榕江县"", ""保护单位"": ""榕江县非物质文化遗产保护中心""}]"
侗族琵琶歌,传统音乐,"[{""公布时间"": ""2006(第一批)"", ""申报地区或单位"": ""贵州省榕江县"", ""保护单位"": ""榕江县非物质文化遗产保护中心""}, {""公布时间"": ""2006(第一批)"", ""申报地区或单位"": ""贵州省黎平县"", ""保护单位"": ""黎平县非物质文化遗产保护中心""}, {""公布时间"": ""2011(第三批)"", ""申报地区或单位"": ""贵州省从江县"", ""保护单位"": ""从江县非物质文化遗产保护中心""}]"
哈尼族多声部民歌,传统音乐,"[{""公布时间"": ""2006(第一批)"", ""申报地区或单位"": ""云南省红河哈尼族彝族自治州"", ""保护单位"": ""红河哈尼族彝族自治州非物质文化遗产保护中心""}]"
多声部民歌（潮尔道-蒙古族合声演唱）,传统音乐,"[{""公布时间"": ""2008(第二批)"", ""申报地区或单位"": ""内蒙古自治区锡林浩特市"", ""保护单位"": ""锡林浩特市全民健身服务中心""}]"
多声部民歌（瑶族蝴蝶歌）,传统音乐,"[{""公布时间"": ""2008(第二批)"", ""申报地区或单位"": ""广西壮族自治区富川瑶族自治县"", ""保护单位"": ""富川瑶族自治县文化馆""}]"
多声部民歌（壮族三声部民歌）,传统音乐,"[{""公布时间"": ""2008(第二批)"", ""申报地区或单位"": ""广西壮族自治区马山县"", ""保护单位"": ""马山县文化馆""}]"
多声部民歌（羌族多声部民歌）,传统音乐,"[{""公布时间"": ""2008(第二批)"", ""申报地区或单位"": ""四川省松潘县"", ""保护单位"": ""松潘县文化馆""}]"
多声部民歌（硗碛多声部民歌）,传统音乐,"[{""公布时间"": ""2008(第二批)"", ""申报地区或单位"": ""四川省雅安市"", ""保护单位"": ""宝兴县文化馆""}]"
多声部民歌（苗族多声部民歌）,传统音乐,"[{""公布时间"": ""2008(第二批)"", ""申报地区或单位"": ""贵州省台江县"", ""保护单位"": ""台江县非物质文化遗产保护中心""}, {""公布时间"": ""2008(第二批)"", ""申报地区或单位"": ""贵州省剑河县"", ""保护单位"": ""剑河县非物质文化遗产保护中心""}]"
多声部民歌（潮尔道-阿巴嘎潮尔）,传统音乐,"[{""公布时间"": ""2011(第三批)"", ""申报地区或单位"": ""内蒙古自治区阿巴嘎旗"", ""保护单位"": ""阿巴嘎旗文化馆""}]"
多声部民歌（阿尔麦多声部民歌）,传统音乐,"[{""公布时间"": ""2014(第四批)"", ""申报地区或单位"": ""四川省黑水县"", ""保护单位"": ""黑水县文化馆""}]"
彝族海菜腔,传统音乐,"[{""公布时间"": ""2006(第一批)"", ""申报地区或单位"": ""云南省红河哈尼族彝族自治州"", ""保护单位"": ""石屏县文化馆""}]"
那坡壮族民歌,传统音乐,"[{""公布时间"": ""2006(第一批)"", ""申报地区或单位"": ""广西壮族自治区那坡县"", ""保护单位"": ""那坡县文化馆""}]"
澧水船工号子,传统音乐,"[{""公布时间"": ""2006(第一批)"", ""申报地区或单位"": ""湖南省澧县"", ""保护单位"": ""澧县文化馆""}]"
古琴艺术,传统音乐,"[{""公布时间"": ""2006(第一批)"", ""申报地区或单位"": ""中国艺术研究院"", ""保护单位"": ""中国艺术研究院""}, {""公布时间"": ""2014(第四批)"", ""申报地区或单位"": ""北京市大兴区"", ""保护单位"": ""北京钧天坊古琴文化艺术传播有限公司""}, {""公布时间"": ""2014(第四批)"", ""申报地区或单位"": ""香港特别行政区"", ""保护单位"": ""蔡昌寿及蔡昌寿斲琴学会""}, {""公布时间"": ""2021(第五批)"", ""申报地区或单位"": ""陕西省"", ""保护单位"": ""陕西省艺术研究院""}]"
古琴艺术（虞山琴派）,传统音乐,"[{""公布时间"": ""2008(第二批)"", ""申报地区或单位"": ""江苏省常熟市"", ""保护单位"": ""常熟市虞山琴派艺术工作室""}]"
古琴艺术（广陵琴派）,传统音乐,"[{""公布时间"": ""2008(第二批)"", ""申报地区或单位"": ""江苏省扬州市"", ""保护单位"": ""扬州市文化馆""}]"
古琴艺术（金陵琴派）,传统音乐,"[{""公布时间"": ""2008(第二批)"", ""申报地区或单位"": ""江苏省南京市"", ""保护单位"": ""南京市秦淮区文化馆""}]"
古琴艺术（梅庵琴派）,传统音乐,"[{""公布时间"": ""2008(第二批)"", ""申报地区或单位"": ""江苏省南通市"", ""保护单位"": ""南通市非物质文化遗产研究会""}, {""公布时间"": ""2008(第二批)"", ""申报地区或单位"": ""江苏省镇江市"", ""保护单位"": ""镇江梦溪琴社""}]"
古琴艺术（浙派）,传统音乐,"[{""公布时间"": ""2008(第二批)"", ""申报地区或单位"": ""浙江省杭州市"", ""保护单位"": ""杭州市文化馆（杭州市非物质文化遗产保护中心）""}]"
古琴艺术（诸城派）,传统音乐,"[{""公布时间"": ""2008(第二批)"", ""申报地区或单位"": ""山东省诸城市"", ""保护单位"": ""诸城市文化馆""}]"
古琴艺术（岭南派）,传统音乐,"[{""公布时间"": ""2008(第二批)"", ""申报地区或单位"": ""广东省广州市"", ""保护单位"": ""广州市海珠区文化馆（广州市海珠区非物质文化遗产保护中心）""}]"
蒙古族马头琴音乐,传统音乐,"[{""公布时间"": ""2006(第一批)"", ""申报地区或单位"": ""内蒙古自治区"", ""保护单位"": ""内蒙古自治区艺术研究院（内蒙古自治区非物质文化遗产保护中心）""}, {""公布时间"": ""2008(第二批)"", ""申报地区或单位"": ""吉林省前郭尔罗斯蒙古族自治县"", ""保护单位"": ""前郭尔罗斯蒙古族自治县民族歌舞传习中心（马头琴乐团）""}]"
蒙古族马头琴音乐（蒙古勒津马头琴音乐）,传统音乐,"[{""公布时间"": ""2021(第五批)"", ""申报地区或单位"": ""辽宁省阜新市"", ""保护单位"": ""阜新蒙古族自治县文化体育旅游服务中心""}]"
蒙古族四胡音乐,传统音乐,"[{""公布时间"": ""2006(第一批)"", ""申报地区或单位"": ""内蒙古自治区通辽市"", ""保护单位"": ""通辽市民族歌舞团""}, {""公布时间"": ""2008(第二批)"", ""申报地区或单位"": ""吉林省前郭尔罗斯蒙古族自治县"", ""保护单位"": ""前郭尔罗斯蒙古族自治县草原文化馆""}, {""公布时间"": ""2008(第二批)"", ""申报地区或单位"": ""黑龙江省杜尔伯特蒙古族自治县"", ""保护单位"": ""杜尔伯特蒙古族自治县博物馆""}, {""公布时间"": ""2014(第四批)"", ""申报地区或单位"": ""内蒙古自治区科尔沁右翼中旗"", ""保护单位"": ""科尔沁右翼中旗文化馆""}]"
唢呐艺术,传统音乐,"[{""公布时间"": ""2006(第一批)"", ""申报地区或单位"": ""河南省沁阳市"", ""保护单位"": ""沁阳市文化馆（沁阳市非物质文化遗产保中心）""}, {""公布时间"": ""2006(第一批)"", ""申报地区或单位"": ""甘肃省庆阳市"", ""保护单位"": ""庆阳市西峰区文化馆""}]"
唢呐艺术（唐山花吹）,传统音乐,"[{""公布时间"": ""2008(第二批)"", ""申报地区或单位"": ""河北省曹妃甸区"", ""保护单位"": ""唐山市曹妃甸区文化馆""}]"
唢呐艺术（丰宁满族吵子会）,传统音乐,"[{""公布时间"": ""2008(第二批)"", ""申报地区或单位"": ""河北省丰宁满族自治县"", ""保护单位"": ""丰宁满族自治县非物质文化遗产保护中心""}]"
唢呐艺术（晋北鼓吹）,传统音乐,"[{""公布时间"": ""2008(第二批)"", ""申报地区或单位"": ""山西省阳高县"", ""保护单位"": ""阳高县文化馆""}, {""公布时间"": ""2008(第二批)"", ""申报地区或单位"": ""山西省忻州市"", ""保护单位"": ""忻州市忻府区文化馆""}]"
唢呐艺术（上党八音会）,传统音乐,"[{""公布时间"": ""2008(第二批)"", ""申报地区或单位"": ""山西省长子县"", ""保护单位"": ""长子县文化馆""}]"
唢呐艺术（上党乐户班社）,传统音乐,"[{""公布时间"": ""2008(第二批)"", ""申报地区或单位"": ""山西省壶关县"", ""保护单位"": ""壶关县牛府鼓乐班社""}]"
唢呐艺术（丹东鼓乐）,传统音乐,"[{""公布时间"": ""2008(第二批)"", ""申报地区或单位"": ""辽宁省丹东市"", ""保护单位"": ""丹东市文化体育旅游发展服务中心""}]"
唢呐艺术（杨小班鼓吹乐棚）,传统音乐,"[{""公布时间"": ""2008(第二批)"", ""申报地区或单位"": ""黑龙江省肇州县"", ""保护单位"": ""肇州县非物质文化遗产保护中心""}]"
唢呐艺术（于都唢呐公婆吹）,传统音乐,"[{""公布时间"": ""2008(第二批)"", ""申报地区或单位"": ""江西省于都县"", ""保护单位"": ""于都县文化馆""}]"
唢呐艺术（万载得胜鼓）,传统音乐,"[{""公布时间"": ""2008(第二批)"", ""申报地区或单位"": ""江西省万载县"", ""保护单位"": ""万载县文化馆""}]"
唢呐艺术（邹城平派鼓吹乐）,传统音乐,"[{""公布时间"": ""2008(第二批)"", ""申报地区或单位"": ""山东省邹城市"", ""保护单位"": ""邹城市文化旅游公共服务中心（邹城市图书馆、邹城市文化馆）""}]"
唢呐艺术（沮水呜音）,传统音乐,"[{""公布时间"": ""2008(第二批)"", ""申报地区或单位"": ""湖北省保康县"", ""保护单位"": ""保康县文化馆""}]"
唢呐艺术（呜音喇叭）,传统音乐,"[{""公布时间"": ""2008(第二批)"", ""申报地区或单位"": ""湖北省南漳县"", ""保护单位"": ""南漳县文化馆""}]"
唢呐艺术（远安呜音）,传统音乐,"[{""公布时间"": ""2008(第二批)"", ""申报地区或单位"": ""湖北省远安县"", ""保护单位"": ""远安县文化馆""}]"
唢呐艺术（青山唢呐）,传统音乐,"[{""公布时间"": ""2008(第二批)"", ""申报地区或单位"": ""湖南省湘潭县"", ""保护单位"": ""湘潭县文化馆""}]"
唢呐艺术（永城吹打）,传统音乐,"[{""公布时间"": ""2008(第二批)"", ""申报地区或单位"": ""重庆市綦江区"", ""保护单位"": ""重庆市綦江区文化馆""}]"
唢呐艺术（绥米唢呐）,传统音乐,"[{""公布时间"": ""2008(第二批)"", ""申报地区或单位"": ""陕西省绥德县"", ""保护单位"": ""绥德县文化馆""}, {""公布时间"": ""2008(第二批)"", ""申报地区或单位"": ""陕西省米脂县"", ""保护单位"": ""米脂县文化馆（米脂县戏曲研究中心）""}]"
唢呐艺术（徐州鼓吹乐）,传统音乐,"[{""公布时间"": ""2011(第三批)"", ""申报地区或单位"": ""江苏省徐州市"", ""保护单位"": ""徐州文化馆""}]"
唢呐艺术（砀山唢呐）,传统音乐,"[{""公布时间"": ""2011(第三批)"", ""申报地区或单位"": ""安徽省宿州市"", ""保护单位"": ""砀山县文化馆""}]"
唢呐艺术（长汀公嫲吹）,传统音乐,"[{""公布时间"": ""2011(第三批)"", ""申报地区或单位"": ""福建省长汀县"", ""保护单位"": ""福建省长汀县文化馆""}]"
唢呐艺术（临县大唢呐）,传统音乐,"[{""公布时间"": ""2014(第四批)"", ""申报地区或单位"": ""山西省临县"", ""保护单位"": ""临县大唢呐培训活动中心""}]"
唢呐艺术（灵璧菠林喇叭）,传统音乐,"[{""公布时间"": ""2014(第四批)"", ""申报地区或单位"": ""安徽省灵璧县"", ""保护单位"": ""灵璧县文化馆""}]"
唢呐艺术（五台八大套）,传统音乐,"[{""公布时间"": ""2021(第五批)"", ""申报地区或单位"": ""山西省忻州市五台县"", ""保护单位"": ""五台《山西八大套》研究会""}]"
唢呐艺术（子长唢呐）,传统音乐,"[{""公布时间"": ""2021(第五批)"", ""申报地区或单位"": ""陕西省延安市子长市"", ""保护单位"": ""子长市文化馆""}]"
羌笛演奏及制作技艺,传统音乐,"[{""公布时间"": ""2006(第一批)"", ""申报地区或单位"": ""四川省茂县"", ""保护单位"": ""茂县文化馆""}]"
辽宁鼓乐,传统音乐,"[{""公布时间"": ""2006(第一批)"", ""申报地区或单位"": ""辽宁省"", ""保护单位"": ""辽宁省文化遗产保护中心（辽宁省非物质文化遗产保护中心）""}, {""公布时间"": ""2006(第一批)"", ""申报地区或单位"": ""辽宁省辽阳市"", ""保护单位"": ""辽阳市公共文化和体育事务服务中心""}]"
江南丝竹,传统音乐,"[{""公布时间"": ""2006(第一批)"", ""申报地区或单位"": ""上海市"", ""保护单位"": ""上海市群众艺术馆（上海市非物质文化遗产保护中心）""}, {""公布时间"": ""2006(第一批)"", ""申报地区或单位"": ""江苏省太仓市"", ""保护单位"": ""太仓市文化馆""}, {""公布时间"": ""2008(第二批)"", ""申报地区或单位"": ""浙江省杭州市"", ""保护单位"": ""杭州艺术学校""}]"
海州五大宫调,传统音乐,"[{""公布时间"": ""2006(第一批)"", ""申报地区或单位"": ""江苏省连云港市"", ""保护单位"": ""连云港市民俗博物馆（连云港市非物质文化遗产博物馆、连云港市非物质文化遗产保护中心、连云港市山海文化生态保护中心）""}]"
嵊州吹打,传统音乐,"[{""公布时间"": ""2006(第一批)"", ""申报地区或单位"": ""浙江省嵊州市"", ""保护单位"": ""嵊州市文化旅游产业发展中心（嵊州市非物质文化遗产保护中心、嵊州市越剧文化生态保护区服务中心）""}]"
舟山锣鼓,传统音乐,"[{""公布时间"": ""2006(第一批)"", ""申报地区或单位"": ""浙江省舟山市"", ""保护单位"": ""舟山市定海区非物质文化遗产保护中心""}]"
十番音乐（闽西客家十番音乐）,传统音乐,"[{""公布时间"": ""2006(第一批)"", ""申报地区或单位"": ""福建省龙岩市"", ""保护单位"": ""福建省龙岩市艺术馆""}]"
十番音乐（茶亭十番音乐）,传统音乐,"[{""公布时间"": ""2006(第一批)"", ""申报地区或单位"": ""福建省福州市"", ""保护单位"": ""福州市台江区文化馆""}]"
十番音乐（楚州十番锣鼓）,传统音乐,"[{""公布时间"": ""2008(第二批)"", ""申报地区或单位"": ""江苏省淮安市"", ""保护单位"": ""淮安市淮安区文化馆""}]"
十番音乐（邵伯锣鼓小牌子）,传统音乐,"[{""公布时间"": ""2008(第二批)"", ""申报地区或单位"": ""江苏省江都市"", ""保护单位"": ""扬州市江都区邵伯古镇传统文化传承发展中心""}]"
十番音乐（楼塔细十番）,传统音乐,"[{""公布时间"": ""2008(第二批)"", ""申报地区或单位"": ""浙江省杭州市"", ""保护单位"": ""杭州市萧山区楼塔细十番协会""}]"
十番音乐（遂昌昆曲十番）,传统音乐,"[{""公布时间"": ""2008(第二批)"", ""申报地区或单位"": ""浙江省遂昌县"", ""保护单位"": ""遂昌县非物质文化遗产保护中心""}]"
十番音乐（黄石惠洋十音）,传统音乐,"[{""公布时间"": ""2008(第二批)"", ""申报地区或单位"": ""福建省莆田市"", ""保护单位"": ""莆田市荔城区文化馆""}]"
十番音乐（佛山十番）,传统音乐,"[{""公布时间"": ""2008(第二批)"", ""申报地区或单位"": ""广东省佛山市"", ""保护单位"": ""佛山市南海区博物馆""}]"
十番音乐（海南八音器乐）,传统音乐,"[{""公布时间"": ""2008(第二批)"", ""申报地区或单位"": ""海南省海口市"", ""保护单位"": ""海口市美兰区文化馆""}]"
鲁西南鼓吹乐,传统音乐,"[{""公布时间"": ""2006(第一批)"", ""申报地区或单位"": ""山东省嘉祥县"", ""保护单位"": ""嘉祥县公共文化服务中心（嘉祥县图书馆、嘉祥县文化馆）""}, {""公布时间"": ""2008(第二批)"", ""申报地区或单位"": ""山东省菏泽市牡丹区"", ""保护单位"": ""菏泽市牡丹区文化馆""}, {""公布时间"": ""2011(第三批)"", ""申报地区或单位"": ""山东省巨野县"", ""保护单位"": ""巨野县文化馆""}, {""公布时间"": ""2011(第三批)"", ""申报地区或单位"": ""山东省单县"", ""保护单位"": ""单县文化馆""}]"
板头曲,传统音乐,"[{""公布时间"": ""2006(第一批)"", ""申报地区或单位"": ""河南省南阳市"", ""保护单位"": ""南阳市群众艺术馆（南阳市非物质文化遗产保护中心）""}]"
宜昌丝竹,传统音乐,"[{""公布时间"": ""2006(第一批)"", ""申报地区或单位"": ""湖北省宜昌市夷陵区"", ""保护单位"": ""宜昌市夷陵区文化馆""}]"
枝江民间吹打乐,传统音乐,"[{""公布时间"": ""2006(第一批)"", ""申报地区或单位"": ""湖北省枝江市"", ""保护单位"": ""枝江市文化馆""}]"
广东音乐,传统音乐,"[{""公布时间"": ""2006(第一批)"", ""申报地区或单位"": ""广东省广州市"", ""保护单位"": ""广东音乐曲艺团有限公司""}, {""公布时间"": ""2006(第一批)"", ""申报地区或单位"": ""广东省台山市"", ""保护单位"": ""广东省台山市文化馆""}]"
潮州音乐,传统音乐,"[{""公布时间"": ""2006(第一批)"", ""申报地区或单位"": ""广东省潮州市"", ""保护单位"": ""潮州市文化馆""}, {""公布时间"": ""2006(第一批)"", ""申报地区或单位"": ""广东省汕头市"", ""保护单位"": ""汕头市潮阳区文化馆""}]"
广东汉乐,传统音乐,"[{""公布时间"": ""2006(第一批)"", ""申报地区或单位"": ""广东省大埔县"", ""保护单位"": ""大埔县文化馆""}]"
吹打（接龙吹打）,传统音乐,"[{""公布时间"": ""2006(第一批)"", ""申报地区或单位"": ""重庆市巴南区"", ""保护单位"": ""重庆市巴南区接龙镇文化体育服务中心""}]"
吹打（金桥吹打）,传统音乐,"[{""公布时间"": ""2006(第一批)"", ""申报地区或单位"": ""重庆市万盛区"", ""保护单位"": ""重庆市万盛经济技术开发区文化馆""}]"
吹打（广西八音）,传统音乐,"[{""公布时间"": ""2011(第三批)"", ""申报地区或单位"": ""广西壮族自治区玉林市"", ""保护单位"": ""玉林市玉州区文化馆""}]"
梁平癞子锣鼓,传统音乐,"[{""公布时间"": ""2006(第一批)"", ""申报地区或单位"": ""重庆市梁平县"", ""保护单位"": ""重庆市梁平区文化遗产保护中心""}]"
土家族打溜子,传统音乐,"[{""公布时间"": ""2006(第一批)"", ""申报地区或单位"": ""湖南省湘西土家族苗族自治州"", ""保护单位"": ""湘西土家族苗族自治州非物质文化遗产保护中心""}, {""公布时间"": ""2008(第二批)"", ""申报地区或单位"": ""湖北省五峰土家族自治县"", ""保护单位"": ""五峰土家族自治县文化馆""}, {""公布时间"": ""2008(第二批)"", ""申报地区或单位"": ""湖北省鹤峰县"", ""保护单位"": ""鹤峰县文化馆（鹤峰县非物质文化遗产保护中心）""}]"
河北鼓吹乐,传统音乐,"[{""公布时间"": ""2006(第一批)"", ""申报地区或单位"": ""河北省永年县"", ""保护单位"": ""邯郸市永年区文化馆""}, {""公布时间"": ""2006(第一批)"", ""申报地区或单位"": ""河北省抚宁县"", ""保护单位"": ""秦皇岛市抚宁区文化馆""}]"
晋南威风锣鼓,传统音乐,"[{""公布时间"": ""2006(第一批)"", ""申报地区或单位"": ""山西省临汾市"", ""保护单位"": ""临汾市群众艺术馆""}]"
绛州鼓乐,传统音乐,"[{""公布时间"": ""2006(第一批)"", ""申报地区或单位"": ""山西省新绛县"", ""保护单位"": ""山西绛州鼓乐艺术团""}]"
上党八音会,传统音乐,"[{""公布时间"": ""2006(第一批)"", ""申报地区或单位"": ""山西省晋城市"", ""保护单位"": ""晋城市文化馆（晋城市书画院、晋城市美术馆）""}]"
冀中笙管乐（屈家营音乐会）,传统音乐,"[{""公布时间"": ""2006(第一批)"", ""申报地区或单位"": ""河北省固安县"", ""保护单位"": ""固安县文物和非物质文化遗产所（固安县博物馆）""}]"
冀中笙管乐（高洛音乐会）,传统音乐,"[{""公布时间"": ""2006(第一批)"", ""申报地区或单位"": ""河北省涞水县"", ""保护单位"": ""涞水县文化馆""}]"
冀中笙管乐（高桥音乐会）,传统音乐,"[{""公布时间"": ""2006(第一批)"", ""申报地区或单位"": ""河北省霸州市"", ""保护单位"": ""霸州市文化馆""}]"
冀中笙管乐（胜芳音乐会）,传统音乐,"[{""公布时间"": ""2006(第一批)"", ""申报地区或单位"": ""河北省霸州市"", ""保护单位"": ""霸州市文化馆""}]"
冀中笙管乐（白庙村音乐会）,传统音乐,"[{""公布时间"": ""2008(第二批)"", ""申报地区或单位"": ""北京市大兴区"", ""保护单位"": ""北京市大兴区文化馆""}]"
冀中笙管乐（雄县古乐）,传统音乐,"[{""公布时间"": ""2008(第二批)"", ""申报地区或单位"": ""河北省雄县"", ""保护单位"": ""雄县文化馆""}]"
冀中笙管乐（小冯村音乐会）,传统音乐,"[{""公布时间"": ""2008(第二批)"", ""申报地区或单位"": ""河北省固安县"", ""保护单位"": ""固安县文物和非物质文化遗产所（固安县博物馆）""}]"
冀中笙管乐（张庄音乐会）,传统音乐,"[{""公布时间"": ""2008(第二批)"", ""申报地区或单位"": ""河北省霸州市"", ""保护单位"": ""霸州市文化馆""}]"
冀中笙管乐（军卢村音乐会）,传统音乐,"[{""公布时间"": ""2008(第二批)"", ""申报地区或单位"": ""河北省廊坊市安次区"", ""保护单位"": ""安次区文化馆""}]"
冀中笙管乐（东张务音乐会）,传统音乐,"[{""公布时间"": ""2008(第二批)"", ""申报地区或单位"": ""河北省廊坊市安次区"", ""保护单位"": ""安次区文化馆""}]"
冀中笙管乐（南响口梵呗音乐会）,传统音乐,"[{""公布时间"": ""2008(第二批)"", ""申报地区或单位"": ""河北省廊坊市安次区"", ""保护单位"": ""安次区文化馆""}]"
冀中笙管乐（里东庄音乐老会）,传统音乐,"[{""公布时间"": ""2008(第二批)"", ""申报地区或单位"": ""河北省文安县"", ""保护单位"": ""河北省文安县文化馆""}]"
冀中笙管乐（辛安庄民间音乐会）,传统音乐,"[{""公布时间"": ""2008(第二批)"", ""申报地区或单位"": ""河北省任丘市"", ""保护单位"": ""任丘市文化馆""}]"
冀中笙管乐（安新县圈头村音乐会）,传统音乐,"[{""公布时间"": ""2008(第二批)"", ""申报地区或单位"": ""河北省安新县"", ""保护单位"": ""安新县非物质文化遗产保护协会""}]"
冀中笙管乐（东韩村拾幡古乐）,传统音乐,"[{""公布时间"": ""2008(第二批)"", ""申报地区或单位"": ""河北省易县"", ""保护单位"": ""易县文化馆""}]"
冀中笙管乐（子位吹歌）,传统音乐,"[{""公布时间"": ""2008(第二批)"", ""申报地区或单位"": ""河北省定州市"", ""保护单位"": ""定州市文化馆""}]"
铜鼓十二调,传统音乐,"[{""公布时间"": ""2006(第一批)"", ""申报地区或单位"": ""贵州省镇宁布依族苗族自治县"", ""保护单位"": ""镇宁布依族苗族自治县文化馆""}, {""公布时间"": ""2006(第一批)"", ""申报地区或单位"": ""贵州省贞丰县"", ""保护单位"": ""贞丰县文化馆""}]"
西安鼓乐,传统音乐,"[{""公布时间"": ""2006(第一批)"", ""申报地区或单位"": ""陕西省"", ""保护单位"": ""陕西省艺术研究院""}]"
蓝田普化水会音乐,传统音乐,"[{""公布时间"": ""2006(第一批)"", ""申报地区或单位"": ""陕西省蓝田县"", ""保护单位"": ""蓝田县文化馆""}]"
回族民间器乐,传统音乐,"[{""公布时间"": ""2006(第一批)"", ""申报地区或单位"": ""宁夏回族自治区"", ""保护单位"": ""宁夏回族自治区文化馆（宁夏回族自治区非物质文化遗产保护中心、宁夏回族自治区展览馆）""}]"
文水鈲子,传统音乐,"[{""公布时间"": ""2006(第一批)"", ""申报地区或单位"": ""山西省文水县"", ""保护单位"": ""文水鈲子艺术研究协会""}]"
智化寺京音乐,传统音乐,"[{""公布时间"": ""2006(第一批)"", ""申报地区或单位"": ""北京市"", ""保护单位"": ""首都博物馆""}]"
五台山佛乐,传统音乐,"[{""公布时间"": ""2006(第一批)"", ""申报地区或单位"": ""山西省五台县"", ""保护单位"": ""五台县文化馆（五台县美术馆）""}]"
千山寺庙音乐,传统音乐,"[{""公布时间"": ""2006(第一批)"", ""申报地区或单位"": ""辽宁省鞍山市"", ""保护单位"": ""鞍山市文化旅游发展促进中心""}]"
苏州玄妙观道教音乐,传统音乐,"[{""公布时间"": ""2006(第一批)"", ""申报地区或单位"": ""江苏省苏州市"", ""保护单位"": ""苏州市道教协会""}]"
武当山宫观道乐,传统音乐,"[{""公布时间"": ""2006(第一批)"", ""申报地区或单位"": ""湖北省十堰市"", ""保护单位"": ""十堰市群众艺术馆""}]"
新疆维吾尔木卡姆艺术（十二木卡姆）,传统音乐,"[{""公布时间"": ""2006(第一批)"", ""申报地区或单位"": ""新疆维吾尔自治区"", ""保护单位"": ""新疆维吾尔自治区艺术研究所（新疆维吾尔自治区非物质文化遗产保护研究中心）""}]"
新疆维吾尔木卡姆艺术（吐鲁番木卡姆）,传统音乐,"[{""公布时间"": ""2006(第一批)"", ""申报地区或单位"": ""新疆维吾尔自治区鄯善县"", ""保护单位"": ""鄯善县文化馆""}]"
新疆维吾尔木卡姆艺术（哈密木卡姆）,传统音乐,"[{""公布时间"": ""2006(第一批)"", ""申报地区或单位"": ""新疆维吾尔自治区哈密地区"", ""保护单位"": ""哈密市非物质文化遗产保护中心""}]"
新疆维吾尔木卡姆艺术（刀郎木卡姆）,传统音乐,"[{""公布时间"": ""2006(第一批)"", ""申报地区或单位"": ""新疆维吾尔自治区麦盖提县"", ""保护单位"": ""麦盖提县文化馆""}]"
南音,传统音乐,"[{""公布时间"": ""2006(第一批)"", ""申报地区或单位"": ""福建省泉州市"", ""保护单位"": ""泉州市艺术馆（泉州市闽南文化生态保护中心、泉州市非物质文化遗产保护中心）""}, {""公布时间"": ""2006(第一批)"", ""申报地区或单位"": ""福建省厦门市"", ""保护单位"": ""厦门市南乐团""}]"
泉州北管,传统音乐,"[{""公布时间"": ""2006(第一批)"", ""申报地区或单位"": ""福建省泉州市"", ""保护单位"": ""泉港北管传承保护中心""}]"
陕北民歌,传统音乐,"[{""公布时间"": ""2008(第二批)"", ""申报地区或单位"": ""陕西省榆林市"", ""保护单位"": ""榆林市公共文化服务中心（榆林市博物馆、榆林市图书馆、榆林市文化馆）""}, {""公布时间"": ""2008(第二批)"", ""申报地区或单位"": ""陕西省延安市"", ""保护单位"": ""延安市文化文艺中心（延安市群众艺术馆）""}]"
昌黎民歌,传统音乐,"[{""公布时间"": ""2008(第二批)"", ""申报地区或单位"": ""河北省昌黎县"", ""保护单位"": ""昌黎县文化馆""}]"
高邮民歌,传统音乐,"[{""公布时间"": ""2008(第二批)"", ""申报地区或单位"": ""江苏省高邮市"", ""保护单位"": ""高邮市文化馆""}]"
五河民歌,传统音乐,"[{""公布时间"": ""2008(第二批)"", ""申报地区或单位"": ""安徽省五河县"", ""保护单位"": ""五河县文化馆""}]"
大别山民歌,传统音乐,"[{""公布时间"": ""2008(第二批)"", ""申报地区或单位"": ""安徽省六安市"", ""保护单位"": ""六安市文化馆（六安市文艺创作研究室）""}]"
徽州民歌,传统音乐,"[{""公布时间"": ""2008(第二批)"", ""申报地区或单位"": ""安徽省黄山市"", ""保护单位"": ""黄山市非物质文化遗产保护中心""}]"
信阳民歌,传统音乐,"[{""公布时间"": ""2008(第二批)"", ""申报地区或单位"": ""河南省信阳市"", ""保护单位"": ""信阳市群众艺术馆（信阳市非物质文化遗产保护中心）""}]"
西坪民歌,传统音乐,"[{""公布时间"": ""2008(第二批)"", ""申报地区或单位"": ""河南省西峡县"", ""保护单位"": ""西峡县人民文化馆""}]"
马山民歌,传统音乐,"[{""公布时间"": ""2008(第二批)"", ""申报地区或单位"": ""湖北省荆州市荆州区"", ""保护单位"": ""荆州市荆州区文化馆（荆州市荆州区非物质文化遗产保护中心、荆州市荆州区楚剧传承中心）""}]"
潜江民歌,传统音乐,"[{""公布时间"": ""2008(第二批)"", ""申报地区或单位"": ""湖北省潜江市"", ""保护单位"": ""潜江市非物质文化遗产保护中心""}]"
吕家河民歌,传统音乐,"[{""公布时间"": ""2008(第二批)"", ""申报地区或单位"": ""湖北省丹江口市"", ""保护单位"": ""丹江口市文化馆""}]"
秀山民歌,传统音乐,"[{""公布时间"": ""2008(第二批)"", ""申报地区或单位"": ""重庆市秀山土家族苗族自治县"", ""保护单位"": ""秀山土家族苗族自治县文化馆""}]"
酉阳民歌,传统音乐,"[{""公布时间"": ""2008(第二批)"", ""申报地区或单位"": ""重庆市酉阳土家族苗族自治县"", ""保护单位"": ""酉阳土家族苗族自治县文化馆（酉阳土家族苗族自治县文化生态保护中心、酉阳土家族苗族自治县非物质文化遗产保护中心）""}]"
镇巴民歌,传统音乐,"[{""公布时间"": ""2008(第二批)"", ""申报地区或单位"": ""陕西省镇巴县"", ""保护单位"": ""陕西省镇巴县文化馆""}]"
嘉善田歌,传统音乐,"[{""公布时间"": ""2008(第二批)"", ""申报地区或单位"": ""浙江省嘉善县"", ""保护单位"": ""嘉善县文化馆""}]"
南坪曲子,传统音乐,"[{""公布时间"": ""2008(第二批)"", ""申报地区或单位"": ""四川省九寨沟县"", ""保护单位"": ""九寨沟县文化馆""}]"
茶山号子,传统音乐,"[{""公布时间"": ""2008(第二批)"", ""申报地区或单位"": ""湖南省辰溪县"", ""保护单位"": ""辰溪县文化馆""}]"
啰啰咚,传统音乐,"[{""公布时间"": ""2008(第二批)"", ""申报地区或单位"": ""湖北省监利县"", ""保护单位"": ""监利县文化馆""}]"
爬山调,传统音乐,"[{""公布时间"": ""2008(第二批)"", ""申报地区或单位"": ""内蒙古自治区呼和浩特市"", ""保护单位"": ""武川县文化馆""}, {""公布时间"": ""2008(第二批)"", ""申报地区或单位"": ""内蒙古自治区乌拉特前旗"", ""保护单位"": ""乌拉特前旗文化馆""}]"
漫瀚调,传统音乐,"[{""公布时间"": ""2008(第二批)"", ""申报地区或单位"": ""内蒙古自治区准格尔旗"", ""保护单位"": ""准格尔旗漫瀚调艺术研究所""}]"
惠东渔歌,传统音乐,"[{""公布时间"": ""2008(第二批)"", ""申报地区或单位"": ""广东省惠州市"", ""保护单位"": ""惠东县非物质文化遗产保护中心""}]"
海门山歌,传统音乐,"[{""公布时间"": ""2008(第二批)"", ""申报地区或单位"": ""江苏省海门市"", ""保护单位"": ""海门市文化馆""}]"
新化山歌,传统音乐,"[{""公布时间"": ""2008(第二批)"", ""申报地区或单位"": ""湖南省娄底市"", ""保护单位"": ""新化县梅山蚩尤文化研究发展中心""}]"
姚安坝子腔,传统音乐,"[{""公布时间"": ""2008(第二批)"", ""申报地区或单位"": ""云南省姚安县"", ""保护单位"": ""姚安县非物质文化遗产保护中心（姚安县文化艺术团）""}]"
海洋号子（舟山渔民号子）,传统音乐,"[{""公布时间"": ""2008(第二批)"", ""申报地区或单位"": ""浙江省岱山县"", ""保护单位"": ""岱山县文化馆（岱山县非物质文化遗产保护中心）""}]"
海洋号子（长岛渔号）,传统音乐,"[{""公布时间"": ""2008(第二批)"", ""申报地区或单位"": ""山东省长岛县"", ""保护单位"": ""长岛综合试验区文化文物服务中心""}]"
海洋号子（长海号子）,传统音乐,"[{""公布时间"": ""2011(第三批)"", ""申报地区或单位"": ""辽宁省长海县"", ""保护单位"": ""长海县文化旅游体育事业服务中心""}]"
海洋号子（象山渔民号子）,传统音乐,"[{""公布时间"": ""2011(第三批)"", ""申报地区或单位"": ""浙江省象山县"", ""保护单位"": ""象山县石浦文化馆""}]"
江河号子（黄河号子）,传统音乐,"[{""公布时间"": ""2008(第二批)"", ""申报地区或单位"": ""黄河水利委员会河南黄河河务局"", ""保护单位"": ""河南省非物质文化遗产保护和智慧化中心""}]"
江河号子（长江峡江号子）,传统音乐,"[{""公布时间"": ""2008(第二批)"", ""申报地区或单位"": ""湖北省宜昌市夷陵区"", ""保护单位"": ""宜昌市夷陵区文化馆""}, {""公布时间"": ""2008(第二批)"", ""申报地区或单位"": ""湖北省伍家岗区"", ""保护单位"": ""宜昌市伍家岗区文化馆""}, {""公布时间"": ""2008(第二批)"", ""申报地区或单位"": ""湖北省巴东县"", ""保护单位"": ""巴东县文化和旅游事业发展中心""}, {""公布时间"": ""2008(第二批)"", ""申报地区或单位"": ""湖北省秭归县"", ""保护单位"": ""秭归县文化馆（县非物质文化遗产保护中心）""}]"
江河号子（酉水船工号子）,传统音乐,"[{""公布时间"": ""2008(第二批)"", ""申报地区或单位"": ""湖南省保靖县"", ""保护单位"": ""保靖县非物质文化遗产保护中心""}]"
码头号子（上海港码头号子）,传统音乐,"[{""公布时间"": ""2008(第二批)"", ""申报地区或单位"": ""上海市浦东新区"", ""保护单位"": ""上海市浦东新区人民政府塘桥街道办事处""}, {""公布时间"": ""2008(第二批)"", ""申报地区或单位"": ""上海市杨浦区"", ""保护单位"": ""上海市杨浦区人民政府定海路街道办事处""}]"
森林号子（长白山森林号子）,传统音乐,"[{""公布时间"": ""2008(第二批)"", ""申报地区或单位"": ""吉林省文学艺术界联合会民间文艺家协会"", ""保护单位"": ""白山市文化遗产保护中心（白山市博物馆）""}]"
森林号子（兴安岭森林号子）,传统音乐,"[{""公布时间"": ""2008(第二批)"", ""申报地区或单位"": ""黑龙江省伊春市"", ""保护单位"": ""伊春市群众艺术馆（伊春市非物质文化遗产保护中心）""}]"
苗族民歌（湘西苗族民歌）,传统音乐,"[{""公布时间"": ""2008(第二批)"", ""申报地区或单位"": ""湖南省吉首市"", ""保护单位"": ""吉首市非物质文化遗产保护中心""}]"
苗族民歌（苗族飞歌）,传统音乐,"[{""公布时间"": ""2008(第二批)"", ""申报地区或单位"": ""贵州省雷山县"", ""保护单位"": ""雷山县非物质文化遗产保护中心""}, {""公布时间"": ""2011(第三批)"", ""申报地区或单位"": ""贵州省剑河县"", ""保护单位"": ""剑河县非物质文化遗产保护中心""}]"
苗族民歌,传统音乐,"[{""公布时间"": ""2014(第四批)"", ""申报地区或单位"": ""海南省琼中黎族苗族自治县"", ""保护单位"": ""琼中黎族苗族自治县文化馆""}, {""公布时间"": ""2014(第四批)"", ""申报地区或单位"": ""重庆市彭水苗族土家族自治县"", ""保护单位"": ""彭水苗族土家族自治县文化馆""}]"
瑶族民歌（花瑶呜哇山歌）,传统音乐,"[{""公布时间"": ""2008(第二批)"", ""申报地区或单位"": ""湖南省隆回县"", ""保护单位"": ""隆回县非物质文化遗产保护中心""}]"
瑶族民歌,传统音乐,"[{""公布时间"": ""2014(第四批)"", ""申报地区或单位"": ""广东省乳源瑶族自治县"", ""保护单位"": ""乳源瑶族自治县非物质文化遗产保护中心（乳源瑶族自治县民族文化研究中心）""}]"
黎族民歌（琼中黎族民歌）,传统音乐,"[{""公布时间"": ""2008(第二批)"", ""申报地区或单位"": ""海南省琼中黎族苗族自治县"", ""保护单位"": ""琼中黎族苗族自治县文化馆""}]"
布依族民歌（好花红调）,传统音乐,"[{""公布时间"": ""2008(第二批)"", ""申报地区或单位"": ""贵州省惠水县"", ""保护单位"": ""惠水县文化遗产保护中心""}]"
彝族民歌（彝族酒歌）,传统音乐,"[{""公布时间"": ""2008(第二批)"", ""申报地区或单位"": ""云南省武定县"", ""保护单位"": ""武定县文化馆""}]"
彝族民歌（彝族山歌）,传统音乐,"[{""公布时间"": ""2011(第三批)"", ""申报地区或单位"": ""贵州省盘县"", ""保护单位"": ""盘州市非物质文化遗产保护中心""}]"
布朗族民歌（布朗族弹唱）,传统音乐,"[{""公布时间"": ""2008(第二批)"", ""申报地区或单位"": ""云南省勐海县"", ""保护单位"": ""勐海县文化馆""}]"
藏族民歌（川西藏族山歌）,传统音乐,"[{""公布时间"": ""2008(第二批)"", ""申报地区或单位"": ""四川省甘孜藏族自治州"", ""保护单位"": ""甘孜藏族自治州文化馆""}, {""公布时间"": ""2008(第二批)"", ""申报地区或单位"": ""四川省阿坝藏族羌族自治州"", ""保护单位"": ""阿坝藏族羌族自治州文化馆（阿坝藏族羌族自治州美术馆、阿坝州非物质文化遗产中心）""}, {""公布时间"": ""2008(第二批)"", ""申报地区或单位"": ""四川省炉霍县"", ""保护单位"": ""炉霍县文化馆（炉霍县非物质文化遗产保护中心）""}]"
藏族民歌（玛达咪山歌）,传统音乐,"[{""公布时间"": ""2008(第二批)"", ""申报地区或单位"": ""四川省九龙县"", ""保护单位"": ""九龙县文化馆""}]"
藏族民歌（华锐藏族民歌）,传统音乐,"[{""公布时间"": ""2008(第二批)"", ""申报地区或单位"": ""甘肃省天祝藏族自治县"", ""保护单位"": ""天祝藏族自治县藏语言文字指导中心""}]"
藏族民歌（甘南藏族民歌）,传统音乐,"[{""公布时间"": ""2008(第二批)"", ""申报地区或单位"": ""甘肃省甘南藏族自治州"", ""保护单位"": ""甘南藏族自治州文化馆（甘南藏族自治州美术馆）""}]"
藏族民歌（玉树民歌）,传统音乐,"[{""公布时间"": ""2008(第二批)"", ""申报地区或单位"": ""青海省玉树藏族自治州"", ""保护单位"": ""玉树藏族自治州文化馆""}]"
藏族民歌（藏族赶马调）,传统音乐,"[{""公布时间"": ""2011(第三批)"", ""申报地区或单位"": ""四川省冕宁县"", ""保护单位"": ""冕宁县文化馆""}]"
藏族民歌（班戈昌鲁）,传统音乐,"[{""公布时间"": ""2011(第三批)"", ""申报地区或单位"": ""西藏自治区班戈县"", ""保护单位"": ""西藏那曲市班戈县文化和旅游局""}]"
藏族民歌（藏族酒曲）,传统音乐,"[{""公布时间"": ""2014(第四批)"", ""申报地区或单位"": ""青海省海南藏族自治州"", ""保护单位"": ""海南藏族自治州文化馆（海南藏族自治州非物质文化遗产传承保护中心）""}]"
维吾尔族民歌（罗布淖尔维吾尔族民歌）,传统音乐,"[{""公布时间"": ""2008(第二批)"", ""申报地区或单位"": ""新疆维吾尔自治区尉犁县"", ""保护单位"": ""尉犁县文化馆""}]"
维吾尔族民歌,传统音乐,"[{""公布时间"": ""2014(第四批)"", ""申报地区或单位"": ""新疆维吾尔自治区伊宁市"", ""保护单位"": ""伊宁市文化馆""}, {""公布时间"": ""2014(第四批)"", ""申报地区或单位"": ""新疆维吾尔自治区库车县"", ""保护单位"": ""库车县文化馆""}]"
乌孜别克族埃希来、叶来,传统音乐,"[{""公布时间"": ""2008(第二批)"", ""申报地区或单位"": ""新疆维吾尔自治区艺术研究所"", ""保护单位"": ""新疆维吾尔自治区艺术研究所（新疆维吾尔自治区非物质文化遗产保护研究中心）""}, {""公布时间"": ""2008(第二批)"", ""申报地区或单位"": ""新疆维吾尔自治区伊犁哈萨克自治州"", ""保护单位"": ""伊犁哈萨克自治州文化艺术研究所""}, {""公布时间"": ""2008(第二批)"", ""申报地区或单位"": ""新疆维吾尔自治区喀什地区"", ""保护单位"": ""喀什地区文化馆""}]"
回族宴席曲,传统音乐,"[{""公布时间"": ""2008(第二批)"", ""申报地区或单位"": ""青海省门源回族自治县"", ""保护单位"": ""门源回族自治县文化馆""}]"
琵琶艺术（瀛洲古调派）,传统音乐,"[{""公布时间"": ""2008(第二批)"", ""申报地区或单位"": ""上海市崇明县"", ""保护单位"": ""上海市崇明区文化馆""}]"
琵琶艺术（浦东派）,传统音乐,"[{""公布时间"": ""2008(第二批)"", ""申报地区或单位"": ""上海市南汇区"", ""保护单位"": ""上海市浦东新区文化艺术指导中心（上海市浦东新区群众文化艺术馆、上海市浦东新区电影发行放映管理站）""}]"
琵琶艺术（平湖派）,传统音乐,"[{""公布时间"": ""2008(第二批)"", ""申报地区或单位"": ""浙江省平湖市"", ""保护单位"": ""平湖市非物质文化遗产保护管理中心""}]"
古筝艺术（山东古筝乐）,传统音乐,"[{""公布时间"": ""2008(第二批)"", ""申报地区或单位"": ""山东省菏泽市"", ""保护单位"": ""菏泽市文化馆""}]"
古筝艺术（中州筝派）,传统音乐,"[{""公布时间"": ""2014(第四批)"", ""申报地区或单位"": ""河南省"", ""保护单位"": ""河南省文化艺术研究院""}]"
笙管乐（复州双管乐）,传统音乐,"[{""公布时间"": ""2008(第二批)"", ""申报地区或单位"": ""辽宁省瓦房店市"", ""保护单位"": ""瓦房店市文化馆""}]"
笙管乐（建平十王会）,传统音乐,"[{""公布时间"": ""2008(第二批)"", ""申报地区或单位"": ""辽宁省建平县"", ""保护单位"": ""建平县文旅体育和广播电视技术保障服务中心（建平县文物考古研究所）""}]"
笙管乐（超化吹歌）,传统音乐,"[{""公布时间"": ""2008(第二批)"", ""申报地区或单位"": ""河南省新密市"", ""保护单位"": ""新密市文化馆（新密市非物质文化遗产保护中心）""}]"
津门法鼓（挂甲寺庆音法鼓）,传统音乐,"[{""公布时间"": ""2008(第二批)"", ""申报地区或单位"": ""天津市河西区"", ""保护单位"": ""天津市河西区文化馆（天津市河西区非物质文化遗产保护中心）""}]"
津门法鼓（杨家庄永音法鼓）,传统音乐,"[{""公布时间"": ""2008(第二批)"", ""申报地区或单位"": ""天津市河西区"", ""保护单位"": ""天津市河西区文化馆（天津市河西区非物质文化遗产保护中心）""}]"
津门法鼓（刘园祥音法鼓）,传统音乐,"[{""公布时间"": ""2008(第二批)"", ""申报地区或单位"": ""天津市北辰区"", ""保护单位"": ""天津市北辰区辰文故里非遗传承文化促进中心""}]"
津门法鼓（香塔音乐法鼓）,传统音乐,"[{""公布时间"": ""2014(第四批)"", ""申报地区或单位"": ""天津市西青区"", ""保护单位"": ""天津市西青区杨柳青镇拾肆街村村民委员会""}]"
锣鼓艺术（汉沽飞镲）,传统音乐,"[{""公布时间"": ""2008(第二批)"", ""申报地区或单位"": ""天津市汉沽区"", ""保护单位"": ""天津市滨海新区文化馆""}]"
锣鼓艺术（常山战鼓）,传统音乐,"[{""公布时间"": ""2008(第二批)"", ""申报地区或单位"": ""河北省正定县"", ""保护单位"": ""正定县文化馆""}]"
锣鼓艺术（太原锣鼓）,传统音乐,"[{""公布时间"": ""2008(第二批)"", ""申报地区或单位"": ""山西省太原市"", ""保护单位"": ""太原市文化馆（太原市文化旅游事业发展中心）""}]"
锣鼓艺术（泗泾十锦细锣鼓）,传统音乐,"[{""公布时间"": ""2008(第二批)"", ""申报地区或单位"": ""上海市松江区"", ""保护单位"": ""上海市松江区泗泾镇社区党群服务中心（上海市松江区泗泾镇文化体育服务中心）""}]"
锣鼓艺术（大铜器）,传统音乐,"[{""公布时间"": ""2008(第二批)"", ""申报地区或单位"": ""河南省西平县"", ""保护单位"": ""西平县人民文化馆""}, {""公布时间"": ""2008(第二批)"", ""申报地区或单位"": ""河南省郏县"", ""保护单位"": ""郏县文化馆""}, {""公布时间"": ""2014(第四批)"", ""申报地区或单位"": ""河南省遂平县"", ""保护单位"": ""遂平县文化馆""}]"
锣鼓艺术（开封盘鼓）,传统音乐,"[{""公布时间"": ""2008(第二批)"", ""申报地区或单位"": ""河南省开封市"", ""保护单位"": ""开封市文化馆""}]"
锣鼓艺术（宜昌堂调）,传统音乐,"[{""公布时间"": ""2008(第二批)"", ""申报地区或单位"": ""湖北省宜昌市"", ""保护单位"": ""宜昌市群众艺术馆（宜昌市非物质文化遗产保护中心）""}]"
锣鼓艺术（韩城行鼓）,传统音乐,"[{""公布时间"": ""2008(第二批)"", ""申报地区或单位"": ""陕西省韩城市"", ""保护单位"": ""韩城市文化馆""}]"
锣鼓艺术（云胜锣鼓）,传统音乐,"[{""公布时间"": ""2011(第三批)"", ""申报地区或单位"": ""山西省原平市"", ""保护单位"": ""原平云胜锣鼓艺术社""}]"
锣鼓艺术（中州大鼓）,传统音乐,"[{""公布时间"": ""2011(第三批)"", ""申报地区或单位"": ""河南省新乡县"", ""保护单位"": ""新乡县文化馆""}]"
锣鼓艺术（鄂州牌子锣）,传统音乐,"[{""公布时间"": ""2011(第三批)"", ""申报地区或单位"": ""湖北省鄂州市"", ""保护单位"": ""鄂州市群众艺术馆""}]"
锣鼓艺术（小河锣鼓）,传统音乐,"[{""公布时间"": ""2011(第三批)"", ""申报地区或单位"": ""重庆市渝北区"", ""保护单位"": ""重庆市渝北区文化遗产保护中心""}]"
锣鼓艺术（软槌锣鼓）,传统音乐,"[{""公布时间"": ""2014(第四批)"", ""申报地区或单位"": ""山西省万荣县"", ""保护单位"": ""万荣县软槌锣鼓研究会""}]"
锣鼓艺术（花镲锣鼓）,传统音乐,"[{""公布时间"": ""2014(第四批)"", ""申报地区或单位"": ""江西省丰城市"", ""保护单位"": ""丰城市博物馆""}]"
锣鼓艺术（老河口锣鼓架子）,传统音乐,"[{""公布时间"": ""2014(第四批)"", ""申报地区或单位"": ""湖北省老河口市"", ""保护单位"": ""老河口市群众艺术馆""}]"
锣鼓艺术（八音锣鼓）,传统音乐,"[{""公布时间"": ""2014(第四批)"", ""申报地区或单位"": ""广东省佛山市顺德区"", ""保护单位"": ""佛山市顺德区杏坛镇文化站""}]"
锣鼓艺术（临清驾鼓）,传统音乐,"[{""公布时间"": ""2021(第五批)"", ""申报地区或单位"": ""山东省聊城市临清市"", ""保护单位"": ""临清市文化馆""}]"
朝鲜族洞箫音乐,传统音乐,"[{""公布时间"": ""2008(第二批)"", ""申报地区或单位"": ""吉林省延吉市"", ""保护单位"": ""延吉市文化馆""}, {""公布时间"": ""2008(第二批)"", ""申报地区或单位"": ""吉林省珲春市"", ""保护单位"": ""珲春市文化馆""}]"
洞箫音乐（高陵洞箫）,传统音乐,"[{""公布时间"": ""2011(第三批)"", ""申报地区或单位"": ""陕西省高陵县"", ""保护单位"": ""西安市高陵区文化馆""}]"
土家族咚咚喹,传统音乐,"[{""公布时间"": ""2008(第二批)"", ""申报地区或单位"": ""湖南省龙山县"", ""保护单位"": ""龙山县非物质文化遗产保护中心""}]"
哈萨克六十二阔恩尔,传统音乐,"[{""公布时间"": ""2008(第二批)"", ""申报地区或单位"": ""新疆维吾尔自治区伊犁哈萨克自治州"", ""保护单位"": ""伊犁哈萨克自治州歌舞团""}]"
维吾尔族鼓吹乐,传统音乐,"[{""公布时间"": ""2008(第二批)"", ""申报地区或单位"": ""新疆维吾尔自治区"", ""保护单位"": ""新疆维吾尔自治区艺术研究所（新疆维吾尔自治区非物质文化遗产保护研究中心）""}]"
洞经音乐（文昌洞经古乐）,传统音乐,"[{""公布时间"": ""2008(第二批)"", ""申报地区或单位"": ""四川省梓潼县"", ""保护单位"": ""梓潼县文化馆""}]"
洞经音乐（妙善学女子洞经音乐）,传统音乐,"[{""公布时间"": ""2008(第二批)"", ""申报地区或单位"": ""云南省通海县"", ""保护单位"": ""通海县文化馆（通海县非物质文化遗产保护中心）""}]"
洞经音乐（邛都洞经音乐）,传统音乐,"[{""公布时间"": ""2014(第四批)"", ""申报地区或单位"": ""四川省西昌市"", ""保护单位"": ""西昌市文化馆（西昌市美术馆）""}]"
芦笙音乐（侗族芦笙）,传统音乐,"[{""公布时间"": ""2008(第二批)"", ""申报地区或单位"": ""湖南省通道侗族自治县"", ""保护单位"": ""通道侗族自治县文化遗产保护中心""}]"
芦笙音乐（苗族芒筒芦笙）,传统音乐,"[{""公布时间"": ""2008(第二批)"", ""申报地区或单位"": ""贵州省丹寨县"", ""保护单位"": ""丹寨县非物质文化遗产保护中心""}]"
布依族勒尤,传统音乐,"[{""公布时间"": ""2008(第二批)"", ""申报地区或单位"": ""贵州省贞丰县"", ""保护单位"": ""贞丰县文化馆""}, {""公布时间"": ""2008(第二批)"", ""申报地区或单位"": ""贵州省兴义市"", ""保护单位"": ""兴义市文化馆""}, {""公布时间"": ""2008(第二批)"", ""申报地区或单位"": ""贵州省镇宁布依族苗族自治县"", ""保护单位"": ""镇宁布依族苗族自治县文化馆""}]"
藏族扎木聂弹唱,传统音乐,"[{""公布时间"": ""2008(第二批)"", ""申报地区或单位"": ""青海省海南藏族自治州"", ""保护单位"": ""海南藏族自治州文化馆（海南藏族自治州非物质文化遗产传承保护中心）""}]"
工布扎念博咚,传统音乐,"[{""公布时间"": ""2021(第五批)"", ""申报地区或单位"": ""西藏自治区林芝市"", ""保护单位"": ""林芝市巴宜区文化和旅游局""}]"
哈萨克族冬布拉艺术,传统音乐,"[{""公布时间"": ""2008(第二批)"", ""申报地区或单位"": ""新疆维吾尔自治区伊犁哈萨克自治州"", ""保护单位"": ""伊犁哈萨克自治州文化艺术研究所""}]"
柯尔克孜族库姆孜艺术,传统音乐,"[{""公布时间"": ""2008(第二批)"", ""申报地区或单位"": ""新疆维吾尔自治区克孜勒苏柯尔克孜自治州"", ""保护单位"": ""阿合奇县玛纳斯研究中心""}, {""公布时间"": ""2008(第二批)"", ""申报地区或单位"": ""新疆维吾尔自治区乌恰县"", ""保护单位"": ""乌恰县文化馆""}]"
蒙古族绰尔,传统音乐,"[{""公布时间"": ""2008(第二批)"", ""申报地区或单位"": ""新疆维吾尔自治区阿勒泰地区"", ""保护单位"": ""阿勒泰市文化馆（阿勒泰市非物质文化遗产保护中心、阿勒泰市美术馆）""}]"
黎族竹木器乐,传统音乐,"[{""公布时间"": ""2008(第二批)"", ""申报地区或单位"": ""海南省保亭黎族苗族自治县"", ""保护单位"": ""保亭黎族苗族自治县文化馆""}, {""公布时间"": ""2008(第二批)"", ""申报地区或单位"": ""海南省五指山市"", ""保护单位"": ""五指山市文化馆""}]"
口弦音乐,传统音乐,"[{""公布时间"": ""2008(第二批)"", ""申报地区或单位"": ""四川省布拖县"", ""保护单位"": ""布拖县文化馆""}, {""公布时间"": ""2011(第三批)"", ""申报地区或单位"": ""四川省北川羌族自治县"", ""保护单位"": ""北川羌族自治县文化馆""}]"
吟诵调（常州吟诵）,传统音乐,"[{""公布时间"": ""2008(第二批)"", ""申报地区或单位"": ""江苏省常州市"", ""保护单位"": ""常州市文化馆""}]"
佛教音乐（天宁寺梵呗唱诵）,传统音乐,"[{""公布时间"": ""2008(第二批)"", ""申报地区或单位"": ""江苏省常州市"", ""保护单位"": ""常州天宁禅寺""}]"
佛教音乐（鱼山梵呗）,传统音乐,"[{""公布时间"": ""2008(第二批)"", ""申报地区或单位"": ""山东省东阿县"", ""保护单位"": ""聊城市鱼山梵呗非物质文化遗产保护传承中心""}]"
佛教音乐（大相国寺梵乐）,传统音乐,"[{""公布时间"": ""2008(第二批)"", ""申报地区或单位"": ""河南省开封市"", ""保护单位"": ""开封大相国寺""}]"
佛教音乐（直孔噶举派音乐）,传统音乐,"[{""公布时间"": ""2008(第二批)"", ""申报地区或单位"": ""西藏自治区墨竹工卡县"", ""保护单位"": ""西藏拉萨市墨竹工卡县直孔替寺管理委员会""}]"
佛教音乐（拉卜楞寺佛殿音乐道得尔）,传统音乐,"[{""公布时间"": ""2008(第二批)"", ""申报地区或单位"": ""甘肃省夏河县"", ""保护单位"": ""夏河县拉卜楞寺院管理委员会""}]"
佛教音乐（青海藏族唱经调）,传统音乐,"[{""公布时间"": ""2008(第二批)"", ""申报地区或单位"": ""青海省兴海县"", ""保护单位"": ""兴海县文化馆""}]"
佛教音乐（北武当庙寺庙音乐）,传统音乐,"[{""公布时间"": ""2008(第二批)"", ""申报地区或单位"": ""宁夏回族自治区平罗县"", ""保护单位"": ""平罗县文化馆""}]"
佛教音乐（楞严寺寺庙音乐）,传统音乐,"[{""公布时间"": ""2011(第三批)"", ""申报地区或单位"": ""山西省左云县"", ""保护单位"": ""左云县文化馆""}]"
佛教音乐（塔尔寺花架音乐）,传统音乐,"[{""公布时间"": ""2011(第三批)"", ""申报地区或单位"": ""青海省湟中县"", ""保护单位"": ""青海省湟中县塔尔寺管理委员会""}]"
佛教音乐（觉囊梵音）,传统音乐,"[{""公布时间"": ""2011(第三批)"", ""申报地区或单位"": ""四川省壤塘县"", ""保护单位"": ""壤塘县藏洼寺寺庙管理委员会""}]"
佛教音乐（洋县佛教音乐）,传统音乐,"[{""公布时间"": ""2011(第三批)"", ""申报地区或单位"": ""陕西省洋县"", ""保护单位"": ""洋县文化馆""}]"
佛教音乐（金山寺水陆法会仪式音乐）,传统音乐,"[{""公布时间"": ""2014(第四批)"", ""申报地区或单位"": ""江苏省镇江市"", ""保护单位"": ""镇江金山江天禅寺""}]"
佛教音乐（雄色寺绝鲁）,传统音乐,"[{""公布时间"": ""2014(第四批)"", ""申报地区或单位"": ""西藏自治区曲水县"", ""保护单位"": ""曲水县文化和旅游局（曲水县文物局）""}]"
道教音乐（广宗太平道乐）,传统音乐,"[{""公布时间"": ""2008(第二批)"", ""申报地区或单位"": ""河北省广宗县"", ""保护单位"": ""广宗县文化馆""}]"
道教音乐（恒山道乐）,传统音乐,"[{""公布时间"": ""2008(第二批)"", ""申报地区或单位"": ""山西省阳高县"", ""保护单位"": ""阳高县文化馆""}]"
道教音乐（上海道教音乐）,传统音乐,"[{""公布时间"": ""2008(第二批)"", ""申报地区或单位"": ""上海市道教协会"", ""保护单位"": ""上海市道教协会""}]"
道教音乐（无锡道教音乐）,传统音乐,"[{""公布时间"": ""2008(第二批)"", ""申报地区或单位"": ""江苏省无锡市"", ""保护单位"": ""无锡市道教协会""}]"
道教音乐（齐云山道场音乐）,传统音乐,"[{""公布时间"": ""2008(第二批)"", ""申报地区或单位"": ""安徽省休宁县"", ""保护单位"": ""休宁县齐云山道教协会""}]"
道教音乐（崂山道教音乐）,传统音乐,"[{""公布时间"": ""2008(第二批)"", ""申报地区或单位"": ""山东省青岛市崂山区"", ""保护单位"": ""青岛崂山太清宫""}]"
道教音乐（泰山道教音乐）,传统音乐,"[{""公布时间"": ""2008(第二批)"", ""申报地区或单位"": ""山东省泰安市"", ""保护单位"": ""泰安市道教协会""}]"
道教音乐（胶东全真道教音乐）,传统音乐,"[{""公布时间"": ""2008(第二批)"", ""申报地区或单位"": ""山东省烟台市"", ""保护单位"": ""烟台市文化馆（烟台市非物质文化遗产保护中心、烟台大剧院运营监督管理服务中心）""}]"
道教音乐（腊山道教音乐）,传统音乐,"[{""公布时间"": ""2008(第二批)"", ""申报地区或单位"": ""山东省东平县"", ""保护单位"": ""东平县非物质文化遗产保护协会""}]"
道教音乐（海南斋醮科仪音乐）,传统音乐,"[{""公布时间"": ""2008(第二批)"", ""申报地区或单位"": ""海南省定安县"", ""保护单位"": ""定安县文化发展中心""}]"
道教音乐（成都道教音乐）,传统音乐,"[{""公布时间"": ""2008(第二批)"", ""申报地区或单位"": ""四川省成都市"", ""保护单位"": ""成都市道教协会""}]"
道教音乐（白云山道教音乐）,传统音乐,"[{""公布时间"": ""2008(第二批)"", ""申报地区或单位"": ""陕西省佳县"", ""保护单位"": ""佳县文化馆（佳县公共文化活动中心、佳县文艺创作研究室）""}]"
道教音乐（清水道教音乐）,传统音乐,"[{""公布时间"": ""2008(第二批)"", ""申报地区或单位"": ""甘肃省清水县"", ""保护单位"": ""清水县文化馆""}]"
道教音乐（东岳观道教音乐）,传统音乐,"[{""公布时间"": ""2011(第三批)"", ""申报地区或单位"": ""浙江省平阳县"", ""保护单位"": ""平阳县非物质文化遗产保护中心""}]"
道教音乐（澳门道教科仪音乐）,传统音乐,"[{""公布时间"": ""2011(第三批)"", ""申报地区或单位"": ""澳门特别行政区"", ""保护单位"": ""澳门道教协会""}]"
道教音乐（花张蒙道教音乐）,传统音乐,"[{""公布时间"": ""2014(第四批)"", ""申报地区或单位"": ""河北省定州市"", ""保护单位"": ""定州市文化馆""}]"
道教音乐（茅山道教音乐）,传统音乐,"[{""公布时间"": ""2014(第四批)"", ""申报地区或单位"": ""江苏省句容市"", ""保护单位"": ""句容市茅山道院""}]"
道教音乐（苍南正一派科仪音乐）,传统音乐,"[{""公布时间"": ""2014(第四批)"", ""申报地区或单位"": ""浙江省苍南县"", ""保护单位"": ""苍南县玉音乐团""}]"
道教音乐（龙虎山正一天师道道教音乐）,传统音乐,"[{""公布时间"": ""2014(第四批)"", ""申报地区或单位"": ""江西省鹰潭市"", ""保护单位"": ""鹰潭市道文化研究会""}]"
道教音乐（全真道堂科仪音乐）,传统音乐,"[{""公布时间"": ""2014(第四批)"", ""申报地区或单位"": ""香港特别行政区"", ""保护单位"": ""蓬瀛仙馆""}]"
凤阳民歌,传统音乐,"[{""公布时间"": ""2011(第三批)"", ""申报地区或单位"": ""安徽省滁州市"", ""保护单位"": ""凤阳县文化馆""}]"
九江山歌,传统音乐,"[{""公布时间"": ""2011(第三批)"", ""申报地区或单位"": ""江西省九江县"", ""保护单位"": ""九江市柴桑区文化馆""}]"
利川灯歌,传统音乐,"[{""公布时间"": ""2011(第三批)"", ""申报地区或单位"": ""湖北省利川市"", ""保护单位"": ""利川市文化旅游事业发展中心""}]"
天门民歌,传统音乐,"[{""公布时间"": ""2011(第三批)"", ""申报地区或单位"": ""湖北省天门市"", ""保护单位"": ""天门市群众艺术馆""}]"
临高渔歌,传统音乐,"[{""公布时间"": ""2011(第三批)"", ""申报地区或单位"": ""海南省临高县"", ""保护单位"": ""临高县文化馆""}]"
弥渡民歌,传统音乐,"[{""公布时间"": ""2011(第三批)"", ""申报地区或单位"": ""云南省弥渡县"", ""保护单位"": ""弥渡县文化馆""}]"
青海汉族民间小调,传统音乐,"[{""公布时间"": ""2011(第三批)"", ""申报地区或单位"": ""青海省西宁市"", ""保护单位"": ""西宁市文化馆""}]"
阿里郎,传统音乐,"[{""公布时间"": ""2011(第三批)"", ""申报地区或单位"": ""吉林省延边朝鲜族自治州"", ""保护单位"": ""延边文化艺术研究中心（延边非物质文化遗产保护中心）""}]"
哈萨克族民歌,传统音乐,"[{""公布时间"": ""2011(第三批)"", ""申报地区或单位"": ""新疆维吾尔自治区伊犁哈萨克自治州"", ""保护单位"": ""伊犁哈萨克自治州文化艺术研究所""}]"
塔吉克族民歌,传统音乐,"[{""公布时间"": ""2011(第三批)"", ""申报地区或单位"": ""新疆维吾尔自治区塔什库尔干塔吉克自治县"", ""保护单位"": ""新疆塔什库尔干塔吉克自治县文化馆""}]"
茅山号子,传统音乐,"[{""公布时间"": ""2011(第三批)"", ""申报地区或单位"": ""江苏省兴化市"", ""保护单位"": ""兴化市关注文化传播中心""}]"
弦索乐（菏泽弦索乐）,传统音乐,"[{""公布时间"": ""2011(第三批)"", ""申报地区或单位"": ""山东省菏泽市"", ""保护单位"": ""菏泽市文化馆""}]"
纳西族白沙细乐,传统音乐,"[{""公布时间"": ""2011(第三批)"", ""申报地区或单位"": ""云南省丽江市古城区"", ""保护单位"": ""古城区非物质文化遗产保护管理中心""}]"
伽倻琴艺术,传统音乐,"[{""公布时间"": ""2011(第三批)"", ""申报地区或单位"": ""吉林省延吉市"", ""保护单位"": ""延边文化艺术研究中心（延边非物质文化遗产保护中心）""}]"
京族独弦琴艺术,传统音乐,"[{""公布时间"": ""2011(第三批)"", ""申报地区或单位"": ""广西壮族自治区东兴市"", ""保护单位"": ""东兴市文化馆""}]"
哈萨克族库布孜,传统音乐,"[{""公布时间"": ""2011(第三批)"", ""申报地区或单位"": ""新疆维吾尔自治区伊犁哈萨克自治州"", ""保护单位"": ""伊犁哈萨克自治州歌舞团""}]"
土家族民歌,传统音乐,"[{""公布时间"": ""2014(第四批)"", ""申报地区或单位"": ""湖南省湘西土家族苗族自治州"", ""保护单位"": ""湘西土家族苗族自治州非物质文化遗产保护中心""}, {""公布时间"": ""2014(第四批)"", ""申报地区或单位"": ""贵州省沿河土家族自治县"", ""保护单位"": ""沿河土家族自治县文化馆""}]"
渔歌（洞庭渔歌）,传统音乐,"[{""公布时间"": ""2014(第四批)"", ""申报地区或单位"": ""湖南省岳阳市"", ""保护单位"": ""岳阳市岳阳楼区文化馆（岳阳市岳阳楼区美术馆）""}]"
渔歌（汕尾渔歌）,传统音乐,"[{""公布时间"": ""2014(第四批)"", ""申报地区或单位"": ""广东省汕尾市"", ""保护单位"": ""汕尾市城区文化馆""}]"
渔歌（嵊泗渔歌）,传统音乐,"[{""公布时间"": ""2021(第五批)"", ""申报地区或单位"": ""浙江省舟山市嵊泗县"", ""保护单位"": ""嵊泗县文化馆""}]"
西岭山歌,传统音乐,"[{""公布时间"": ""2014(第四批)"", ""申报地区或单位"": ""四川省大邑县"", ""保护单位"": ""大邑县文化馆""}]"
旬阳民歌,传统音乐,"[{""公布时间"": ""2014(第四批)"", ""申报地区或单位"": ""陕西省旬阳县"", ""保护单位"": ""旬阳县文化馆""}]"
撒拉族民歌,传统音乐,"[{""公布时间"": ""2014(第四批)"", ""申报地区或单位"": ""青海省循化撒拉族自治县"", ""保护单位"": ""循化撒拉族自治县文化馆""}]"
锡伯族民歌,传统音乐,"[{""公布时间"": ""2014(第四批)"", ""申报地区或单位"": ""新疆维吾尔自治区察布查尔锡伯自治县"", ""保护单位"": ""察布查尔锡伯自治县文化馆""}]"
凌云壮族七十二巫调音乐,传统音乐,"[{""公布时间"": ""2014(第四批)"", ""申报地区或单位"": ""广西壮族自治区凌云县"", ""保护单位"": ""凌云县文化馆""}]"
毕摩音乐,传统音乐,"[{""公布时间"": ""2014(第四批)"", ""申报地区或单位"": ""四川省美姑县"", ""保护单位"": ""美姑县文化馆""}]"
剑川白曲,传统音乐,"[{""公布时间"": ""2014(第四批)"", ""申报地区或单位"": ""云南省大理白族自治州"", ""保护单位"": ""剑川县文化馆""}]"
阿斯尔,传统音乐,"[{""公布时间"": ""2014(第四批)"", ""申报地区或单位"": ""内蒙古自治区镶黄旗"", ""保护单位"": ""镶黄旗文体旅游事业发展中心""}]"
莆仙十音八乐,传统音乐,"[{""公布时间"": ""2014(第四批)"", ""申报地区或单位"": ""福建省莆田市涵江区"", ""保护单位"": ""福建省莆田市涵江区文化馆""}]"
蒙古族汗廷音乐,传统音乐,"[{""公布时间"": ""2014(第四批)"", ""申报地区或单位"": ""内蒙古自治区阿鲁科尔沁旗"", ""保护单位"": ""阿鲁科尔沁旗文化馆""}]"
浏阳文庙祭孔音乐,传统音乐,"[{""公布时间"": ""2014(第四批)"", ""申报地区或单位"": ""湖南省浏阳市"", ""保护单位"": ""浏阳市文化馆（浏阳市非物质文化遗产保护中心）""}]"
潮尔（蒙古族弓弦乐）,传统音乐,"[{""公布时间"": ""2014(第四批)"", ""申报地区或单位"": ""内蒙古自治区通辽市"", ""保护单位"": ""通辽市科尔沁潮尔协会""}]"
蒙古族托布秀尔音乐,传统音乐,"[{""公布时间"": ""2014(第四批)"", ""申报地区或单位"": ""新疆维吾尔自治区博尔塔拉蒙古自治州"", ""保护单位"": ""博尔塔拉蒙古自治州歌舞团""}]"
赫哲族嫁令阔,传统音乐,"[{""公布时间"": ""2021(第五批)"", ""申报地区或单位"": ""黑龙江省双鸭山市饶河县"", ""保护单位"": ""饶河县非物质文化遗产保护中心""}]"
崇明山歌,传统音乐,"[{""公布时间"": ""2021(第五批)"", ""申报地区或单位"": ""上海市崇明区"", ""保护单位"": ""上海市崇明区文化馆""}]"
南闸民歌,传统音乐,"[{""公布时间"": ""2021(第五批)"", ""申报地区或单位"": ""江苏省淮安市淮安区"", ""保护单位"": ""淮安市淮安区文化馆""}]"
嘉禾伴嫁歌,传统音乐,"[{""公布时间"": ""2021(第五批)"", ""申报地区或单位"": ""湖南省郴州市嘉禾县"", ""保护单位"": ""嘉禾县文化馆""}]"
疍歌,传统音乐,"[{""公布时间"": ""2021(第五批)"", ""申报地区或单位"": ""海南省三亚市"", ""保护单位"": ""三亚市群众艺术馆""}]"
仡佬族民歌,传统音乐,"[{""公布时间"": ""2021(第五批)"", ""申报地区或单位"": ""贵州省铜仁市石阡县"", ""保护单位"": ""石阡县文化馆""}]"
独龙族民歌,传统音乐,"[{""公布时间"": ""2021(第五批)"", ""申报地区或单位"": ""云南省怒江傈僳族自治州贡山独龙族怒族自治县"", ""保护单位"": ""云南省贡山独龙族怒族自治县文化馆""}]"
门巴族萨玛民歌,传统音乐,"[{""公布时间"": ""2021(第五批)"", ""申报地区或单位"": ""西藏自治区山南市"", ""保护单位"": ""西藏错那县文化局（文物局）""}]"
甘州小调,传统音乐,"[{""公布时间"": ""2021(第五批)"", ""申报地区或单位"": ""甘肃省张掖市甘州区"", ""保护单位"": ""甘州区非物质文化遗产保护中心""}]"
阿柔逗曲,传统音乐,"[{""公布时间"": ""2021(第五批)"", ""申报地区或单位"": ""青海省海北藏族自治州祁连县"", ""保护单位"": ""祁连县文化馆（祁连县图书馆、祁连县民族博物馆、祁连县非物质文化遗产传承保护中心）""}]"
两当号子,传统音乐,"[{""公布时间"": ""2021(第五批)"", ""申报地区或单位"": ""甘肃省陇南市两当县"", ""保护单位"": ""两当县文化馆""}]"
鼓吹乐（海龙鼓吹乐）,传统音乐,"[{""公布时间"": ""2021(第五批)"", ""申报地区或单位"": ""吉林省通化市梅河口市"", ""保护单位"": ""梅河口市文化馆""}]"
鼓吹乐（武家鼓吹乐棚）,传统音乐,"[{""公布时间"": ""2021(第五批)"", ""申报地区或单位"": ""黑龙江省大庆市林甸县"", ""保护单位"": ""林甸县文化馆""}]"
朝鲜族奚琴艺术,传统音乐,"[{""公布时间"": ""2021(第五批)"", ""申报地区或单位"": ""吉林省延边朝鲜族自治州延吉市"", ""保护单位"": ""延吉市朝鲜族非物质文化遗产保护中心""}]"
二胡艺术（江南孙氏二胡艺术）,传统音乐,"[{""公布时间"": ""2021(第五批)"", ""申报地区或单位"": ""上海市奉贤区"", ""保护单位"": ""上海市奉贤区文化馆（上海市奉贤区非物质文化遗产保护和传承中心）""}]"
俄罗斯族巴扬艺术,传统音乐,"[{""公布时间"": ""2021(第五批)"", ""申报地区或单位"": ""新疆维吾尔自治区伊犁哈萨克自治州伊宁市"", ""保护单位"": ""伊宁市文化馆""}]"
壮族天琴艺术,传统音乐,"[{""公布时间"": ""2021(第五批)"", ""申报地区或单位"": ""广西壮族自治区崇左市"", ""保护单位"": ""崇左市群众艺术馆""}]"
阿数瑟,传统音乐,"[{""公布时间"": ""2021(第五批)"", ""申报地区或单位"": ""云南省临沧市镇康县"", ""保护单位"": ""镇康县非物质文化遗产保护中心""}]"
天坛神乐署中和韶乐,传统音乐,"[{""公布时间"": ""2021(第五批)"", ""申报地区或单位"": ""北京市东城区"", ""保护单位"": ""北京市天坛公园管理处""}]"
宣抚司礼仪乐舞,传统音乐,"[{""公布时间"": ""2021(第五批)"", ""申报地区或单位"": ""云南省普洱市孟连傣族拉祜族佤族自治县"", ""保护单位"": ""孟连傣族拉祜族佤族自治县文化馆""}]"
京西太平鼓,传统舞蹈,"[{""公布时间"": ""2006(第一批)"", ""申报地区或单位"": ""北京市门头沟区"", ""保护单位"": ""北京市门头沟区公共文化中心（北京市门头沟区文化旅游产业促进中心）""}]"
京西太平鼓（石景山太平鼓）,传统舞蹈,"[{""公布时间"": ""2008(第二批)"", ""申报地区或单位"": ""北京市石景山区"", ""保护单位"": ""北京市石景山区非物质文化遗产保护中心""}]"
京西太平鼓（怪村太平鼓）,传统舞蹈,"[{""公布时间"": ""2008(第二批)"", ""申报地区或单位"": ""北京市丰台区"", ""保护单位"": ""北京市丰台区王佐镇怪村村民委员会""}]"
秧歌（昌黎地秧歌）,传统舞蹈,"[{""公布时间"": ""2006(第一批)"", ""申报地区或单位"": ""河北省昌黎县"", ""保护单位"": ""昌黎县文化馆""}]"
秧歌（抚顺地秧歌）,传统舞蹈,"[{""公布时间"": ""2006(第一批)"", ""申报地区或单位"": ""辽宁省抚顺市"", ""保护单位"": ""抚顺市非物质文化遗产保护中心""}]"
秧歌（鼓子秧歌）,传统舞蹈,"[{""公布时间"": ""2006(第一批)"", ""申报地区或单位"": ""山东省商河县"", ""保护单位"": ""商河县文化馆（商河县京剧团、商河县美术馆）""}]"
秧歌（胶州秧歌）,传统舞蹈,"[{""公布时间"": ""2006(第一批)"", ""申报地区或单位"": ""山东省胶州市"", ""保护单位"": ""胶州市文化服务中心""}]"
秧歌（海阳大秧歌）,传统舞蹈,"[{""公布时间"": ""2006(第一批)"", ""申报地区或单位"": ""山东省海阳市"", ""保护单位"": ""海阳市文化馆""}]"
秧歌（陕北秧歌）,传统舞蹈,"[{""公布时间"": ""2006(第一批)"", ""申报地区或单位"": ""陕西省绥德县"", ""保护单位"": ""绥德县文化馆""}]"
秧歌（济阳鼓子秧歌）,传统舞蹈,"[{""公布时间"": ""2008(第二批)"", ""申报地区或单位"": ""山东省济阳县"", ""保护单位"": ""济阳区文化馆""}]"
秧歌（临县伞头秧歌）,传统舞蹈,"[{""公布时间"": ""2008(第二批)"", ""申报地区或单位"": ""山西省临县"", ""保护单位"": ""临县伞头秧歌艺术协会""}]"
秧歌（原平凤秧歌）,传统舞蹈,"[{""公布时间"": ""2008(第二批)"", ""申报地区或单位"": ""山西省原平市"", ""保护单位"": ""原平市文化馆（原平市美术馆）""}]"
秧歌（汾阳地秧歌）,传统舞蹈,"[{""公布时间"": ""2008(第二批)"", ""申报地区或单位"": ""山西省汾阳市"", ""保护单位"": ""汾阳市文化馆""}]"
秧歌（小红门地秧歌）,传统舞蹈,"[{""公布时间"": ""2011(第三批)"", ""申报地区或单位"": ""北京市朝阳区"", ""保护单位"": ""北京市朝阳区小红门乡（地区）市民活动中心（北京市朝阳区小红门乡（地区）党群活动中心）""}]"
秧歌（乐亭地秧歌）,传统舞蹈,"[{""公布时间"": ""2011(第三批)"", ""申报地区或单位"": ""河北省乐亭县"", ""保护单位"": ""乐亭县文化遗产传承中心""}]"
秧歌（阳信鼓子秧歌）,传统舞蹈,"[{""公布时间"": ""2011(第三批)"", ""申报地区或单位"": ""山东省阳信县"", ""保护单位"": ""阳信县文化馆""}]"
秧歌（延庆旱船）,传统舞蹈,"[{""公布时间"": ""2014(第四批)"", ""申报地区或单位"": ""北京市延庆县"", ""保护单位"": ""北京市延庆区博物馆（北京市延庆区文物管理所）""}]"
秧歌（西码头百忍京秧歌高跷）,传统舞蹈,"[{""公布时间"": ""2021(第五批)"", ""申报地区或单位"": ""天津市红桥区"", ""保护单位"": ""天津市红桥区文化馆（天津市红桥区文化艺术发展中心）""}]"
秧歌（滦州地秧歌）,传统舞蹈,"[{""公布时间"": ""2021(第五批)"", ""申报地区或单位"": ""河北省唐山市滦州市"", ""保护单位"": ""滦州市文化馆""}]"
秧歌（乌拉满族秧歌）,传统舞蹈,"[{""公布时间"": ""2021(第五批)"", ""申报地区或单位"": ""吉林省吉林市"", ""保护单位"": ""吉林市艺术研究所（吉林市非物质文化遗产保护研究中心）""}]"
井陉拉花,传统舞蹈,"[{""公布时间"": ""2006(第一批)"", ""申报地区或单位"": ""河北省井陉县"", ""保护单位"": ""井陉县文化馆""}]"
龙舞（铜梁龙舞）,传统舞蹈,"[{""公布时间"": ""2006(第一批)"", ""申报地区或单位"": ""重庆市"", ""保护单位"": ""重庆市铜梁区文化馆（重庆市铜梁区龙文化发展研究中心、重庆市铜梁区非物质文化遗产中心）""}]"
龙舞（湛江人龙舞）,传统舞蹈,"[{""公布时间"": ""2006(第一批)"", ""申报地区或单位"": ""广东省湛江市"", ""保护单位"": ""湛江人龙舞艺术团""}]"
龙舞（汕尾滚地金龙）,传统舞蹈,"[{""公布时间"": ""2006(第一批)"", ""申报地区或单位"": ""广东省汕尾市"", ""保护单位"": ""陆丰市文化馆""}]"
龙舞（浦江板凳龙）,传统舞蹈,"[{""公布时间"": ""2006(第一批)"", ""申报地区或单位"": ""浙江省浦江县"", ""保护单位"": ""浦江县非物质文化遗产保护中心""}]"
龙舞（长兴百叶龙）,传统舞蹈,"[{""公布时间"": ""2006(第一批)"", ""申报地区或单位"": ""浙江省长兴县"", ""保护单位"": ""长兴县文化馆""}]"
龙舞（奉化布龙）,传统舞蹈,"[{""公布时间"": ""2006(第一批)"", ""申报地区或单位"": ""浙江省奉化市"", ""保护单位"": ""宁波市奉化区文化馆""}]"
龙舞（泸州雨坛彩龙）,传统舞蹈,"[{""公布时间"": ""2006(第一批)"", ""申报地区或单位"": ""四川省泸县"", ""保护单位"": ""泸县文化馆（泸县美术馆）""}]"
龙舞（易县摆字龙灯）,传统舞蹈,"[{""公布时间"": ""2008(第二批)"", ""申报地区或单位"": ""河北省易县"", ""保护单位"": ""易县文化馆""}]"
龙舞（曲周龙灯）,传统舞蹈,"[{""公布时间"": ""2008(第二批)"", ""申报地区或单位"": ""河北省曲周县"", ""保护单位"": ""曲周县文化馆""}]"
龙舞（金州龙舞）,传统舞蹈,"[{""公布时间"": ""2008(第二批)"", ""申报地区或单位"": ""辽宁省大连市金州区"", ""保护单位"": ""大连金普新区文化旅游事业服务中心""}]"
龙舞（舞草龙）,传统舞蹈,"[{""公布时间"": ""2008(第二批)"", ""申报地区或单位"": ""上海市松江区"", ""保护单位"": ""上海市松江区叶榭镇社区党群服务中心（上海市松江区叶榭镇文化体育服务中心）""}]"
龙舞（骆山大龙）,传统舞蹈,"[{""公布时间"": ""2008(第二批)"", ""申报地区或单位"": ""江苏省溧水区"", ""保护单位"": ""南京市溧水区文化馆""}]"
龙舞（兰溪断头龙）,传统舞蹈,"[{""公布时间"": ""2008(第二批)"", ""申报地区或单位"": ""浙江省兰溪市"", ""保护单位"": ""兰溪市畲乡风情旅游发展有限公司""}]"
龙舞（大田板灯龙）,传统舞蹈,"[{""公布时间"": ""2008(第二批)"", ""申报地区或单位"": ""福建省大田县"", ""保护单位"": ""福建省大田县文化馆""}]"
龙舞（高龙）,传统舞蹈,"[{""公布时间"": ""2008(第二批)"", ""申报地区或单位"": ""湖北省武汉市汉阳区"", ""保护单位"": ""武汉市汉阳区文化馆""}]"
龙舞（汝城香火龙）,传统舞蹈,"[{""公布时间"": ""2008(第二批)"", ""申报地区或单位"": ""湖南省汝城县"", ""保护单位"": ""汝城县文化馆""}]"
龙舞（九龙舞）,传统舞蹈,"[{""公布时间"": ""2008(第二批)"", ""申报地区或单位"": ""湖南省平江县"", ""保护单位"": ""平江县文化馆""}]"
龙舞（埔寨火龙）,传统舞蹈,"[{""公布时间"": ""2008(第二批)"", ""申报地区或单位"": ""广东省丰顺县"", ""保护单位"": ""丰顺县文化馆""}]"
龙舞（人龙舞）,传统舞蹈,"[{""公布时间"": ""2008(第二批)"", ""申报地区或单位"": ""广东省佛山市"", ""保护单位"": ""佛山市顺德区杏坛镇文化站""}]"
龙舞（荷塘纱龙）,传统舞蹈,"[{""公布时间"": ""2008(第二批)"", ""申报地区或单位"": ""广东省江门市蓬江区"", ""保护单位"": ""江门市蓬江区荷塘镇公共服务中心""}]"
龙舞（乔林烟花火龙）,传统舞蹈,"[{""公布时间"": ""2008(第二批)"", ""申报地区或单位"": ""广东省揭阳市"", ""保护单位"": ""揭阳市磐东乔林公益协会""}]"
龙舞（醉龙）,传统舞蹈,"[{""公布时间"": ""2008(第二批)"", ""申报地区或单位"": ""广东省中山市"", ""保护单位"": ""中山市西区街道宣传文化服务中心（档案馆）""}]"
龙舞（黄龙溪火龙灯舞）,传统舞蹈,"[{""公布时间"": ""2008(第二批)"", ""申报地区或单位"": ""四川省双流县"", ""保护单位"": ""双流县文化馆""}]"
龙舞（浦东绕龙灯）,传统舞蹈,"[{""公布时间"": ""2011(第三批)"", ""申报地区或单位"": ""上海市浦东新区"", ""保护单位"": ""上海市浦东新区三林镇文化服务中心""}]"
龙舞（直溪巨龙）,传统舞蹈,"[{""公布时间"": ""2011(第三批)"", ""申报地区或单位"": ""江苏省金坛市"", ""保护单位"": ""常州市金坛区文化馆""}]"
龙舞（碇步龙）,传统舞蹈,"[{""公布时间"": ""2011(第三批)"", ""申报地区或单位"": ""浙江省泰顺县"", ""保护单位"": ""泰顺县非物质文化遗产保护中心（泰顺县廊桥申遗和保护研究中心）""}]"
龙舞（开化香火草龙）,传统舞蹈,"[{""公布时间"": ""2011(第三批)"", ""申报地区或单位"": ""浙江省开化县"", ""保护单位"": ""开化县非物质文化遗产保护中心""}]"
龙舞（坎门花龙）,传统舞蹈,"[{""公布时间"": ""2011(第三批)"", ""申报地区或单位"": ""浙江省玉环县"", ""保护单位"": ""玉环市坎门花龙活动中心""}]"
龙舞（龙灯扛阁）,传统舞蹈,"[{""公布时间"": ""2011(第三批)"", ""申报地区或单位"": ""山东省临沂市"", ""保护单位"": ""临沂市河东区文化艺术馆（区画院、区柳琴剧团）""}]"
龙舞（火龙舞）,传统舞蹈,"[{""公布时间"": ""2011(第三批)"", ""申报地区或单位"": ""河南省孟州市"", ""保护单位"": ""孟州市文化馆（孟州市非物质文化遗产保护中心）""}]"
龙舞（三节龙）,传统舞蹈,"[{""公布时间"": ""2011(第三批)"", ""申报地区或单位"": ""湖北省云梦县"", ""保护单位"": ""云梦县文化馆""}]"
龙舞（地龙灯）,传统舞蹈,"[{""公布时间"": ""2011(第三批)"", ""申报地区或单位"": ""湖北省来凤县"", ""保护单位"": ""来凤县文化旅游事业发展中心""}]"
龙舞（芷江孽龙）,传统舞蹈,"[{""公布时间"": ""2011(第三批)"", ""申报地区或单位"": ""湖南省芷江侗族自治县"", ""保护单位"": ""芷江侗族自治县文化遗产保护中心""}]"
龙舞（城步吊龙）,传统舞蹈,"[{""公布时间"": ""2011(第三批)"", ""申报地区或单位"": ""湖南省城步苗族自治县"", ""保护单位"": ""城步苗族自治县文化馆""}]"
龙舞（香火龙）,传统舞蹈,"[{""公布时间"": ""2011(第三批)"", ""申报地区或单位"": ""广东省南雄市"", ""保护单位"": ""南雄市非物质文化遗产传承保护中心""}]"
龙舞（六坊云龙舞）,传统舞蹈,"[{""公布时间"": ""2011(第三批)"", ""申报地区或单位"": ""广东省中山市"", ""保护单位"": ""中山市古镇镇宣传文化服务中心（中山市古镇镇档案馆）""}]"
龙舞（鳌江划大龙）,传统舞蹈,"[{""公布时间"": ""2014(第四批)"", ""申报地区或单位"": ""浙江省平阳县"", ""保护单位"": ""平阳县鳌江大龙文化研究会""}]"
龙舞（手龙舞）,传统舞蹈,"[{""公布时间"": ""2014(第四批)"", ""申报地区或单位"": ""安徽省绩溪县"", ""保护单位"": ""绩溪县文化馆""}]"
龙舞（潜江草把龙）,传统舞蹈,"[{""公布时间"": ""2014(第四批)"", ""申报地区或单位"": ""湖北省潜江市"", ""保护单位"": ""潜江市非物质文化遗产保护中心""}]"
龙舞（徽州板凳龙）,传统舞蹈,"[{""公布时间"": ""2021(第五批)"", ""申报地区或单位"": ""安徽省黄山市休宁县"", ""保护单位"": ""休宁县文化馆（休宁县美术馆）""}]"
龙舞（王贵武龙灯）,传统舞蹈,"[{""公布时间"": ""2021(第五批)"", ""申报地区或单位"": ""湖北省黄石市铁山区"", ""保护单位"": ""黄石市开发区·铁山区文化馆""}]"
龙舞（板板龙灯）,传统舞蹈,"[{""公布时间"": ""2021(第五批)"", ""申报地区或单位"": ""湖南省张家界市慈利县"", ""保护单位"": ""慈利县非物质文化遗产保护中心""}]"
龙舞（安仁板凳龙）,传统舞蹈,"[{""公布时间"": ""2021(第五批)"", ""申报地区或单位"": ""四川省达州市"", ""保护单位"": ""达州市达川区文化馆""}]"
狮舞（徐水舞狮）,传统舞蹈,"[{""公布时间"": ""2006(第一批)"", ""申报地区或单位"": ""河北省徐水县"", ""保护单位"": ""保定市徐水区文化馆""}]"
狮舞（天塔狮舞）,传统舞蹈,"[{""公布时间"": ""2006(第一批)"", ""申报地区或单位"": ""山西省襄汾县"", ""保护单位"": ""襄汾县文化馆（襄汾县旅游服务中心、襄汾县美术馆）""}]"
狮舞（黄沙狮子）,传统舞蹈,"[{""公布时间"": ""2006(第一批)"", ""申报地区或单位"": ""浙江省临海市"", ""保护单位"": ""临海市黄沙狮子传习所""}]"
狮舞（广东醒狮）,传统舞蹈,"[{""公布时间"": ""2006(第一批)"", ""申报地区或单位"": ""广东省佛山市"", ""保护单位"": ""佛山市南海区博物馆""}, {""公布时间"": ""2006(第一批)"", ""申报地区或单位"": ""广东省遂溪县"", ""保护单位"": ""遂溪县文化馆""}, {""公布时间"": ""2006(第一批)"", ""申报地区或单位"": ""广东省广州市"", ""保护单位"": ""广州市番禺区沙湾文化传播有限责任公司""}]"
狮舞（白纸坊太狮）,传统舞蹈,"[{""公布时间"": ""2008(第二批)"", ""申报地区或单位"": ""北京市"", ""保护单位"": ""北京印钞有限公司""}]"
狮舞（沧县狮舞）,传统舞蹈,"[{""公布时间"": ""2008(第二批)"", ""申报地区或单位"": ""河北省沧县"", ""保护单位"": ""沧州刘吉舞狮大世界有限责任公司""}]"
狮舞（丰城岳家狮）,传统舞蹈,"[{""公布时间"": ""2008(第二批)"", ""申报地区或单位"": ""江西省丰城市"", ""保护单位"": ""丰城剑威学校""}]"
狮舞（小相狮舞）,传统舞蹈,"[{""公布时间"": ""2008(第二批)"", ""申报地区或单位"": ""河南省巩义市"", ""保护单位"": ""巩义市文化和体育事业发展中心（巩义市体育馆、巩义市人民文化馆、巩义市图书馆）""}]"
狮舞（槐店文狮子）,传统舞蹈,"[{""公布时间"": ""2008(第二批)"", ""申报地区或单位"": ""河南省沈丘县"", ""保护单位"": ""沈丘县回族文狮子文化协会""}]"
狮舞（席狮舞）,传统舞蹈,"[{""公布时间"": ""2008(第二批)"", ""申报地区或单位"": ""广东省梅州市"", ""保护单位"": ""梅州市梅江区文化馆""}]"
狮舞（布依族高台狮灯舞）,传统舞蹈,"[{""公布时间"": ""2008(第二批)"", ""申报地区或单位"": ""贵州省兴义市"", ""保护单位"": ""兴义市文化馆""}]"
狮舞（马桥手狮舞）,传统舞蹈,"[{""公布时间"": ""2011(第三批)"", ""申报地区或单位"": ""上海市闵行区"", ""保护单位"": ""上海市闵行区马桥镇文化体育事业发展中心""}]"
狮舞（古陂蓆狮、犁狮）,传统舞蹈,"[{""公布时间"": ""2011(第三批)"", ""申报地区或单位"": ""江西省信丰县"", ""保护单位"": ""信丰县文化馆""}]"
狮舞（青狮）,传统舞蹈,"[{""公布时间"": ""2011(第三批)"", ""申报地区或单位"": ""广东省揭阳市"", ""保护单位"": ""揭阳市孙淑强狮艺武术馆""}]"
狮舞（松岗七星狮舞）,传统舞蹈,"[{""公布时间"": ""2011(第三批)"", ""申报地区或单位"": ""广东省深圳市"", ""保护单位"": ""深圳市宝安区松岗街道党建服务中心（深圳市宝安区松岗街道人才人事服务中心、深圳市宝安区松岗街道离退休干部活动中心、深圳市宝安区松岗街道社区教育中心、深圳市宝安区松岗街道文化体育中心、深圳市宝安区松岗街道劳动保障服务中心）""}]"
狮舞（藤县狮舞）,传统舞蹈,"[{""公布时间"": ""2011(第三批)"", ""申报地区或单位"": ""广西壮族自治区藤县"", ""保护单位"": ""藤县文化馆""}]"
狮舞（田阳壮族狮舞）,传统舞蹈,"[{""公布时间"": ""2011(第三批)"", ""申报地区或单位"": ""广西壮族自治区田阳县"", ""保护单位"": ""田阳县文化馆""}]"
狮舞（高台狮舞）,传统舞蹈,"[{""公布时间"": ""2011(第三批)"", ""申报地区或单位"": ""重庆市彭水苗族土家族自治县"", ""保护单位"": ""彭水苗族土家族自治县文化馆""}]"
狮舞（黎川舞白狮）,传统舞蹈,"[{""公布时间"": ""2014(第四批)"", ""申报地区或单位"": ""江西省黎川县"", ""保护单位"": ""黎川县文化馆""}]"
狮舞（上川黄连胜醒狮舞）,传统舞蹈,"[{""公布时间"": ""2021(第五批)"", ""申报地区或单位"": ""广东省深圳市宝安区"", ""保护单位"": ""深圳市新安上合股份合作公司""}]"
狮舞（瑶族布袋木狮舞）,传统舞蹈,"[{""公布时间"": ""2021(第五批)"", ""申报地区或单位"": ""广东省清远市连州市"", ""保护单位"": ""连州市文化馆""}]"
花鼓灯（蚌埠花鼓灯）,传统舞蹈,"[{""公布时间"": ""2006(第一批)"", ""申报地区或单位"": ""安徽省蚌埠市"", ""保护单位"": ""安徽省花鼓灯歌舞剧院有限责任公司""}]"
花鼓灯（凤台花鼓灯）,传统舞蹈,"[{""公布时间"": ""2006(第一批)"", ""申报地区或单位"": ""安徽省凤台县"", ""保护单位"": ""安徽省凤台县文化馆""}]"
花鼓灯（颍上花鼓灯）,传统舞蹈,"[{""公布时间"": ""2006(第一批)"", ""申报地区或单位"": ""安徽省颍上县"", ""保护单位"": ""颍上县花鼓灯艺术团有限公司""}]"
傩舞（南丰跳傩）,传统舞蹈,"[{""公布时间"": ""2006(第一批)"", ""申报地区或单位"": ""江西省南丰县"", ""保护单位"": ""南丰跳傩研究保护中心""}]"
傩舞（婺源傩舞）,传统舞蹈,"[{""公布时间"": ""2006(第一批)"", ""申报地区或单位"": ""江西省婺源县"", ""保护单位"": ""婺源县徽剧传习所""}]"
傩舞（乐安傩舞 ）,传统舞蹈,"[{""公布时间"": ""2006(第一批)"", ""申报地区或单位"": ""江西省乐安县"", ""保护单位"": ""江西省乐安县文化馆""}]"
傩舞（寿阳爱社）,传统舞蹈,"[{""公布时间"": ""2008(第二批)"", ""申报地区或单位"": ""山西省寿阳县"", ""保护单位"": ""寿阳县人民文化馆""}]"
傩舞（祁门傩舞）,传统舞蹈,"[{""公布时间"": ""2008(第二批)"", ""申报地区或单位"": ""安徽省祁门县"", ""保护单位"": ""祁门县芦溪乡为民服务中心""}]"
傩舞（邵武傩舞）,传统舞蹈,"[{""公布时间"": ""2008(第二批)"", ""申报地区或单位"": ""福建省邵武市"", ""保护单位"": ""邵武市文化馆""}]"
傩舞（湛江傩舞）,传统舞蹈,"[{""公布时间"": ""2008(第二批)"", ""申报地区或单位"": ""广东省湛江市麻章区"", ""保护单位"": ""湛江市麻章区文化综合服务中心""}]"
傩舞（文县池哥昼）,传统舞蹈,"[{""公布时间"": ""2008(第二批)"", ""申报地区或单位"": ""甘肃省文县"", ""保护单位"": ""文县非物质文化遗产保护中心""}]"
傩舞（永靖七月跳会）,传统舞蹈,"[{""公布时间"": ""2008(第二批)"", ""申报地区或单位"": ""甘肃省永靖县"", ""保护单位"": ""永靖县文化馆""}]"
傩舞（浦南古傩）,传统舞蹈,"[{""公布时间"": ""2011(第三批)"", ""申报地区或单位"": ""福建省漳州市"", ""保护单位"": ""漳州市芗城区浦南镇便民服务中心""}]"
傩舞（跳五猖）,传统舞蹈,"[{""公布时间"": ""2014(第四批)"", ""申报地区或单位"": ""安徽省郎溪县"", ""保护单位"": ""梅渚民间文化艺术推进会""}]"
傩舞（萍乡耍傩神）,传统舞蹈,"[{""公布时间"": ""2021(第五批)"", ""申报地区或单位"": ""江西省萍乡市"", ""保护单位"": ""萍乡市文化馆""}]"
英歌（普宁英歌）,传统舞蹈,"[{""公布时间"": ""2006(第一批)"", ""申报地区或单位"": ""广东省揭阳市"", ""保护单位"": ""普宁市文化馆""}]"
英歌（潮阳英歌）,传统舞蹈,"[{""公布时间"": ""2006(第一批)"", ""申报地区或单位"": ""广东省汕头市"", ""保护单位"": ""汕头市潮阳区文化馆""}]"
英歌（甲子英歌）,传统舞蹈,"[{""公布时间"": ""2011(第三批)"", ""申报地区或单位"": ""广东省陆丰市"", ""保护单位"": ""陆丰市甲子英歌文化艺术服务中心""}]"
高跷（高跷走兽）,传统舞蹈,"[{""公布时间"": ""2006(第一批)"", ""申报地区或单位"": ""山西省稷山县"", ""保护单位"": ""稷山县文化馆（稷山县美术馆）""}]"
高跷（海城高跷）,传统舞蹈,"[{""公布时间"": ""2006(第一批)"", ""申报地区或单位"": ""辽宁省海城市"", ""保护单位"": ""海城市民间高跷秧歌艺术团""}]"
高跷（辽西高跷）,传统舞蹈,"[{""公布时间"": ""2006(第一批)"", ""申报地区或单位"": ""辽宁省锦州市"", ""保护单位"": ""锦州市太和区教育和文化旅游服务中心""}]"
高跷（苦水高高跷）,传统舞蹈,"[{""公布时间"": ""2006(第一批)"", ""申报地区或单位"": ""甘肃省永登县"", ""保护单位"": ""永登县文化馆""}]"
高跷（盖州高跷）,传统舞蹈,"[{""公布时间"": ""2008(第二批)"", ""申报地区或单位"": ""辽宁省盖州市"", ""保护单位"": ""盖州市文化旅游事业发展服务中心""}]"
高跷（上口子高跷）,传统舞蹈,"[{""公布时间"": ""2008(第二批)"", ""申报地区或单位"": ""辽宁省大洼县"", ""保护单位"": ""盘锦市文化馆""}]"
高跷（独杆跷）,传统舞蹈,"[{""公布时间"": ""2008(第二批)"", ""申报地区或单位"": ""山东省泰安市"", ""保护单位"": ""新泰市公共文化服务中心（新泰市文物保护中心、新泰市旅游推广中心）""}]"
高跷（高抬火轿）,传统舞蹈,"[{""公布时间"": ""2008(第二批)"", ""申报地区或单位"": ""河南省沁阳市"", ""保护单位"": ""沁阳市文化馆（沁阳市非物质文化遗产保护中心）""}]"
永新盾牌舞,传统舞蹈,"[{""公布时间"": ""2006(第一批)"", ""申报地区或单位"": ""江西省永新县"", ""保护单位"": ""永新县文化和旅游发展中心""}]"
盾牌舞（藤牌舞）,传统舞蹈,"[{""公布时间"": ""2011(第三批)"", ""申报地区或单位"": ""浙江省瑞安市"", ""保护单位"": ""瑞安市非物质文化遗产保护中心""}]"
翼城花鼓,传统舞蹈,"[{""公布时间"": ""2006(第一批)"", ""申报地区或单位"": ""山西省翼城县"", ""保护单位"": ""翼城县人民文化馆""}]"
泉州拍胸舞,传统舞蹈,"[{""公布时间"": ""2006(第一批)"", ""申报地区或单位"": ""福建省泉州市"", ""保护单位"": ""泉州市鲤城区文化馆""}]"
安塞腰鼓,传统舞蹈,"[{""公布时间"": ""2006(第一批)"", ""申报地区或单位"": ""陕西省安塞县"", ""保护单位"": ""延安市安塞区文化文物馆（延安市安塞区非物质文化遗产保护中心）""}]"
洛川蹩鼓,传统舞蹈,"[{""公布时间"": ""2006(第一批)"", ""申报地区或单位"": ""陕西省洛川县"", ""保护单位"": ""洛川县文化馆""}]"
兰州太平鼓,传统舞蹈,"[{""公布时间"": ""2006(第一批)"", ""申报地区或单位"": ""甘肃省兰州市"", ""保护单位"": ""皋兰县太平鼓协会""}]"
余杭滚灯,传统舞蹈,"[{""公布时间"": ""2006(第一批)"", ""申报地区或单位"": ""浙江省杭州市余杭区"", ""保护单位"": ""杭州市临平区文化馆""}]"
滚灯（奉贤滚灯）,传统舞蹈,"[{""公布时间"": ""2008(第二批)"", ""申报地区或单位"": ""上海市奉贤区"", ""保护单位"": ""上海市奉贤区柘林镇社区党群服务中心（上海市奉贤区柘林镇文化体育服务中心）""}]"
滚灯（海盐滚灯）,传统舞蹈,"[{""公布时间"": ""2008(第二批)"", ""申报地区或单位"": ""浙江省海盐县"", ""保护单位"": ""海盐县非物质文化遗产保护中心""}]"
土家族摆手舞,传统舞蹈,"[{""公布时间"": ""2006(第一批)"", ""申报地区或单位"": ""湖南省湘西土家族苗族自治州"", ""保护单位"": ""湘西土家族苗族自治州非物质文化遗产保护中心""}]"
土家族摆手舞（恩施摆手舞）,传统舞蹈,"[{""公布时间"": ""2008(第二批)"", ""申报地区或单位"": ""湖北省来凤县"", ""保护单位"": ""来凤县文化旅游事业发展中心""}]"
土家族摆手舞（酉阳摆手舞）,传统舞蹈,"[{""公布时间"": ""2008(第二批)"", ""申报地区或单位"": ""重庆市酉阳土家族苗族自治县"", ""保护单位"": ""酉阳土家族苗族自治县文化馆（酉阳土家族苗族自治县文化生态保护中心、酉阳土家族苗族自治县非物质文化遗产保护中心）""}]"
土家族撒叶儿嗬,传统舞蹈,"[{""公布时间"": ""2006(第一批)"", ""申报地区或单位"": ""湖北省长阳土家族自治县"", ""保护单位"": ""长阳土家族自治县民族民间传统文化保护中心""}, {""公布时间"": ""2014(第四批)"", ""申报地区或单位"": ""湖北省五峰土家族自治县"", ""保护单位"": ""五峰土家族自治县文化馆""}, {""公布时间"": ""2014(第四批)"", ""申报地区或单位"": ""湖北省巴东县"", ""保护单位"": ""巴东县文化和旅游事业发展中心""}, {""公布时间"": ""2014(第四批)"", ""申报地区或单位"": ""湖南省桑植县"", ""保护单位"": ""桑植县非物质文化遗产保护中心""}]"
弦子舞（巴塘弦子舞）,传统舞蹈,"[{""公布时间"": ""2006(第一批)"", ""申报地区或单位"": ""四川省巴塘县"", ""保护单位"": ""巴塘县文化馆""}]"
弦子舞（芒康弦子舞）,传统舞蹈,"[{""公布时间"": ""2006(第一批)"", ""申报地区或单位"": ""西藏自治区"", ""保护单位"": ""西藏自治区昌都市芒康县文化局""}]"
弦子舞（玉树依舞）,传统舞蹈,"[{""公布时间"": ""2008(第二批)"", ""申报地区或单位"": ""青海省玉树藏族自治州"", ""保护单位"": ""玉树藏族自治州文化馆""}]"
锅庄舞（迪庆锅庄舞）,传统舞蹈,"[{""公布时间"": ""2006(第一批)"", ""申报地区或单位"": ""云南省迪庆藏族自治州"", ""保护单位"": ""迪庆藏族自治州非物质文化遗产保护中心""}]"
锅庄舞（昌都锅庄舞）,传统舞蹈,"[{""公布时间"": ""2006(第一批)"", ""申报地区或单位"": ""西藏自治区"", ""保护单位"": ""西藏自治区昌都市卡若区文化局""}]"
锅庄舞（玉树卓舞）,传统舞蹈,"[{""公布时间"": ""2006(第一批)"", ""申报地区或单位"": ""青海省玉树藏族自治州"", ""保护单位"": ""玉树藏族自治州文化馆""}]"
锅庄舞（甘孜锅庄）,传统舞蹈,"[{""公布时间"": ""2008(第二批)"", ""申报地区或单位"": ""四川省石渠县"", ""保护单位"": ""石渠县文化馆""}, {""公布时间"": ""2008(第二批)"", ""申报地区或单位"": ""四川省雅江县"", ""保护单位"": ""雅江县旅游服务中心""}, {""公布时间"": ""2008(第二批)"", ""申报地区或单位"": ""四川省新龙县"", ""保护单位"": ""新龙县文化馆""}, {""公布时间"": ""2008(第二批)"", ""申报地区或单位"": ""四川省德格县"", ""保护单位"": ""德格县文化馆""}]"
锅庄舞（马奈锅庄）,传统舞蹈,"[{""公布时间"": ""2008(第二批)"", ""申报地区或单位"": ""四川省金川县"", ""保护单位"": ""金川县文化馆""}]"
锅庄舞（称多白龙卓舞）,传统舞蹈,"[{""公布时间"": ""2008(第二批)"", ""申报地区或单位"": ""青海省称多县"", ""保护单位"": ""称多县文化馆""}]"
锅庄舞（囊谦卓干玛）,传统舞蹈,"[{""公布时间"": ""2008(第二批)"", ""申报地区或单位"": ""青海省囊谦县"", ""保护单位"": ""囊谦县文化馆""}]"
锅庄舞（甘南锅庄舞）,传统舞蹈,"[{""公布时间"": ""2021(第五批)"", ""申报地区或单位"": ""甘肃省甘南藏族自治州"", ""保护单位"": ""甘南藏族自治州文化馆（甘南藏族自治州美术馆）""}]"
热巴舞（丁青热巴）,传统舞蹈,"[{""公布时间"": ""2006(第一批)"", ""申报地区或单位"": ""西藏自治区"", ""保护单位"": ""丁青县文化和旅游局（丁青县文物局、丁青县文化市场综合行政执法队）""}]"
热巴舞（那曲比如丁嘎热巴）,传统舞蹈,"[{""公布时间"": ""2006(第一批)"", ""申报地区或单位"": ""西藏自治区"", ""保护单位"": ""西藏那曲市比如县文化和旅游局""}]"
热巴舞,传统舞蹈,"[{""公布时间"": ""2014(第四批)"", ""申报地区或单位"": ""云南省迪庆藏族自治州"", ""保护单位"": ""迪庆藏族自治州非物质文化遗产保护中心""}]"
日喀则扎什伦布寺羌姆,传统舞蹈,"[{""公布时间"": ""2006(第一批)"", ""申报地区或单位"": ""西藏自治区"", ""保护单位"": ""日喀则地区扎什伦布寺管理委员会""}]"
羌姆（拉康加羌姆）,传统舞蹈,"[{""公布时间"": ""2011(第三批)"", ""申报地区或单位"": ""西藏自治区洛扎县"", ""保护单位"": ""西藏洛扎县文化局""}]"
羌姆（直孔嘎尔羌姆）,传统舞蹈,"[{""公布时间"": ""2011(第三批)"", ""申报地区或单位"": ""西藏自治区墨竹工卡县"", ""保护单位"": ""西藏拉萨市墨竹工卡县直孔替寺管理委员会""}]"
羌姆（曲德寺阿羌姆）,传统舞蹈,"[{""公布时间"": ""2011(第三批)"", ""申报地区或单位"": ""西藏自治区贡嘎县"", ""保护单位"": ""山南市贡嘎县贡嘎曲德寺管理委员会""}]"
羌姆（桑耶寺羌姆）,传统舞蹈,"[{""公布时间"": ""2014(第四批)"", ""申报地区或单位"": ""西藏自治区扎囊县"", ""保护单位"": ""山南市桑耶寺管理委员会""}]"
羌姆（门巴族拔羌姆）,传统舞蹈,"[{""公布时间"": ""2014(第四批)"", ""申报地区或单位"": ""西藏自治区错那县"", ""保护单位"": ""西藏错那县文化局（文物局）""}]"
羌姆（江洛德庆曲林寺尼姑羌姆）,传统舞蹈,"[{""公布时间"": ""2014(第四批)"", ""申报地区或单位"": ""西藏自治区日喀则市"", ""保护单位"": ""日喀则市桑珠孜区文化和旅游局""}]"
羌姆（林芝米纳羌姆）,传统舞蹈,"[{""公布时间"": ""2014(第四批)"", ""申报地区或单位"": ""西藏自治区林芝县"", ""保护单位"": ""西藏林芝市巴宜区文化和旅游局""}]"
苗族芦笙舞（锦鸡舞）,传统舞蹈,"[{""公布时间"": ""2006(第一批)"", ""申报地区或单位"": ""贵州省丹寨县"", ""保护单位"": ""丹寨县非物质文化遗产保护中心""}]"
苗族芦笙舞（鼓龙鼓虎-长衫龙）,传统舞蹈,"[{""公布时间"": ""2006(第一批)"", ""申报地区或单位"": ""贵州省贵定县"", ""保护单位"": ""贵定县文物保护站（贵定县非物质文化遗产保护中心）""}]"
苗族芦笙舞（滚山珠）,传统舞蹈,"[{""公布时间"": ""2006(第一批)"", ""申报地区或单位"": ""贵州省纳雍县"", ""保护单位"": ""纳雍县文物（非物质文化）管理所""}]"
苗族芦笙舞,传统舞蹈,"[{""公布时间"": ""2008(第二批)"", ""申报地区或单位"": ""贵州省雷山县"", ""保护单位"": ""雷山县非物质文化遗产保护中心""}, {""公布时间"": ""2008(第二批)"", ""申报地区或单位"": ""贵州省关岭布依族苗族自治县"", ""保护单位"": ""关岭布依族苗族自治县文化馆""}, {""公布时间"": ""2008(第二批)"", ""申报地区或单位"": ""贵州省榕江县"", ""保护单位"": ""榕江县非物质文化遗产保护中心""}, {""公布时间"": ""2008(第二批)"", ""申报地区或单位"": ""贵州省水城县"", ""保护单位"": ""六盘水市钟山区文化馆""}, {""公布时间"": ""2014(第四批)"", ""申报地区或单位"": ""贵州省普安县"", ""保护单位"": ""普安县文化馆""}]"
朝鲜族农乐舞（乞粒舞）,传统舞蹈,"[{""公布时间"": ""2006(第一批)"", ""申报地区或单位"": ""辽宁省本溪市"", ""保护单位"": ""桓仁满族自治县文化旅游发展服务中心（桓仁满族自治县文物管理局）（桓仁满族自治县民俗博物馆）（桓仁满族自治县玉女山博物馆）（桓仁满族自治县文化馆）""}]"
朝鲜族农乐舞（象帽舞）,传统舞蹈,"[{""公布时间"": ""2006(第一批)"", ""申报地区或单位"": ""吉林省延边朝鲜族自治州"", ""保护单位"": ""汪清县文化馆""}]"
朝鲜族农乐舞,传统舞蹈,"[{""公布时间"": ""2008(第二批)"", ""申报地区或单位"": ""辽宁省铁岭市"", ""保护单位"": ""铁岭市朝鲜族文化艺术馆""}]"
木鼓舞（反排苗族木鼓舞）,传统舞蹈,"[{""公布时间"": ""2006(第一批)"", ""申报地区或单位"": ""贵州省台江县"", ""保护单位"": ""台江县非物质文化遗产保护中心""}]"
木鼓舞（沧源佤族木鼓舞）,传统舞蹈,"[{""公布时间"": ""2006(第一批)"", ""申报地区或单位"": ""云南省沧源佤族自治县"", ""保护单位"": ""沧源佤族自治县文化馆""}]"
铜鼓舞（文山壮族、彝族铜鼓舞）,传统舞蹈,"[{""公布时间"": ""2006(第一批)"", ""申报地区或单位"": ""云南省文山壮族苗族自治州"", ""保护单位"": ""文山壮族苗族自治州非物质文化遗产保护和艺术研究中心""}]"
铜鼓舞（田林瑶族铜鼓舞）,传统舞蹈,"[{""公布时间"": ""2008(第二批)"", ""申报地区或单位"": ""广西壮族自治区田林县"", ""保护单位"": ""田林县文化馆（田林县广播电视服务中心）""}]"
铜鼓舞（雷山苗族铜鼓舞）,传统舞蹈,"[{""公布时间"": ""2008(第二批)"", ""申报地区或单位"": ""贵州省雷山县"", ""保护单位"": ""雷山县非物质文化遗产保护中心""}]"
铜鼓舞（南丹勤泽格拉）,传统舞蹈,"[{""公布时间"": ""2014(第四批)"", ""申报地区或单位"": ""广西壮族自治区南丹县"", ""保护单位"": ""南丹县非物质文化遗产保护传承中心""}]"
傣族孔雀舞,传统舞蹈,"[{""公布时间"": ""2006(第一批)"", ""申报地区或单位"": ""云南省瑞丽市"", ""保护单位"": ""瑞丽市文化馆""}]"
达斡尔族鲁日格勒舞,传统舞蹈,"[{""公布时间"": ""2006(第一批)"", ""申报地区或单位"": ""内蒙古自治区莫力达瓦达斡尔族自治旗"", ""保护单位"": ""莫力达瓦达斡尔族自治旗文化馆（莫力达瓦达斡尔族自治旗非物质文化遗产保护中心）""}, {""公布时间"": ""2006(第一批)"", ""申报地区或单位"": ""黑龙江省哈尔滨市"", ""保护单位"": ""齐齐哈尔市梅里斯达斡尔族区文化馆""}]"
蒙古族安代舞,传统舞蹈,"[{""公布时间"": ""2006(第一批)"", ""申报地区或单位"": ""内蒙古自治区库伦旗"", ""保护单位"": ""库伦旗文化馆（库伦旗非物质文化遗产保护中心）""}]"
湘西苗族鼓舞,传统舞蹈,"[{""公布时间"": ""2006(第一批)"", ""申报地区或单位"": ""湖南省湘西土家族苗族自治州"", ""保护单位"": ""湘西土家族苗族自治州非物质文化遗产保护中心""}]"
湘西土家族毛古斯舞,传统舞蹈,"[{""公布时间"": ""2006(第一批)"", ""申报地区或单位"": ""湖南省湘西土家族苗族自治州"", ""保护单位"": ""湘西土家族苗族自治州非物质文化遗产保护中心""}]"
黎族打柴舞,传统舞蹈,"[{""公布时间"": ""2006(第一批)"", ""申报地区或单位"": ""海南省三亚市"", ""保护单位"": ""三亚市群众艺术馆""}]"
卡斯达温舞,传统舞蹈,"[{""公布时间"": ""2006(第一批)"", ""申报地区或单位"": ""四川省黑水县"", ""保护单位"": ""黑水县文化馆""}]"
㑇舞,传统舞蹈,"[{""公布时间"": ""2006(第一批)"", ""申报地区或单位"": ""四川省九寨沟县"", ""保护单位"": ""九寨沟县文化馆""}]"
傈僳族阿尺木刮,传统舞蹈,"[{""公布时间"": ""2006(第一批)"", ""申报地区或单位"": ""云南省维西傈僳族自治县"", ""保护单位"": ""维西傈僳族自治县非物质文化遗产保护中心""}]"
彝族葫芦笙舞,传统舞蹈,"[{""公布时间"": ""2006(第一批)"", ""申报地区或单位"": ""云南省文山壮族苗族自治州"", ""保护单位"": ""西畴县非物质文化遗产保护中心""}]"
彝族烟盒舞,传统舞蹈,"[{""公布时间"": ""2006(第一批)"", ""申报地区或单位"": ""云南省红河哈尼族彝族自治州"", ""保护单位"": ""石屏县文化馆""}]"
基诺大鼓舞,传统舞蹈,"[{""公布时间"": ""2006(第一批)"", ""申报地区或单位"": ""云南省景洪市"", ""保护单位"": ""景洪市文化馆""}]"
山南昌果卓舞,传统舞蹈,"[{""公布时间"": ""2006(第一批)"", ""申报地区或单位"": ""西藏自治区"", ""保护单位"": ""贡嘎县文化局（文物局）""}]"
卓舞（琼结久河卓舞）,传统舞蹈,"[{""公布时间"": ""2014(第四批)"", ""申报地区或单位"": ""西藏自治区琼结县"", ""保护单位"": ""西藏琼结县文化局（文物局）""}]"
卓舞（热振曲卓）,传统舞蹈,"[{""公布时间"": ""2021(第五批)"", ""申报地区或单位"": ""西藏自治区拉萨市"", ""保护单位"": ""林周县文化和旅游局（林周县文物局）""}]"
卓舞（斯马卓）,传统舞蹈,"[{""公布时间"": ""2021(第五批)"", ""申报地区或单位"": ""西藏自治区日喀则市"", ""保护单位"": ""日喀则市桑珠孜区文化和旅游局""}]"
土族於菟,传统舞蹈,"[{""公布时间"": ""2006(第一批)"", ""申报地区或单位"": ""青海省同仁县"", ""保护单位"": ""同仁县文化馆""}]"
塔吉克族鹰舞,传统舞蹈,"[{""公布时间"": ""2006(第一批)"", ""申报地区或单位"": ""新疆维吾尔自治区塔什库尔干塔吉克自治县"", ""保护单位"": ""新疆塔什库尔干塔吉克自治县文化馆""}]"
鼓舞（花钹大鼓）,传统舞蹈,"[{""公布时间"": ""2008(第二批)"", ""申报地区或单位"": ""北京市昌平区"", ""保护单位"": ""北京市昌平区小汤山镇后牛坊村民委员会""}]"
鼓舞（隆尧招子鼓）,传统舞蹈,"[{""公布时间"": ""2008(第二批)"", ""申报地区或单位"": ""河北省隆尧县"", ""保护单位"": ""隆尧县文化馆""}]"
鼓舞（平定武迓鼓）,传统舞蹈,"[{""公布时间"": ""2008(第二批)"", ""申报地区或单位"": ""山西省平定县"", ""保护单位"": ""平定县文化馆（平定县美术馆）""}]"
鼓舞（大奏鼓）,传统舞蹈,"[{""公布时间"": ""2008(第二批)"", ""申报地区或单位"": ""浙江省温岭市"", ""保护单位"": ""温岭市石塘镇里箬村股份经济合作社""}]"
鼓舞（陈官短穗花鼓）,传统舞蹈,"[{""公布时间"": ""2008(第二批)"", ""申报地区或单位"": ""山东省广饶县"", ""保护单位"": ""广饶县文化馆""}]"
鼓舞（柳林花鼓）,传统舞蹈,"[{""公布时间"": ""2008(第二批)"", ""申报地区或单位"": ""山东省冠县"", ""保护单位"": ""冠县文化图书馆""}]"
鼓舞（花鞭鼓舞）,传统舞蹈,"[{""公布时间"": ""2008(第二批)"", ""申报地区或单位"": ""山东省商河县"", ""保护单位"": ""商河县文化馆（商河县京剧团、商河县美术馆）""}]"
鼓舞（八卦鼓舞）,传统舞蹈,"[{""公布时间"": ""2008(第二批)"", ""申报地区或单位"": ""山东省栖霞市"", ""保护单位"": ""栖霞市文化馆""}]"
鼓舞（横山老腰鼓）,传统舞蹈,"[{""公布时间"": ""2008(第二批)"", ""申报地区或单位"": ""陕西省横山县"", ""保护单位"": ""榆林市横山区文化馆（榆林市横山区文物保护所）""}]"
鼓舞（宜川胸鼓）,传统舞蹈,"[{""公布时间"": ""2008(第二批)"", ""申报地区或单位"": ""陕西省宜川县"", ""保护单位"": ""宜川县文化馆""}]"
鼓舞（凉州攻鼓子）,传统舞蹈,"[{""公布时间"": ""2008(第二批)"", ""申报地区或单位"": ""甘肃省武威市"", ""保护单位"": ""凉州区文化馆""}]"
鼓舞（武山旋鼓舞）,传统舞蹈,"[{""公布时间"": ""2008(第二批)"", ""申报地区或单位"": ""甘肃省武山县"", ""保护单位"": ""武山县文化馆""}]"
鼓舞（万荣花鼓）,传统舞蹈,"[{""公布时间"": ""2011(第三批)"", ""申报地区或单位"": ""山西省万荣县"", ""保护单位"": ""万荣县文化馆""}]"
鼓舞（土沃老花鼓）,传统舞蹈,"[{""公布时间"": ""2011(第三批)"", ""申报地区或单位"": ""山西省沁水县"", ""保护单位"": ""沁水县文化馆""}]"
鼓舞（稷山高台花鼓）,传统舞蹈,"[{""公布时间"": ""2011(第三批)"", ""申报地区或单位"": ""山西省稷山县"", ""保护单位"": ""稷山县安福高台花鼓演艺中心""}]"
鼓舞（乌拉陈汉军旗单鼓舞）,传统舞蹈,"[{""公布时间"": ""2011(第三批)"", ""申报地区或单位"": ""吉林省吉林市"", ""保护单位"": ""吉林市艺术研究所（吉林市非物质文化遗产保护研究中心）""}]"
鼓舞（辽西太平鼓）,传统舞蹈,"[{""公布时间"": ""2021(第五批)"", ""申报地区或单位"": ""辽宁省葫芦岛市"", ""保护单位"": ""绥中县文化旅游事务服务中心""}]"
鼓舞（四筒鼓舞）,传统舞蹈,"[{""公布时间"": ""2021(第五批)"", ""申报地区或单位"": ""云南省昭通市昭阳区"", ""保护单位"": ""昭通市昭阳区文化馆""}]"
鼓舞（彝族花鼓舞）,传统舞蹈,"[{""公布时间"": ""2021(第五批)"", ""申报地区或单位"": ""云南省玉溪市峨山彝族自治县"", ""保护单位"": ""峨山彝族自治县文艺创作室（峨山彝族自治县文化遗产保护传承中心）""}]"
麒麟舞,传统舞蹈,"[{""公布时间"": ""2008(第二批)"", ""申报地区或单位"": ""河北省黄骅市"", ""保护单位"": ""黄骅市文化馆""}, {""公布时间"": ""2008(第二批)"", ""申报地区或单位"": ""河南省兰考县"", ""保护单位"": ""兰考县人民文化馆""}, {""公布时间"": ""2008(第二批)"", ""申报地区或单位"": ""广东省海丰县"", ""保护单位"": ""海丰县文化馆（海丰县非物质文化遗产保护中心）""}]"
麒麟舞（麒麟采八宝）,传统舞蹈,"[{""公布时间"": ""2011(第三批)"", ""申报地区或单位"": ""山西省侯马市"", ""保护单位"": ""侯马市文化馆（市公共图书馆、市美术馆）""}]"
麒麟舞（睢县麒麟舞）,传统舞蹈,"[{""公布时间"": ""2011(第三批)"", ""申报地区或单位"": ""河南省睢县"", ""保护单位"": ""睢县人民文化馆（睢县非物质文化遗产保护中心）""}]"
麒麟舞（坂田永胜堂舞麒麟）,传统舞蹈,"[{""公布时间"": ""2011(第三批)"", ""申报地区或单位"": ""广东省深圳市"", ""保护单位"": ""深圳市龙岗区坂田街道公共事务中心""}]"
麒麟舞（大船坑舞麒麟）,传统舞蹈,"[{""公布时间"": ""2011(第三批)"", ""申报地区或单位"": ""广东省深圳市"", ""保护单位"": ""深圳市龙华区大浪办事处大船坑麒麟协会""}]"
麒麟舞（樟木头舞麒麟）,传统舞蹈,"[{""公布时间"": ""2011(第三批)"", ""申报地区或单位"": ""广东省东莞市"", ""保护单位"": ""东莞市樟木头镇文化服务中心（东莞市樟木头镇体育管理服务中心）""}]"
麒麟舞（西贡坑口客家舞麒麟）,传统舞蹈,"[{""公布时间"": ""2014(第四批)"", ""申报地区或单位"": ""香港特别行政区"", ""保护单位"": ""香港西贡坑口区传统客家麒麟协会""}]"
竹马（东坝大马灯）,传统舞蹈,"[{""公布时间"": ""2008(第二批)"", ""申报地区或单位"": ""江苏省高淳县"", ""保护单位"": ""南京市高淳区文化馆""}]"
竹马（邳州跑竹马）,传统舞蹈,"[{""公布时间"": ""2008(第二批)"", ""申报地区或单位"": ""江苏省邳州市"", ""保护单位"": ""邳州市文化馆""}]"
竹马（蒋塘马灯舞）,传统舞蹈,"[{""公布时间"": ""2011(第三批)"", ""申报地区或单位"": ""江苏省溧阳市"", ""保护单位"": ""溧阳市公共文化体育中心""}]"
竹马（淳安竹马）,传统舞蹈,"[{""公布时间"": ""2014(第四批)"", ""申报地区或单位"": ""浙江省淳安县"", ""保护单位"": ""淳安县博物馆（淳安县文物保护管理所、淳安县非物质文化遗产保护中心）""}]"
灯舞（青田鱼灯舞）,传统舞蹈,"[{""公布时间"": ""2008(第二批)"", ""申报地区或单位"": ""浙江省青田县"", ""保护单位"": ""青田县非物质文化遗产研究保护中心""}]"
灯舞（东至花灯舞）,传统舞蹈,"[{""公布时间"": ""2008(第二批)"", ""申报地区或单位"": ""安徽省东至县"", ""保护单位"": ""东至县文化馆""}]"
灯舞（莆田九鲤灯舞）,传统舞蹈,"[{""公布时间"": ""2008(第二批)"", ""申报地区或单位"": ""福建省莆田市"", ""保护单位"": ""莆田市荔城区黄石镇和平村村民委员会""}]"
灯舞（鲤鱼灯舞）,传统舞蹈,"[{""公布时间"": ""2008(第二批)"", ""申报地区或单位"": ""江西省吉安县"", ""保护单位"": ""吉安县文化馆（吉安县非物质文化遗产保护中心）""}]"
灯舞（苏家作龙凤灯舞）,传统舞蹈,"[{""公布时间"": ""2008(第二批)"", ""申报地区或单位"": ""河南省博爱县"", ""保护单位"": ""焦作市苏家作龙凤灯舞保护协会""}]"
灯舞（沙头角鱼灯舞）,传统舞蹈,"[{""公布时间"": ""2008(第二批)"", ""申报地区或单位"": ""广东省深圳市"", ""保护单位"": ""深圳市盐田区沙溪沙头角鱼灯舞艺术服务中心""}]"
灯舞（无为鱼灯）,传统舞蹈,"[{""公布时间"": ""2011(第三批)"", ""申报地区或单位"": ""安徽省无为县"", ""保护单位"": ""无为县文化馆""}]"
灯舞（上舍化龙灯）,传统舞蹈,"[{""公布时间"": ""2014(第四批)"", ""申报地区或单位"": ""浙江省安吉县"", ""保护单位"": ""安吉县梅溪镇上舍村股份经济合作社""}]"
灯舞（青田百鸟灯舞）,传统舞蹈,"[{""公布时间"": ""2014(第四批)"", ""申报地区或单位"": ""浙江省青田县"", ""保护单位"": ""青田县非物质文化遗产研究保护中心""}]"
灯舞（郧阳凤凰灯舞）,传统舞蹈,"[{""公布时间"": ""2014(第四批)"", ""申报地区或单位"": ""湖北省十堰市郧阳区"", ""保护单位"": ""十堰市郧阳区文化馆""}]"
灯舞（吉水鳌鱼灯）,传统舞蹈,"[{""公布时间"": ""2021(第五批)"", ""申报地区或单位"": ""江西省吉安市吉水县"", ""保护单位"": ""吉水县文化馆""}]"
灯舞（五虾闹鲇）,传统舞蹈,"[{""公布时间"": ""2021(第五批)"", ""申报地区或单位"": ""湖北省荆州市"", ""保护单位"": ""荆州市群众艺术馆（荆州市艺术研究所）""}]"
沧州落子,传统舞蹈,"[{""公布时间"": ""2008(第二批)"", ""申报地区或单位"": ""河北省南皮县"", ""保护单位"": ""南皮县文化馆""}]"
十八蝴蝶,传统舞蹈,"[{""公布时间"": ""2008(第二批)"", ""申报地区或单位"": ""浙江省永康市"", ""保护单位"": ""永康市民间艺术表演协会""}]"
火老虎,传统舞蹈,"[{""公布时间"": ""2008(第二批)"", ""申报地区或单位"": ""安徽省凤台县"", ""保护单位"": ""安徽省凤台县文化馆""}]"
商羊舞,传统舞蹈,"[{""公布时间"": ""2008(第二批)"", ""申报地区或单位"": ""山东省鄄城县"", ""保护单位"": ""鄄城县文化馆""}]"
跑帷子,传统舞蹈,"[{""公布时间"": ""2008(第二批)"", ""申报地区或单位"": ""河南省汤阴县"", ""保护单位"": ""汤阴县文化馆""}]"
官会响锣,传统舞蹈,"[{""公布时间"": ""2008(第二批)"", ""申报地区或单位"": ""河南省项城市"", ""保护单位"": ""项城市文化馆（项城市非物质文化遗产保护中心）""}]"
肉连响,传统舞蹈,"[{""公布时间"": ""2008(第二批)"", ""申报地区或单位"": ""湖北省利川市"", ""保护单位"": ""利川市文化旅游事业发展中心""}]"
禾楼舞,传统舞蹈,"[{""公布时间"": ""2008(第二批)"", ""申报地区或单位"": ""广东省郁南县"", ""保护单位"": ""郁南县文化图书和博物馆""}]"
蜈蚣舞,传统舞蹈,"[{""公布时间"": ""2008(第二批)"", ""申报地区或单位"": ""广东省汕头市澄海区"", ""保护单位"": ""汕头市澄海区文化馆""}]"
翻山铰子,传统舞蹈,"[{""公布时间"": ""2008(第二批)"", ""申报地区或单位"": ""四川省平昌县"", ""保护单位"": ""平昌县文化馆""}]"
靖边跑驴,传统舞蹈,"[{""公布时间"": ""2008(第二批)"", ""申报地区或单位"": ""陕西省靖边县"", ""保护单位"": ""靖边县公共文化服务中心（靖边县文化馆、靖边县书画研究院）""}]"
查玛,传统舞蹈,"[{""公布时间"": ""2008(第二批)"", ""申报地区或单位"": ""内蒙古自治区阿拉善盟"", ""保护单位"": ""阿拉善左旗文化馆""}]"
朝鲜族鹤舞,传统舞蹈,"[{""公布时间"": ""2008(第二批)"", ""申报地区或单位"": ""吉林省延边朝鲜族自治州"", ""保护单位"": ""安图县文化馆（安图县文化中心）""}]"
鹤舞（三灶鹤舞）,传统舞蹈,"[{""公布时间"": ""2011(第三批)"", ""申报地区或单位"": ""广东省珠海市"", ""保护单位"": ""珠海市金湾区三灶镇文化服务中心（珠海市金湾区三灶镇老干部活动中心）""}]"
朝鲜族长鼓舞,传统舞蹈,"[{""公布时间"": ""2008(第二批)"", ""申报地区或单位"": ""吉林省图们市"", ""保护单位"": ""图们市文化馆""}]"
瑶族长鼓舞,传统舞蹈,"[{""公布时间"": ""2008(第二批)"", ""申报地区或单位"": ""湖南省江华瑶族自治县"", ""保护单位"": ""江华瑶族自治县文化馆""}, {""公布时间"": ""2008(第二批)"", ""申报地区或单位"": ""广东省连南瑶族自治县"", ""保护单位"": ""连南瑶族自治县文化馆""}, {""公布时间"": ""2008(第二批)"", ""申报地区或单位"": ""广西壮族自治区富川瑶族自治县"", ""保护单位"": ""富川瑶族自治县文化馆""}]"
瑶族长鼓舞（小长鼓舞）,传统舞蹈,"[{""公布时间"": ""2011(第三批)"", ""申报地区或单位"": ""广东省连山壮族瑶族自治县"", ""保护单位"": ""连山壮族瑶族自治县文化馆""}]"
瑶族长鼓舞（黄泥鼓舞）,传统舞蹈,"[{""公布时间"": ""2011(第三批)"", ""申报地区或单位"": ""广西壮族自治区金秀瑶族自治县"", ""保护单位"": ""金秀瑶族自治县文化馆""}]"
傣族象脚鼓舞,传统舞蹈,"[{""公布时间"": ""2008(第二批)"", ""申报地区或单位"": ""云南省潞西市"", ""保护单位"": ""芒市文化馆（芒市非物质文化遗产保护中心）""}, {""公布时间"": ""2008(第二批)"", ""申报地区或单位"": ""云南省西双版纳傣族自治州"", ""保护单位"": ""西双版纳傣族自治州文化馆""}]"
羌族羊皮鼓舞,传统舞蹈,"[{""公布时间"": ""2008(第二批)"", ""申报地区或单位"": ""四川省汶川县"", ""保护单位"": ""汶川县文化馆""}]"
毛南族打猴鼓舞,传统舞蹈,"[{""公布时间"": ""2008(第二批)"", ""申报地区或单位"": ""贵州省平塘县"", ""保护单位"": ""平塘县文学艺术研究所（平塘县非物质文化遗产保护中心）""}]"
瑶族猴鼓舞,传统舞蹈,"[{""公布时间"": ""2008(第二批)"", ""申报地区或单位"": ""贵州省荔波县"", ""保护单位"": ""荔波县文化馆""}]"
高山族拉手舞,传统舞蹈,"[{""公布时间"": ""2008(第二批)"", ""申报地区或单位"": ""福建省华安县"", ""保护单位"": ""福建省华安县文化馆""}]"
得荣学羌,传统舞蹈,"[{""公布时间"": ""2008(第二批)"", ""申报地区或单位"": ""四川省得荣县"", ""保护单位"": ""得荣县文化馆""}]"
甲搓,传统舞蹈,"[{""公布时间"": ""2008(第二批)"", ""申报地区或单位"": ""四川省盐源县"", ""保护单位"": ""盐源县文化馆""}]"
博巴森根,传统舞蹈,"[{""公布时间"": ""2008(第二批)"", ""申报地区或单位"": ""四川省理县"", ""保护单位"": ""理县文化馆""}]"
彝族铃铛舞,传统舞蹈,"[{""公布时间"": ""2008(第二批)"", ""申报地区或单位"": ""贵州省赫章县"", ""保护单位"": ""赫章县文化馆""}]"
彝族打歌,传统舞蹈,"[{""公布时间"": ""2008(第二批)"", ""申报地区或单位"": ""云南省巍山彝族回族自治县"", ""保护单位"": ""巍山彝族回族自治县文化馆""}]"
彝族跳菜,传统舞蹈,"[{""公布时间"": ""2008(第二批)"", ""申报地区或单位"": ""云南省南涧彝族自治县"", ""保护单位"": ""南涧彝族自治县文化馆（南涧彝族自治县文物管理所、南涧彝族自治县非物质文化遗产保护中心）""}]"
彝族老虎笙,传统舞蹈,"[{""公布时间"": ""2008(第二批)"", ""申报地区或单位"": ""云南省双柏县"", ""保护单位"": ""双柏县文化馆""}]"
彝族左脚舞,传统舞蹈,"[{""公布时间"": ""2008(第二批)"", ""申报地区或单位"": ""云南省牟定县"", ""保护单位"": ""牟定县文化馆""}]"
乐作舞,传统舞蹈,"[{""公布时间"": ""2008(第二批)"", ""申报地区或单位"": ""云南省红河县"", ""保护单位"": ""红河县文化馆""}]"
彝族三弦舞（阿细跳月）,传统舞蹈,"[{""公布时间"": ""2008(第二批)"", ""申报地区或单位"": ""云南省弥勒县"", ""保护单位"": ""弥勒市文化馆""}]"
彝族三弦舞（撒尼大三弦）,传统舞蹈,"[{""公布时间"": ""2008(第二批)"", ""申报地区或单位"": ""云南省石林彝族自治县"", ""保护单位"": ""石林彝族自治县阿诗玛文化传承与保护中心（石林彝族自治县阿诗玛文化研究所、石林彝族自治县非物质文化遗产保护中心）""}]"
纳西族热美蹉,传统舞蹈,"[{""公布时间"": ""2008(第二批)"", ""申报地区或单位"": ""云南省丽江市古城区"", ""保护单位"": ""古城区非物质文化遗产保护管理中心""}]"
布朗族蜂桶鼓舞,传统舞蹈,"[{""公布时间"": ""2008(第二批)"", ""申报地区或单位"": ""云南省双江拉祜族佤族布朗族傣族自治县"", ""保护单位"": ""双江拉祜族佤族布朗族傣族自治县文化馆""}]"
普米族搓蹉,传统舞蹈,"[{""公布时间"": ""2008(第二批)"", ""申报地区或单位"": ""云南省兰坪白族普米族自治县"", ""保护单位"": ""兰坪白族普米族自治县非物质文化遗产保护中心""}]"
拉祜族芦笙舞,传统舞蹈,"[{""公布时间"": ""2008(第二批)"", ""申报地区或单位"": ""云南省澜沧拉祜族自治县"", ""保护单位"": ""澜沧拉祜族自治县文化馆""}]"
宣舞（古格宣舞）,传统舞蹈,"[{""公布时间"": ""2008(第二批)"", ""申报地区或单位"": ""西藏自治区札达县"", ""保护单位"": ""札达县文化旅游和体育局""}]"
宣舞（普堆巴宣舞）,传统舞蹈,"[{""公布时间"": ""2008(第二批)"", ""申报地区或单位"": ""西藏自治区墨竹工卡县"", ""保护单位"": ""墨竹工卡县文化和旅游局（墨竹工卡县文物局）""}]"
宣舞（札达卡尔玛宣舞）,传统舞蹈,"[{""公布时间"": ""2014(第四批)"", ""申报地区或单位"": ""西藏自治区阿里地区"", ""保护单位"": ""阿里地区群众艺术馆""}]"
拉萨囊玛,传统舞蹈,"[{""公布时间"": ""2008(第二批)"", ""申报地区或单位"": ""西藏自治区拉萨市"", ""保护单位"": ""拉萨市城关区娘热民间艺术有限公司""}]"
堆谐（拉孜堆谐）,传统舞蹈,"[{""公布时间"": ""2008(第二批)"", ""申报地区或单位"": ""西藏自治区拉孜县"", ""保护单位"": ""拉孜县文化和旅游局（拉孜县文物局）""}]"
堆谐（甘孜踢踏）,传统舞蹈,"[{""公布时间"": ""2014(第四批)"", ""申报地区或单位"": ""四川省甘孜县"", ""保护单位"": ""甘孜县文化馆""}]"
谐钦（拉萨纳如谐钦）,传统舞蹈,"[{""公布时间"": ""2008(第二批)"", ""申报地区或单位"": ""西藏自治区拉萨市城关区"", ""保护单位"": ""拉萨市文化局""}]"
谐钦（南木林土布加谐钦）,传统舞蹈,"[{""公布时间"": ""2008(第二批)"", ""申报地区或单位"": ""西藏自治区南木林县"", ""保护单位"": ""南木林县文化和旅游局""}]"
谐钦（尼玛乡谐钦）,传统舞蹈,"[{""公布时间"": ""2011(第三批)"", ""申报地区或单位"": ""西藏自治区班戈县"", ""保护单位"": ""西藏那曲市班戈县文化和旅游局""}]"
阿谐（达布阿谐）,传统舞蹈,"[{""公布时间"": ""2008(第二批)"", ""申报地区或单位"": ""西藏自治区比如县"", ""保护单位"": ""西藏那曲市比如县文化和旅游局""}]"
嘎尔,传统舞蹈,"[{""公布时间"": ""2008(第二批)"", ""申报地区或单位"": ""西藏自治区"", ""保护单位"": ""西藏自治区群众艺术馆（西藏自治区非物质文化遗产保护中心）""}]"
芒康三弦舞,传统舞蹈,"[{""公布时间"": ""2008(第二批)"", ""申报地区或单位"": ""西藏自治区芒康县"", ""保护单位"": ""西藏自治区昌都市芒康县文化局""}]"
定日洛谐,传统舞蹈,"[{""公布时间"": ""2008(第二批)"", ""申报地区或单位"": ""西藏自治区定日县"", ""保护单位"": ""定日县文化和旅游局""}]"
旦嘎甲谐,传统舞蹈,"[{""公布时间"": ""2008(第二批)"", ""申报地区或单位"": ""西藏自治区萨嘎县"", ""保护单位"": ""萨嘎县文化和旅游局""}]"
廓孜,传统舞蹈,"[{""公布时间"": ""2008(第二批)"", ""申报地区或单位"": ""西藏自治区曲水县"", ""保护单位"": ""曲水县文化和旅游局（曲水县文物局）""}]"
多地舞,传统舞蹈,"[{""公布时间"": ""2008(第二批)"", ""申报地区或单位"": ""甘肃省舟曲县"", ""保护单位"": ""舟曲县文化馆""}]"
巴郎鼓舞,传统舞蹈,"[{""公布时间"": ""2008(第二批)"", ""申报地区或单位"": ""甘肃省卓尼县"", ""保护单位"": ""卓尼县文化馆""}]"
藏族螭鼓舞,传统舞蹈,"[{""公布时间"": ""2008(第二批)"", ""申报地区或单位"": ""青海省循化撒拉族自治县"", ""保护单位"": ""循化撒拉族自治县文化馆""}]"
则柔（尚尤则柔）,传统舞蹈,"[{""公布时间"": ""2008(第二批)"", ""申报地区或单位"": ""青海省贵德县"", ""保护单位"": ""贵德县人民文化馆""}]"
蒙古族萨吾尔登,传统舞蹈,"[{""公布时间"": ""2008(第二批)"", ""申报地区或单位"": ""新疆维吾尔自治区和静县"", ""保护单位"": ""和静县东归文化馆""}]"
萨吾尔登,传统舞蹈,"[{""公布时间"": ""2011(第三批)"", ""申报地区或单位"": ""新疆维吾尔自治区博湖县"", ""保护单位"": ""博湖县非物质文化遗产保护中心""}, {""公布时间"": ""2021(第五批)"", ""申报地区或单位"": ""内蒙古自治区阿拉善盟额济纳旗"", ""保护单位"": ""额济纳旗文化馆""}]"
锡伯族贝伦舞,传统舞蹈,"[{""公布时间"": ""2008(第二批)"", ""申报地区或单位"": ""新疆维吾尔自治区察布查尔锡伯自治县"", ""保护单位"": ""察布查尔锡伯自治县文化馆""}]"
维吾尔族赛乃姆,传统舞蹈,"[{""公布时间"": ""2008(第二批)"", ""申报地区或单位"": ""新疆维吾尔自治区哈密地区"", ""保护单位"": ""哈密市非物质文化遗产保护中心""}, {""公布时间"": ""2008(第二批)"", ""申报地区或单位"": ""新疆维吾尔自治区莎车县"", ""保护单位"": ""莎车县文化馆""}]"
赛乃姆（若羌赛乃姆）,传统舞蹈,"[{""公布时间"": ""2011(第三批)"", ""申报地区或单位"": ""新疆维吾尔自治区若羌县"", ""保护单位"": ""若羌县文化馆""}]"
赛乃姆（且末赛乃姆）,传统舞蹈,"[{""公布时间"": ""2011(第三批)"", ""申报地区或单位"": ""新疆维吾尔自治区且末县"", ""保护单位"": ""且末县文化馆""}]"
赛乃姆（库尔勒赛乃姆）,传统舞蹈,"[{""公布时间"": ""2011(第三批)"", ""申报地区或单位"": ""新疆维吾尔自治区库尔勒市"", ""保护单位"": ""库尔勒市文化馆""}]"
赛乃姆（伊犁赛乃姆）,传统舞蹈,"[{""公布时间"": ""2011(第三批)"", ""申报地区或单位"": ""新疆维吾尔自治区伊宁县"", ""保护单位"": ""伊宁县文化馆（伊宁县文化艺术中心）""}]"
赛乃姆（库车赛乃姆）,传统舞蹈,"[{""公布时间"": ""2011(第三批)"", ""申报地区或单位"": ""新疆维吾尔自治区库车县"", ""保护单位"": ""库车县文化馆""}]"
赛乃姆（和田赛乃姆）,传统舞蹈,"[{""公布时间"": ""2014(第四批)"", ""申报地区或单位"": ""新疆维吾尔自治区于田县"", ""保护单位"": ""于田县文化馆""}]"
跳马伕,传统舞蹈,"[{""公布时间"": ""2011(第三批)"", ""申报地区或单位"": ""江苏省如东县"", ""保护单位"": ""如东县文化馆""}]"
仗鼓舞（桑植仗鼓舞）,传统舞蹈,"[{""公布时间"": ""2011(第三批)"", ""申报地区或单位"": ""湖南省桑植县"", ""保护单位"": ""桑植县非物质文化遗产保护中心""}]"
南县地花鼓,传统舞蹈,"[{""公布时间"": ""2011(第三批)"", ""申报地区或单位"": ""湖南省南县"", ""保护单位"": ""南县文化馆""}]"
跳花棚,传统舞蹈,"[{""公布时间"": ""2011(第三批)"", ""申报地区或单位"": ""广东省化州市"", ""保护单位"": ""化州市文化馆""}]"
老古舞,传统舞蹈,"[{""公布时间"": ""2011(第三批)"", ""申报地区或单位"": ""海南省白沙黎族自治县"", ""保护单位"": ""海南省白沙黎族自治县文化馆""}]"
跳曹盖,传统舞蹈,"[{""公布时间"": ""2011(第三批)"", ""申报地区或单位"": ""四川省平武县"", ""保护单位"": ""平武县非物质文化遗产保护中心""}]"
棕扇舞,传统舞蹈,"[{""公布时间"": ""2011(第三批)"", ""申报地区或单位"": ""云南省元江哈尼族彝族傣族自治县"", ""保护单位"": ""元江县文化馆""}]"
鄂温克族萨满舞,传统舞蹈,"[{""公布时间"": ""2011(第三批)"", ""申报地区或单位"": ""内蒙古自治区根河市"", ""保护单位"": ""根河市文化馆""}]"
协荣仲孜,传统舞蹈,"[{""公布时间"": ""2011(第三批)"", ""申报地区或单位"": ""西藏自治区曲水县"", ""保护单位"": ""曲水县文化和旅游局（曲水县文物局）""}]"
普兰果尔孜,传统舞蹈,"[{""公布时间"": ""2011(第三批)"", ""申报地区或单位"": ""西藏自治区阿里地区"", ""保护单位"": ""阿里地区群众艺术馆""}]"
陈塘夏尔巴歌舞,传统舞蹈,"[{""公布时间"": ""2011(第三批)"", ""申报地区或单位"": ""西藏自治区定结县"", ""保护单位"": ""定结县文化和旅游局""}]"
巴当舞,传统舞蹈,"[{""公布时间"": ""2011(第三批)"", ""申报地区或单位"": ""甘肃省岷县"", ""保护单位"": ""岷县文化馆""}]"
安昭,传统舞蹈,"[{""公布时间"": ""2011(第三批)"", ""申报地区或单位"": ""青海省互助土族自治县"", ""保护单位"": ""互助土族自治县文化馆""}]"
萨玛舞,传统舞蹈,"[{""公布时间"": ""2011(第三批)"", ""申报地区或单位"": ""新疆维吾尔自治区喀什市"", ""保护单位"": ""喀什市文化馆""}]"
哈萨克族卡拉角勒哈,传统舞蹈,"[{""公布时间"": ""2011(第三批)"", ""申报地区或单位"": ""新疆维吾尔自治区伊犁哈萨克自治州"", ""保护单位"": ""伊犁哈萨克自治州文化艺术研究所""}]"
太子务武吵子,传统舞蹈,"[{""公布时间"": ""2014(第四批)"", ""申报地区或单位"": ""北京市大兴区"", ""保护单位"": ""北京市大兴区榆垡镇太子务村股份经济合作社""}]"
左权小花戏,传统舞蹈,"[{""公布时间"": ""2014(第四批)"", ""申报地区或单位"": ""山西省左权县"", ""保护单位"": ""左权县人民文化馆""}]"
博舞,传统舞蹈,"[{""公布时间"": ""2014(第四批)"", ""申报地区或单位"": ""吉林省前郭尔罗斯蒙古族自治县"", ""保护单位"": ""前郭尔罗斯蒙古族自治县草原文化馆""}]"
洪泽湖渔鼓,传统舞蹈,"[{""公布时间"": ""2014(第四批)"", ""申报地区或单位"": ""江苏省洪泽县"", ""保护单位"": ""淮安市洪泽区文化馆""}, {""公布时间"": ""2014(第四批)"", ""申报地区或单位"": ""江苏省泗洪县"", ""保护单位"": ""泗洪县文化馆""}]"
龙岩采茶灯,传统舞蹈,"[{""公布时间"": ""2014(第四批)"", ""申报地区或单位"": ""福建省龙岩市新罗区"", ""保护单位"": ""龙岩市新罗区龙岩采茶灯研究会""}]"
宜黄禾杠舞,传统舞蹈,"[{""公布时间"": ""2014(第四批)"", ""申报地区或单位"": ""江西省宜黄县"", ""保护单位"": ""宜黄县文化馆""}]"
耍老虎,传统舞蹈,"[{""公布时间"": ""2014(第四批)"", ""申报地区或单位"": ""河南省焦作市"", ""保护单位"": ""焦作市文化馆（焦作市非物质文化遗产保护中心）""}]"
棕包脑,传统舞蹈,"[{""公布时间"": ""2014(第四批)"", ""申报地区或单位"": ""湖南省洞口县"", ""保护单位"": ""洞口县非物质文化遗产保护中心""}]"
瑶族金锣舞,传统舞蹈,"[{""公布时间"": ""2014(第四批)"", ""申报地区或单位"": ""广西壮族自治区田东县"", ""保护单位"": ""田东县文化馆""}]"
玩牛,传统舞蹈,"[{""公布时间"": ""2014(第四批)"", ""申报地区或单位"": ""重庆市石柱土家族自治县"", ""保护单位"": ""石柱土家族自治县文化生态保护管理中心""}]"
古蔺花灯,传统舞蹈,"[{""公布时间"": ""2014(第四批)"", ""申报地区或单位"": ""四川省古蔺县"", ""保护单位"": ""古蔺县文化馆""}]"
登嘎甘（熊猫舞）,传统舞蹈,"[{""公布时间"": ""2014(第四批)"", ""申报地区或单位"": ""四川省九寨沟县"", ""保护单位"": ""九寨沟县文化馆""}]"
阿妹戚托,传统舞蹈,"[{""公布时间"": ""2014(第四批)"", ""申报地区或单位"": ""贵州省晴隆县"", ""保护单位"": ""晴隆县文化馆""}]"
布依族转场舞,传统舞蹈,"[{""公布时间"": ""2014(第四批)"", ""申报地区或单位"": ""贵州省册亨县"", ""保护单位"": ""册亨县文化馆""}]"
耳子歌,传统舞蹈,"[{""公布时间"": ""2014(第四批)"", ""申报地区或单位"": ""云南省大理白族自治州"", ""保护单位"": ""云龙县文化馆""}]"
铓鼓舞,传统舞蹈,"[{""公布时间"": ""2014(第四批)"", ""申报地区或单位"": ""云南省建水县"", ""保护单位"": ""建水县非物质文化遗产保护中心""}]"
水鼓舞,传统舞蹈,"[{""公布时间"": ""2014(第四批)"", ""申报地区或单位"": ""云南省瑞丽市"", ""保护单位"": ""瑞丽市文化馆""}]"
怒族达比亚舞,传统舞蹈,"[{""公布时间"": ""2014(第四批)"", ""申报地区或单位"": ""云南省福贡县"", ""保护单位"": ""福贡县文化馆""}]"
锅哇（玉树武士舞）,传统舞蹈,"[{""公布时间"": ""2014(第四批)"", ""申报地区或单位"": ""青海省玉树藏族自治州"", ""保护单位"": ""玉树州民间文化艺术协会""}]"
纳孜库姆,传统舞蹈,"[{""公布时间"": ""2014(第四批)"", ""申报地区或单位"": ""新疆维吾尔自治区吐鲁番市"", ""保护单位"": ""吐鲁番市高昌区文化馆""}]"
六郎庄五虎棍,传统舞蹈,"[{""公布时间"": ""2021(第五批)"", ""申报地区或单位"": ""北京市海淀区"", ""保护单位"": ""北京万柳置业集团有限公司""}]"
翼城浑身板,传统舞蹈,"[{""公布时间"": ""2021(第五批)"", ""申报地区或单位"": ""山西省临汾市翼城县"", ""保护单位"": ""翼城县人民文化馆""}]"
泰兴花鼓,传统舞蹈,"[{""公布时间"": ""2021(第五批)"", ""申报地区或单位"": ""江苏省泰州市泰兴市"", ""保护单位"": ""泰兴市文化馆""}]"
佾舞,传统舞蹈,"[{""公布时间"": ""2021(第五批)"", ""申报地区或单位"": ""福建省福州市福清市"", ""保护单位"": ""福清市立达孔学会""}]"
阴阳板,传统舞蹈,"[{""公布时间"": ""2021(第五批)"", ""申报地区或单位"": ""山东省济宁市邹城市"", ""保护单位"": ""邹城市文化旅游公共服务中心（邹城市图书馆、邹城市文化馆）""}]"
海南苗族盘皇舞,传统舞蹈,"[{""公布时间"": ""2021(第五批)"", ""申报地区或单位"": ""海南省五指山市"", ""保护单位"": ""五指山市文化馆""}]"
多耶,传统舞蹈,"[{""公布时间"": ""2021(第五批)"", ""申报地区或单位"": ""广西壮族自治区柳州市三江侗族自治县"", ""保护单位"": ""三江侗族自治县文化馆（三江侗族自治县非物质文化遗产保护与发展中心）""}]"
壮族打扁担,传统舞蹈,"[{""公布时间"": ""2021(第五批)"", ""申报地区或单位"": ""广西壮族自治区河池市都安瑶族自治县"", ""保护单位"": ""都安瑶族自治县文化馆""}]"
苗族古瓢舞,传统舞蹈,"[{""公布时间"": ""2021(第五批)"", ""申报地区或单位"": ""贵州省黔东南苗族侗族自治州"", ""保护单位"": ""黔东南州非物质文化遗产保护中心""}]"
傣族白象、马鹿舞,传统舞蹈,"[{""公布时间"": ""2021(第五批)"", ""申报地区或单位"": ""云南省"", ""保护单位"": ""云南省非物质文化遗产保护中心""}]"
陇西云阳板,传统舞蹈,"[{""公布时间"": ""2021(第五批)"", ""申报地区或单位"": ""甘肃省定西市陇西县"", ""保护单位"": ""甘肃省陇西县文化馆""}]"
黄羊钱鞭,传统舞蹈,"[{""公布时间"": ""2021(第五批)"", ""申报地区或单位"": ""宁夏回族自治区中卫市中宁县"", ""保护单位"": ""中宁县文化馆""}]"
俄罗斯族踢踏舞,传统舞蹈,"[{""公布时间"": ""2021(第五批)"", ""申报地区或单位"": ""新疆维吾尔自治区塔城地区塔城市"", ""保护单位"": ""塔城市文化馆""}]"
昆曲,传统戏剧,"[{""公布时间"": ""2006(第一批)"", ""申报地区或单位"": ""北京市"", ""保护单位"": ""北方昆曲剧院""}, {""公布时间"": ""2006(第一批)"", ""申报地区或单位"": ""上海市"", ""保护单位"": ""上海昆剧团""}, {""公布时间"": ""2006(第一批)"", ""申报地区或单位"": ""江苏省"", ""保护单位"": ""江苏省演艺集团有限公司，江苏省苏州昆剧院""}, {""公布时间"": ""2006(第一批)"", ""申报地区或单位"": ""浙江省"", ""保护单位"": ""永嘉昆剧团（浙江永嘉昆曲传习所）""}, {""公布时间"": ""2006(第一批)"", ""申报地区或单位"": ""湖南省"", ""保护单位"": ""湖南省昆剧团""}, {""公布时间"": ""2006(第一批)"", ""申报地区或单位"": ""中国艺术研究院"", ""保护单位"": ""中国艺术研究院""}]"
梨园戏,传统戏剧,"[{""公布时间"": ""2006(第一批)"", ""申报地区或单位"": ""福建省泉州市"", ""保护单位"": ""福建省梨园戏传承中心（福建省梨园戏实验剧团）""}]"
莆仙戏,传统戏剧,"[{""公布时间"": ""2006(第一批)"", ""申报地区或单位"": ""福建省莆田市"", ""保护单位"": ""莆田市艺术研究所""}]"
潮剧,传统戏剧,"[{""公布时间"": ""2006(第一批)"", ""申报地区或单位"": ""广东省潮州市"", ""保护单位"": ""潮州市潮剧团""}, {""公布时间"": ""2006(第一批)"", ""申报地区或单位"": ""广东省汕头市"", ""保护单位"": ""汕头市潮剧潮乐传承中心（广东潮剧院）""}, {""公布时间"": ""2008(第二批)"", ""申报地区或单位"": ""广东省揭阳市"", ""保护单位"": ""揭阳市潮剧传承保护中心""}, {""公布时间"": ""2011(第三批)"", ""申报地区或单位"": ""福建省云霄县"", ""保护单位"": ""云霄县潮剧传承保护中心""}]"
弋阳腔,传统戏剧,"[{""公布时间"": ""2006(第一批)"", ""申报地区或单位"": ""江西省弋阳县"", ""保护单位"": ""弋阳腔艺术保护中心""}]"
青阳腔,传统戏剧,"[{""公布时间"": ""2006(第一批)"", ""申报地区或单位"": ""安徽省青阳县"", ""保护单位"": ""青阳县文化馆""}, {""公布时间"": ""2006(第一批)"", ""申报地区或单位"": ""江西省湖口县"", ""保护单位"": ""湖口县非物质文化遗产保护研究会""}]"
高腔（西安高腔）,传统戏剧,"[{""公布时间"": ""2006(第一批)"", ""申报地区或单位"": ""浙江省衢州市"", ""保护单位"": ""衢州市西安高腔传习所""}]"
高腔（松阳高腔）,传统戏剧,"[{""公布时间"": ""2006(第一批)"", ""申报地区或单位"": ""浙江省松阳县"", ""保护单位"": ""松阳县文化馆""}]"
高腔（岳西高腔）,传统戏剧,"[{""公布时间"": ""2006(第一批)"", ""申报地区或单位"": ""安徽省岳西县"", ""保护单位"": ""岳西高腔传承中心""}]"
高腔（辰河高腔）,传统戏剧,"[{""公布时间"": ""2006(第一批)"", ""申报地区或单位"": ""湖南省辰溪县"", ""保护单位"": ""辰溪县高腔艺术保护传承中心""}, {""公布时间"": ""2006(第一批)"", ""申报地区或单位"": ""湖南省泸溪县"", ""保护单位"": ""泸溪县辰河高腔传习所""}]"
高腔（常德高腔）,传统戏剧,"[{""公布时间"": ""2006(第一批)"", ""申报地区或单位"": ""湖南省常德市"", ""保护单位"": ""常德市汉剧高腔保护中心""}]"
新昌调腔,传统戏剧,"[{""公布时间"": ""2006(第一批)"", ""申报地区或单位"": ""浙江省新昌县"", ""保护单位"": ""新昌县调腔保护传承发展中心""}]"
宁海平调,传统戏剧,"[{""公布时间"": ""2006(第一批)"", ""申报地区或单位"": ""浙江省宁海县"", ""保护单位"": ""宁海县平调艺术传承中心""}]"
永安大腔戏,传统戏剧,"[{""公布时间"": ""2006(第一批)"", ""申报地区或单位"": ""福建省永安市"", ""保护单位"": ""永安市青水畲族乡社会事务综合服务中心（加挂“永安市青水畲族乡退役军人服务站”牌子）""}]"
四平戏,传统戏剧,"[{""公布时间"": ""2006(第一批)"", ""申报地区或单位"": ""福建省屏南县"", ""保护单位"": ""屏南龙潭四平戏剧团""}, {""公布时间"": ""2006(第一批)"", ""申报地区或单位"": ""福建省政和县"", ""保护单位"": ""政和县文化馆""}]"
川剧,传统戏剧,"[{""公布时间"": ""2006(第一批)"", ""申报地区或单位"": ""重庆市"", ""保护单位"": ""重庆市川剧院""}, {""公布时间"": ""2006(第一批)"", ""申报地区或单位"": ""四川省"", ""保护单位"": ""四川省艺术研究院""}]"
湘剧,传统戏剧,"[{""公布时间"": ""2006(第一批)"", ""申报地区或单位"": ""湖南省衡阳市"", ""保护单位"": ""衡阳湘剧艺术有限责任公司""}, {""公布时间"": ""2008(第二批)"", ""申报地区或单位"": ""湖南省湘剧院"", ""保护单位"": ""湖南省湘剧院""}, {""公布时间"": ""2008(第二批)"", ""申报地区或单位"": ""湖南省长沙市"", ""保护单位"": ""长沙市湘剧保护传承中心""}, {""公布时间"": ""2008(第二批)"", ""申报地区或单位"": ""湖南省桂阳县"", ""保护单位"": ""桂阳县湘剧保护传承中心""}]"
湘剧（涟源湘剧）,传统戏剧,"[{""公布时间"": ""2021(第五批)"", ""申报地区或单位"": ""湖南省娄底市涟源市"", ""保护单位"": ""涟源市湘剧保护传承中心""}]"
广昌孟戏,传统戏剧,"[{""公布时间"": ""2006(第一批)"", ""申报地区或单位"": ""江西省广昌县"", ""保护单位"": ""江西省广昌县文化馆""}]"
正字戏,传统戏剧,"[{""公布时间"": ""2006(第一批)"", ""申报地区或单位"": ""广东省陆丰市"", ""保护单位"": ""陆丰市正字戏传承保护中心""}]"
秦腔,传统戏剧,"[{""公布时间"": ""2006(第一批)"", ""申报地区或单位"": ""陕西省"", ""保护单位"": ""西安易俗社文化研究院""}, {""公布时间"": ""2008(第二批)"", ""申报地区或单位"": ""甘肃省秦剧团"", ""保护单位"": ""甘肃秦腔艺术剧院有限责任公司""}, {""公布时间"": ""2014(第四批)"", ""申报地区或单位"": ""宁夏回族自治区"", ""保护单位"": ""宁夏演艺集团秦腔剧院有限公司""}, {""公布时间"": ""2014(第四批)"", ""申报地区或单位"": ""新疆生产建设兵团"", ""保护单位"": ""新疆生产建设兵团猛进秦剧团""}]"
汉调桄桄,传统戏剧,"[{""公布时间"": ""2006(第一批)"", ""申报地区或单位"": ""陕西省汉中市"", ""保护单位"": ""汉中市群众艺术馆（汉中市非物质文化遗产保护中心）""}]"
晋剧,传统戏剧,"[{""公布时间"": ""2006(第一批)"", ""申报地区或单位"": ""山西省"", ""保护单位"": ""山西省晋剧院""}, {""公布时间"": ""2008(第二批)"", ""申报地区或单位"": ""河北省张家口市"", ""保护单位"": ""张家口戏曲艺术研究院""}, {""公布时间"": ""2008(第二批)"", ""申报地区或单位"": ""山西省太原市"", ""保护单位"": ""太原市晋剧艺术研究院""}, {""公布时间"": ""2011(第三批)"", ""申报地区或单位"": ""河北省井陉县"", ""保护单位"": ""井陉县文化馆""}, {""公布时间"": ""2011(第三批)"", ""申报地区或单位"": ""内蒙古自治区呼和浩特市"", ""保护单位"": ""呼和浩特市群众艺术馆""}, {""公布时间"": ""2014(第四批)"", ""申报地区或单位"": ""山西省晋中市"", ""保护单位"": ""晋中市晋剧和民间艺术研究院""}]"
蒲州梆子,传统戏剧,"[{""公布时间"": ""2006(第一批)"", ""申报地区或单位"": ""山西省临汾市"", ""保护单位"": ""临汾蒲剧院""}, {""公布时间"": ""2006(第一批)"", ""申报地区或单位"": ""山西省运城市"", ""保护单位"": ""山西省运城市蒲剧团""}]"
北路梆子,传统戏剧,"[{""公布时间"": ""2006(第一批)"", ""申报地区或单位"": ""山西省忻州市"", ""保护单位"": ""忻州文化研究院（五台山研究院）""}, {""公布时间"": ""2011(第三批)"", ""申报地区或单位"": ""山西省大同市"", ""保护单位"": ""大同市北路梆子和耍孩剧种保护传习中心""}]"
上党梆子,传统戏剧,"[{""公布时间"": ""2006(第一批)"", ""申报地区或单位"": ""山西省晋城市"", ""保护单位"": ""晋城市文化和旅游发展研究中心""}, {""公布时间"": ""2008(第二批)"", ""申报地区或单位"": ""山西省长治市"", ""保护单位"": ""长治市上党梆子剧团""}]"
河北梆子,传统戏剧,"[{""公布时间"": ""2006(第一批)"", ""申报地区或单位"": ""河北省"", ""保护单位"": ""河北省河北梆子剧院演艺有限公司""}, {""公布时间"": ""2008(第二批)"", ""申报地区或单位"": ""北京市河北梆子剧团"", ""保护单位"": ""北京市河北梆子剧团有限责任公司""}, {""公布时间"": ""2008(第二批)"", ""申报地区或单位"": ""天津河北梆子剧院"", ""保护单位"": ""天津河北梆子剧院""}]"
豫剧,传统戏剧,"[{""公布时间"": ""2006(第一批)"", ""申报地区或单位"": ""河南省"", ""保护单位"": ""河南省非物质文化遗产保护和智慧化中心""}, {""公布时间"": ""2021(第五批)"", ""申报地区或单位"": ""新疆生产建设兵团"", ""保护单位"": ""新疆生产建设兵团豫剧团""}]"
豫剧（桑派）,传统戏剧,"[{""公布时间"": ""2008(第二批)"", ""申报地区或单位"": ""河北省邯郸市"", ""保护单位"": ""邯郸市东风剧团""}]"
宛梆,传统戏剧,"[{""公布时间"": ""2006(第一批)"", ""申报地区或单位"": ""河南省内乡县"", ""保护单位"": ""内乡县宛梆艺术传承保护中心""}]"
怀梆,传统戏剧,"[{""公布时间"": ""2006(第一批)"", ""申报地区或单位"": ""河南省沁阳市"", ""保护单位"": ""沁阳市怀梆艺术保护传承中心""}]"
大平调,传统戏剧,"[{""公布时间"": ""2006(第一批)"", ""申报地区或单位"": ""河南省濮阳县"", ""保护单位"": ""濮阳县大平调艺术保护传承中心""}, {""公布时间"": ""2006(第一批)"", ""申报地区或单位"": ""河南省滑县"", ""保护单位"": ""滑县大平调剧团""}, {""公布时间"": ""2006(第一批)"", ""申报地区或单位"": ""河南省延津县"", ""保护单位"": ""延津县大平调艺术传承保护中心""}, {""公布时间"": ""2008(第二批)"", ""申报地区或单位"": ""山东省东明县"", ""保护单位"": ""东明县地方戏曲非遗保护传承中心""}, {""公布时间"": ""2008(第二批)"", ""申报地区或单位"": ""山东省菏泽市牡丹区"", ""保护单位"": ""菏泽市牡丹区大平调非遗保护传承中心""}, {""公布时间"": ""2011(第三批)"", ""申报地区或单位"": ""山东省成武县"", ""保护单位"": ""成武县文化馆""}, {""公布时间"": ""2011(第三批)"", ""申报地区或单位"": ""河南省浚县"", ""保护单位"": ""浚县大平调传承保护中心""}]"
越调,传统戏剧,"[{""公布时间"": ""2006(第一批)"", ""申报地区或单位"": ""河南省周口市"", ""保护单位"": ""河南省越调艺术保护传承中心""}, {""公布时间"": ""2008(第二批)"", ""申报地区或单位"": ""河南省许昌市"", ""保护单位"": ""许昌市戏曲艺术发展中心（许昌市越调艺术保护传承中心）""}, {""公布时间"": ""2011(第三批)"", ""申报地区或单位"": ""河南省邓州市"", ""保护单位"": ""邓州市越调剧团""}, {""公布时间"": ""2014(第四批)"", ""申报地区或单位"": ""湖北省谷城县"", ""保护单位"": ""谷城县文化馆""}]"
京剧,传统戏剧,"[{""公布时间"": ""2006(第一批)"", ""申报地区或单位"": ""北京市"", ""保护单位"": ""北京京剧院""}, {""公布时间"": ""2006(第一批)"", ""申报地区或单位"": ""天津市"", ""保护单位"": ""天津京剧院""}, {""公布时间"": ""2006(第一批)"", ""申报地区或单位"": ""辽宁省"", ""保护单位"": ""沈阳市公共文化服务中心（沈阳市文化演艺中心）""}, {""公布时间"": ""2006(第一批)"", ""申报地区或单位"": ""上海市"", ""保护单位"": ""上海京剧院""}, {""公布时间"": ""2006(第一批)"", ""申报地区或单位"": ""山东省"", ""保护单位"": ""山东省京剧院""}, {""公布时间"": ""2006(第一批)"", ""申报地区或单位"": ""中国国家京剧院"", ""保护单位"": ""中国国家京剧院""}, {""公布时间"": ""2008(第二批)"", ""申报地区或单位"": ""湖北省京剧院"", ""保护单位"": ""湖北省京剧院""}, {""公布时间"": ""2011(第三批)"", ""申报地区或单位"": ""江苏省演艺集团"", ""保护单位"": ""江苏省演艺集团有限公司""}, {""公布时间"": ""2011(第三批)"", ""申报地区或单位"": ""江苏省淮安市"", ""保护单位"": ""江苏省长荣京剧院""}]"
徽剧,传统戏剧,"[{""公布时间"": ""2006(第一批)"", ""申报地区或单位"": ""安徽省"", ""保护单位"": ""安徽省徽京剧院""}, {""公布时间"": ""2006(第一批)"", ""申报地区或单位"": ""安徽省黄山市"", ""保护单位"": ""黄山市徽剧院（黄山市艺术研究所）""}, {""公布时间"": ""2006(第一批)"", ""申报地区或单位"": ""江西省婺源县"", ""保护单位"": ""婺源县徽剧传习所""}]"
汉剧,传统戏剧,"[{""公布时间"": ""2006(第一批)"", ""申报地区或单位"": ""湖北省武汉市"", ""保护单位"": ""武汉汉剧院""}]"
汉调二簧,传统戏剧,"[{""公布时间"": ""2006(第一批)"", ""申报地区或单位"": ""陕西省安康市"", ""保护单位"": ""安康市群众艺术馆""}, {""公布时间"": ""2008(第二批)"", ""申报地区或单位"": ""湖北省竹溪县"", ""保护单位"": ""竹溪县山二黄剧种保护传承展演中心""}]"
泰宁梅林戏,传统戏剧,"[{""公布时间"": ""2006(第一批)"", ""申报地区或单位"": ""福建省泰宁县"", ""保护单位"": ""泰宁县梅林戏艺术传承保护中心""}]"
闽西汉剧,传统戏剧,"[{""公布时间"": ""2006(第一批)"", ""申报地区或单位"": ""福建省龙岩市"", ""保护单位"": ""龙岩市汉剧传习中心""}]"
巴陵戏,传统戏剧,"[{""公布时间"": ""2006(第一批)"", ""申报地区或单位"": ""湖南省岳阳市"", ""保护单位"": ""岳阳市巴陵戏传承研究院""}]"
荆河戏,传统戏剧,"[{""公布时间"": ""2006(第一批)"", ""申报地区或单位"": ""湖南省澧县"", ""保护单位"": ""澧县荆河剧院""}, {""公布时间"": ""2008(第二批)"", ""申报地区或单位"": ""湖北省荆州市"", ""保护单位"": ""荆州市群众艺术馆（荆州市艺术研究所）""}]"
粤剧,传统戏剧,"[{""公布时间"": ""2006(第一批)"", ""申报地区或单位"": ""广东省文化厅"", ""保护单位"": ""广东粤剧院""}, {""公布时间"": ""2006(第一批)"", ""申报地区或单位"": ""广东省广州市"", ""保护单位"": ""广州文学艺术创作研究院""}, {""公布时间"": ""2006(第一批)"", ""申报地区或单位"": ""广东省佛山市"", ""保护单位"": ""佛山粤剧传习所（佛山市粤剧院）""}, {""公布时间"": ""2006(第一批)"", ""申报地区或单位"": ""香港特别行政区民政事务局"", ""保护单位"": ""香港特别行政区政府文化体育及旅游局""}, {""公布时间"": ""2006(第一批)"", ""申报地区或单位"": ""澳门特别行政区文化局"", ""保护单位"": ""澳门特别行政区政府文化局""}, {""公布时间"": ""2014(第四批)"", ""申报地区或单位"": ""广东省吴川市"", ""保护单位"": ""吴川市粤剧南派艺术传承中心""}, {""公布时间"": ""2014(第四批)"", ""申报地区或单位"": ""广西壮族自治区南宁市"", ""保护单位"": ""南宁市民族文化艺术研究院（南宁市戏剧院、南宁市非物质文化遗产保护中心）""}]"
桂剧,传统戏剧,"[{""公布时间"": ""2006(第一批)"", ""申报地区或单位"": ""广西壮族自治区"", ""保护单位"": ""广西壮族自治区戏剧院""}]"
宜黄戏,传统戏剧,"[{""公布时间"": ""2006(第一批)"", ""申报地区或单位"": ""江西省宜黄县"", ""保护单位"": ""宜黄县文化馆""}]"
乱弹,传统戏剧,"[{""公布时间"": ""2006(第一批)"", ""申报地区或单位"": ""浙江省台州市"", ""保护单位"": ""浙江台州乱弹剧团""}, {""公布时间"": ""2006(第一批)"", ""申报地区或单位"": ""浙江省浦江县"", ""保护单位"": ""浦江县文化馆""}]"
乱弹（威县乱弹）,传统戏剧,"[{""公布时间"": ""2008(第二批)"", ""申报地区或单位"": ""河北省威县"", ""保护单位"": ""威县文化馆（威县美术馆）""}]"
乱弹（诸暨西路乱弹）,传统戏剧,"[{""公布时间"": ""2011(第三批)"", ""申报地区或单位"": ""浙江省诸暨市"", ""保护单位"": ""诸暨市博物馆""}]"
乱弹（南岩乱弹）,传统戏剧,"[{""公布时间"": ""2014(第四批)"", ""申报地区或单位"": ""河北省高邑县"", ""保护单位"": ""高邑县万城乡南岩乱弹剧团""}]"
石家庄丝弦,传统戏剧,"[{""公布时间"": ""2006(第一批)"", ""申报地区或单位"": ""河北省石家庄市"", ""保护单位"": ""石家庄市丝弦剧团""}]"
雁北耍孩儿,传统戏剧,"[{""公布时间"": ""2006(第一批)"", ""申报地区或单位"": ""山西省大同市"", ""保护单位"": ""大同市北路梆子和耍孩剧种保护传习中心""}]"
灵丘罗罗腔,传统戏剧,"[{""公布时间"": ""2006(第一批)"", ""申报地区或单位"": ""山西省灵丘县"", ""保护单位"": ""灵丘县罗罗腔剧种传习中心""}]"
柳子戏,传统戏剧,"[{""公布时间"": ""2006(第一批)"", ""申报地区或单位"": ""山东省"", ""保护单位"": ""山东省柳子戏艺术保护传承中心（山东省柳子剧团）""}, {""公布时间"": ""2008(第二批)"", ""申报地区或单位"": ""河南省清丰县"", ""保护单位"": ""清丰县柳子戏艺术传承中心""}]"
大弦戏,传统戏剧,"[{""公布时间"": ""2006(第一批)"", ""申报地区或单位"": ""河南省滑县"", ""保护单位"": ""滑县大弦戏剧团""}, {""公布时间"": ""2006(第一批)"", ""申报地区或单位"": ""河南省濮阳县"", ""保护单位"": ""濮阳县大弦戏艺术保护传承中心""}, {""公布时间"": ""2008(第二批)"", ""申报地区或单位"": ""山东省菏泽市"", ""保护单位"": ""菏泽市地方戏曲传承研究院""}]"
闽剧,传统戏剧,"[{""公布时间"": ""2006(第一批)"", ""申报地区或单位"": ""福建省福州市"", ""保护单位"": ""福州闽剧艺术传承发展中心""}]"
寿宁北路戏,传统戏剧,"[{""公布时间"": ""2006(第一批)"", ""申报地区或单位"": ""福建省寿宁县"", ""保护单位"": ""寿宁县北路戏保护传承中心""}]"
西秦戏,传统戏剧,"[{""公布时间"": ""2006(第一批)"", ""申报地区或单位"": ""广东省海丰县"", ""保护单位"": ""海丰县西秦戏艺术传承中心""}]"
高甲戏,传统戏剧,"[{""公布时间"": ""2006(第一批)"", ""申报地区或单位"": ""福建省泉州市"", ""保护单位"": ""泉州市高甲戏传承中心（泉州市高甲戏剧团、泉州市打城戏传承中心、泉州市打城戏传习所）""}, {""公布时间"": ""2006(第一批)"", ""申报地区或单位"": ""福建省厦门市"", ""保护单位"": ""厦门市金莲陞高甲剧团""}]"
高甲戏（柯派）,传统戏剧,"[{""公布时间"": ""2008(第二批)"", ""申报地区或单位"": ""福建省晋江市"", ""保护单位"": ""晋江市高甲柯派表演艺术中心""}]"
碗碗腔（孝义碗碗腔）,传统戏剧,"[{""公布时间"": ""2006(第一批)"", ""申报地区或单位"": ""山西省孝义市"", ""保护单位"": ""孝义市碗碗腔剧团演出有限公司""}]"
碗碗腔（曲沃碗碗腔）,传统戏剧,"[{""公布时间"": ""2011(第三批)"", ""申报地区或单位"": ""山西省曲沃县"", ""保护单位"": ""曲沃县晋韵碗碗腔演艺有限责任公司""}]"
碗碗腔（渭南碗碗腔）,传统戏剧,"[{""公布时间"": ""2021(第五批)"", ""申报地区或单位"": ""陕西省渭南市临渭区"", ""保护单位"": ""渭南市临渭区文化馆""}]"
四平调,传统戏剧,"[{""公布时间"": ""2006(第一批)"", ""申报地区或单位"": ""河南省商丘市"", ""保护单位"": ""商丘市梁园区四平调艺术研究中心""}, {""公布时间"": ""2006(第一批)"", ""申报地区或单位"": ""河南省濮阳市"", ""保护单位"": ""范县四平调艺术传播研究中心""}, {""公布时间"": ""2008(第二批)"", ""申报地区或单位"": ""山东省金乡县"", ""保护单位"": ""金乡县公共文化服务中心（金乡县文化馆、金乡县图书馆）""}, {""公布时间"": ""2008(第二批)"", ""申报地区或单位"": ""山东省成武县"", ""保护单位"": ""成武县四平调保护传承中心""}, {""公布时间"": ""2014(第四批)"", ""申报地区或单位"": ""安徽省砀山县"", ""保护单位"": ""砀山县文化馆""}]"
评剧,传统戏剧,"[{""公布时间"": ""2006(第一批)"", ""申报地区或单位"": ""天津市宝坻区"", ""保护单位"": ""天津市宝坻区文化馆（天津市宝坻区文化遗产保护中心、天津市宝坻区青少年活动中心）""}, {""公布时间"": ""2006(第一批)"", ""申报地区或单位"": ""河北省滦南县"", ""保护单位"": ""滦南县“冀东文艺三枝花”研究保护中心""}, {""公布时间"": ""2006(第一批)"", ""申报地区或单位"": ""辽宁省沈阳市"", ""保护单位"": ""沈阳市公共文化服务中心（沈阳市文化演艺中心）""}, {""公布时间"": ""2008(第二批)"", ""申报地区或单位"": ""北京市中国评剧院"", ""保护单位"": ""中国评剧院有限责任公司，北京刘秀荣评剧团""}, {""公布时间"": ""2008(第二批)"", ""申报地区或单位"": ""天津评剧院"", ""保护单位"": ""天津评剧院""}, {""公布时间"": ""2011(第三批)"", ""申报地区或单位"": ""河北省石家庄市"", ""保护单位"": ""石家庄市评剧院一团""}, {""公布时间"": ""2011(第三批)"", ""申报地区或单位"": ""辽宁省沈阳市和平区"", ""保护单位"": ""沈阳市和平区文化创意产业发展协会""}, {""公布时间"": ""2011(第三批)"", ""申报地区或单位"": ""黑龙江省评剧院"", ""保护单位"": ""黑龙江省评剧艺术中心""}]"
武安平调落子,传统戏剧,"[{""公布时间"": ""2006(第一批)"", ""申报地区或单位"": ""河北省武安市"", ""保护单位"": ""武安市文化馆""}]"
越剧,传统戏剧,"[{""公布时间"": ""2006(第一批)"", ""申报地区或单位"": ""上海市"", ""保护单位"": ""上海越剧艺术传习所（上海越剧院）""}, {""公布时间"": ""2006(第一批)"", ""申报地区或单位"": ""浙江省"", ""保护单位"": ""嵊州市越剧艺术保护传承中心""}]"
越剧（尹派）,传统戏剧,"[{""公布时间"": ""2008(第二批)"", ""申报地区或单位"": ""福建省芳华越剧团"", ""保护单位"": ""福建省芳华越剧团""}]"
沪剧,传统戏剧,"[{""公布时间"": ""2006(第一批)"", ""申报地区或单位"": ""上海市"", ""保护单位"": ""上海沪剧艺术传习所（上海沪剧院）""}]"
苏剧,传统戏剧,"[{""公布时间"": ""2006(第一批)"", ""申报地区或单位"": ""江苏省苏州市"", ""保护单位"": ""苏州市苏剧传习保护中心""}]"
扬剧,传统戏剧,"[{""公布时间"": ""2006(第一批)"", ""申报地区或单位"": ""江苏省扬州市"", ""保护单位"": ""扬州市扬剧研究所""}, {""公布时间"": ""2008(第二批)"", ""申报地区或单位"": ""江苏省演艺集团扬剧团"", ""保护单位"": ""江苏省演艺集团有限公司""}, {""公布时间"": ""2008(第二批)"", ""申报地区或单位"": ""江苏省镇江市"", ""保护单位"": ""镇江市艺术剧院""}]"
庐剧,传统戏剧,"[{""公布时间"": ""2006(第一批)"", ""申报地区或单位"": ""安徽省合肥市"", ""保护单位"": ""合肥市庐剧院有限公司""}, {""公布时间"": ""2006(第一批)"", ""申报地区或单位"": ""安徽省六安市"", ""保护单位"": ""六安市皖西演艺传媒有限公司""}]"
庐剧（东路庐剧）,传统戏剧,"[{""公布时间"": ""2011(第三批)"", ""申报地区或单位"": ""安徽省和县"", ""保护单位"": ""和县庐剧团有限责任公司""}]"
楚剧,传统戏剧,"[{""公布时间"": ""2006(第一批)"", ""申报地区或单位"": ""湖北省"", ""保护单位"": ""湖北省戏曲艺术剧院有限责任公司""}, {""公布时间"": ""2014(第四批)"", ""申报地区或单位"": ""湖北省孝感市"", ""保护单位"": ""孝感市群众艺术馆（孝感市非物质文化遗产保护中心）""}]"
荆州花鼓戏,传统戏剧,"[{""公布时间"": ""2006(第一批)"", ""申报地区或单位"": ""湖北省潜江市"", ""保护单位"": ""湖北省花鼓戏艺术研究院（湖北省实验花鼓剧院）""}]"
黄梅戏,传统戏剧,"[{""公布时间"": ""2006(第一批)"", ""申报地区或单位"": ""安徽省安庆市"", ""保护单位"": ""安庆市黄梅戏（地方戏曲）研究院""}, {""公布时间"": ""2006(第一批)"", ""申报地区或单位"": ""湖北省黄梅县"", ""保护单位"": ""黄梅县黄梅戏剧院""}, {""公布时间"": ""2011(第三批)"", ""申报地区或单位"": ""安徽省黄梅戏剧院"", ""保护单位"": ""安徽省黄梅戏剧院""}, {""公布时间"": ""2021(第五批)"", ""申报地区或单位"": ""湖北省"", ""保护单位"": ""湖北省戏曲艺术剧院有限责任公司""}]"
商洛花鼓,传统戏剧,"[{""公布时间"": ""2006(第一批)"", ""申报地区或单位"": ""陕西省商洛市"", ""保护单位"": ""商洛市地方戏曲研究院""}]"
泗州戏,传统戏剧,"[{""公布时间"": ""2006(第一批)"", ""申报地区或单位"": ""安徽省宿州市"", ""保护单位"": ""安徽省宿州市泗州戏剧团""}, {""公布时间"": ""2006(第一批)"", ""申报地区或单位"": ""安徽省蚌埠市"", ""保护单位"": ""安徽省泗州戏剧院有限责任公司""}, {""公布时间"": ""2011(第三批)"", ""申报地区或单位"": ""江苏省泗洪县"", ""保护单位"": ""泗洪县泗州戏剧团""}]"
柳琴戏,传统戏剧,"[{""公布时间"": ""2006(第一批)"", ""申报地区或单位"": ""山东省枣庄市"", ""保护单位"": ""枣庄市柳琴戏保护传承中心（枣庄市艺术剧院）""}, {""公布时间"": ""2008(第二批)"", ""申报地区或单位"": ""江苏省徐州市"", ""保护单位"": ""徐州演艺集团有限公司""}, {""公布时间"": ""2008(第二批)"", ""申报地区或单位"": ""山东省临沂市"", ""保护单位"": ""临沂市柳琴戏传承保护中心""}]"
歌仔戏,传统戏剧,"[{""公布时间"": ""2006(第一批)"", ""申报地区或单位"": ""福建省漳州市"", ""保护单位"": ""漳州市歌仔戏（芗剧）传承保护中心""}, {""公布时间"": ""2006(第一批)"", ""申报地区或单位"": ""福建省厦门市"", ""保护单位"": ""厦门歌仔戏研习中心""}]"
采茶戏（赣南采茶戏）,传统戏剧,"[{""公布时间"": ""2006(第一批)"", ""申报地区或单位"": ""江西省赣州市"", ""保护单位"": ""赣南艺术创作研究所""}]"
采茶戏（桂南采茶戏）,传统戏剧,"[{""公布时间"": ""2006(第一批)"", ""申报地区或单位"": ""广西壮族自治区博白县"", ""保护单位"": ""博白县文化馆""}]"
采茶戏,传统戏剧,"[{""公布时间"": ""2008(第二批)"", ""申报地区或单位"": ""湖北省阳新县"", ""保护单位"": ""阳新采茶戏传承中心""}]"
采茶戏（高安采茶戏）,传统戏剧,"[{""公布时间"": ""2011(第三批)"", ""申报地区或单位"": ""江西省高安市"", ""保护单位"": ""高安市文化馆""}]"
采茶戏（抚州采茶戏）,传统戏剧,"[{""公布时间"": ""2011(第三批)"", ""申报地区或单位"": ""江西省抚州市临川区"", ""保护单位"": ""临川区抚州采茶戏传习所""}]"
采茶戏（粤北采茶戏）,传统戏剧,"[{""公布时间"": ""2011(第三批)"", ""申报地区或单位"": ""广东省韶关市"", ""保护单位"": ""韶关市粤北采茶戏保护传承中心（韶关市粤北采茶戏剧院）""}]"
采茶戏（吉安采茶戏）,传统戏剧,"[{""公布时间"": ""2021(第五批)"", ""申报地区或单位"": ""江西省吉安市"", ""保护单位"": ""吉安市采茶歌舞剧院""}]"
五音戏,传统戏剧,"[{""公布时间"": ""2006(第一批)"", ""申报地区或单位"": ""山东省淄博市"", ""保护单位"": ""淄博市五音戏艺术传承保护中心（淄博市五音戏剧院）""}]"
茂腔,传统戏剧,"[{""公布时间"": ""2006(第一批)"", ""申报地区或单位"": ""山东省高密市"", ""保护单位"": ""高密市艺术剧院""}, {""公布时间"": ""2006(第一批)"", ""申报地区或单位"": ""山东省胶州市"", ""保护单位"": ""胶州市文化服务中心""}, {""公布时间"": ""2021(第五批)"", ""申报地区或单位"": ""山东省青岛市黄岛区"", ""保护单位"": ""青岛市黄岛区茂腔艺术传承中心""}]"
曲剧,传统戏剧,"[{""公布时间"": ""2006(第一批)"", ""申报地区或单位"": ""河南省"", ""保护单位"": ""河南省曲剧艺术保护传承中心""}]"
曲子戏（敦煌曲子戏）,传统戏剧,"[{""公布时间"": ""2006(第一批)"", ""申报地区或单位"": ""甘肃省敦煌市"", ""保护单位"": ""敦煌市文化馆""}]"
曲子戏（华亭曲子戏）,传统戏剧,"[{""公布时间"": ""2006(第一批)"", ""申报地区或单位"": ""甘肃省华亭县"", ""保护单位"": ""华亭市文化馆（华庭市美术馆）""}]"
曲子戏,传统戏剧,"[{""公布时间"": ""2008(第二批)"", ""申报地区或单位"": ""新疆生产建设兵团"", ""保护单位"": ""新疆生产建设兵团第六师五家渠市文化体育广电和旅游局""}, {""公布时间"": ""2011(第三批)"", ""申报地区或单位"": ""甘肃省白银市"", ""保护单位"": ""白银市白银区文化馆""}]"
曲子戏（民勤曲子戏）,传统戏剧,"[{""公布时间"": ""2021(第五批)"", ""申报地区或单位"": ""甘肃省武威市民勤县"", ""保护单位"": ""民勤县文化馆""}]"
秧歌戏（隆尧秧歌戏）,传统戏剧,"[{""公布时间"": ""2006(第一批)"", ""申报地区或单位"": ""河北省隆尧县"", ""保护单位"": ""隆尧县文化馆""}]"
秧歌戏（定州秧歌戏）,传统戏剧,"[{""公布时间"": ""2006(第一批)"", ""申报地区或单位"": ""河北省定州市"", ""保护单位"": ""定州市文化馆""}]"
秧歌戏（朔州秧歌戏）,传统戏剧,"[{""公布时间"": ""2006(第一批)"", ""申报地区或单位"": ""山西省朔州市"", ""保护单位"": ""朔州市朔城区大秧歌传承研究中心（朔州市朔城区大秧歌剧团）""}]"
秧歌戏（繁峙秧歌戏）,传统戏剧,"[{""公布时间"": ""2006(第一批)"", ""申报地区或单位"": ""山西省繁峙县"", ""保护单位"": ""繁峙县秧歌剧团""}]"
秧歌戏（蔚县秧歌）,传统戏剧,"[{""公布时间"": ""2008(第二批)"", ""申报地区或单位"": ""河北省蔚县"", ""保护单位"": ""蔚县文化馆""}]"
秧歌戏（祁太秧歌）,传统戏剧,"[{""公布时间"": ""2008(第二批)"", ""申报地区或单位"": ""山西省祁县"", ""保护单位"": ""祁县文化馆""}, {""公布时间"": ""2008(第二批)"", ""申报地区或单位"": ""山西省太谷县"", ""保护单位"": ""太谷县文化馆""}]"
秧歌戏（襄武秧歌）,传统戏剧,"[{""公布时间"": ""2008(第二批)"", ""申报地区或单位"": ""山西省襄垣县"", ""保护单位"": ""襄垣县非物质文化遗产保护协会""}, {""公布时间"": ""2008(第二批)"", ""申报地区或单位"": ""山西省武乡县"", ""保护单位"": ""武乡县文化馆（武乡县美术馆）""}]"
秧歌戏（壶关秧歌）,传统戏剧,"[{""公布时间"": ""2008(第二批)"", ""申报地区或单位"": ""山西省壶关县"", ""保护单位"": ""壶关县人民艺术剧团""}]"
秧歌戏（泽州秧歌）,传统戏剧,"[{""公布时间"": ""2011(第三批)"", ""申报地区或单位"": ""山西省泽州县"", ""保护单位"": ""泽州县文化馆""}]"
秧歌戏（沁源秧歌）,传统戏剧,"[{""公布时间"": ""2021(第五批)"", ""申报地区或单位"": ""山西省长治市沁源县"", ""保护单位"": ""沁源县文化馆""}]"
道情戏（晋北道情戏）,传统戏剧,"[{""公布时间"": ""2006(第一批)"", ""申报地区或单位"": ""山西省右玉县"", ""保护单位"": ""右玉县晋北道情剧团演出有限公司""}]"
道情戏（临县道情戏）,传统戏剧,"[{""公布时间"": ""2006(第一批)"", ""申报地区或单位"": ""山西省临县"", ""保护单位"": ""临县道情研究中心（吕梁市文化艺术中心）""}]"
道情戏（太康道情戏）,传统戏剧,"[{""公布时间"": ""2006(第一批)"", ""申报地区或单位"": ""河南省太康县"", ""保护单位"": ""太康县道情艺术保护传承中心""}]"
道情戏（蓝关戏）,传统戏剧,"[{""公布时间"": ""2006(第一批)"", ""申报地区或单位"": ""山东省莱州市"", ""保护单位"": ""莱州市文化馆""}]"
道情戏（陇剧）,传统戏剧,"[{""公布时间"": ""2006(第一批)"", ""申报地区或单位"": ""甘肃省"", ""保护单位"": ""甘肃省陇剧院""}]"
道情戏（洪洞道情）,传统戏剧,"[{""公布时间"": ""2008(第二批)"", ""申报地区或单位"": ""山西省洪洞县"", ""保护单位"": ""洪洞县文化馆""}]"
道情戏（沾化渔鼓戏）,传统戏剧,"[{""公布时间"": ""2008(第二批)"", ""申报地区或单位"": ""山东省沾化县"", ""保护单位"": ""滨州市沾化区非物质文化遗产保护传承中心（中国沾化渔鼓戏剧团）""}]"
道情戏（神池道情戏）,传统戏剧,"[{""公布时间"": ""2011(第三批)"", ""申报地区或单位"": ""山西省神池县"", ""保护单位"": ""神池县文化旅游产业服务中心""}]"
道情戏（商洛道情戏）,传统戏剧,"[{""公布时间"": ""2011(第三批)"", ""申报地区或单位"": ""陕西省商洛市"", ""保护单位"": ""商洛市地方戏曲研究院""}]"
哈哈腔,传统戏剧,"[{""公布时间"": ""2006(第一批)"", ""申报地区或单位"": ""河北省清苑县"", ""保护单位"": ""保定市清苑区哈哈腔剧团""}, {""公布时间"": ""2006(第一批)"", ""申报地区或单位"": ""河北省青县"", ""保护单位"": ""青县哈哈腔戏剧协会""}]"
二人台,传统戏剧,"[{""公布时间"": ""2006(第一批)"", ""申报地区或单位"": ""河北省康保县"", ""保护单位"": ""康保县文化馆""}, {""公布时间"": ""2006(第一批)"", ""申报地区或单位"": ""山西省河曲县"", ""保护单位"": ""河曲县宣传事务中心""}, {""公布时间"": ""2006(第一批)"", ""申报地区或单位"": ""内蒙古自治区呼和浩特市"", ""保护单位"": ""呼和浩特民族演艺集团二人台艺术研究剧院有限公司""}, {""公布时间"": ""2008(第二批)"", ""申报地区或单位"": ""陕西省府谷县"", ""保护单位"": ""府谷县文化馆""}, {""公布时间"": ""2021(第五批)"", ""申报地区或单位"": ""内蒙古自治区包头市土默特右旗"", ""保护单位"": ""土默特右旗文化馆""}]"
二人台（东路二人台）,传统戏剧,"[{""公布时间"": ""2011(第三批)"", ""申报地区或单位"": ""内蒙古自治区乌兰察布市"", ""保护单位"": ""乌兰察布市民族艺术剧院""}]"
白字戏,传统戏剧,"[{""公布时间"": ""2006(第一批)"", ""申报地区或单位"": ""广东省海丰县"", ""保护单位"": ""海丰县白字戏艺术传承中心""}]"
花朝戏,传统戏剧,"[{""公布时间"": ""2006(第一批)"", ""申报地区或单位"": ""广东省紫金县"", ""保护单位"": ""紫金县花朝戏传承发展中心""}]"
彩调,传统戏剧,"[{""公布时间"": ""2006(第一批)"", ""申报地区或单位"": ""广西壮族自治区"", ""保护单位"": ""广西壮族自治区戏剧院""}]"
灯戏（梁山灯戏）,传统戏剧,"[{""公布时间"": ""2006(第一批)"", ""申报地区或单位"": ""重庆市梁平县"", ""保护单位"": ""重庆市梁平区文化遗产保护中心""}]"
灯戏（川北灯戏）,传统戏剧,"[{""公布时间"": ""2006(第一批)"", ""申报地区或单位"": ""四川省南充市"", ""保护单位"": ""南充市非物质文化遗产保护中心""}]"
灯戏,传统戏剧,"[{""公布时间"": ""2008(第二批)"", ""申报地区或单位"": ""湖北省恩施市"", ""保护单位"": ""恩施市非物质文化遗产保护传承展演中心""}]"
花灯戏（思南花灯戏）,传统戏剧,"[{""公布时间"": ""2006(第一批)"", ""申报地区或单位"": ""贵州省思南县"", ""保护单位"": ""思南县文化馆""}]"
花灯戏（玉溪花灯戏）,传统戏剧,"[{""公布时间"": ""2006(第一批)"", ""申报地区或单位"": ""云南省玉溪市"", ""保护单位"": ""玉溪市文化馆""}]"
花灯戏,传统戏剧,"[{""公布时间"": ""2008(第二批)"", ""申报地区或单位"": ""贵州省独山县"", ""保护单位"": ""独山县文化馆（独山县文物和非物质文化遗产保护中心）""}, {""公布时间"": ""2008(第二批)"", ""申报地区或单位"": ""云南省花灯剧团"", ""保护单位"": ""云南省花灯剧院""}, {""公布时间"": ""2008(第二批)"", ""申报地区或单位"": ""云南省弥渡县"", ""保护单位"": ""弥渡县文化馆""}, {""公布时间"": ""2008(第二批)"", ""申报地区或单位"": ""云南省姚安县"", ""保护单位"": ""姚安县非物质文化遗产保护中心（姚安县文化艺术团）""}, {""公布时间"": ""2008(第二批)"", ""申报地区或单位"": ""云南省元谋县"", ""保护单位"": ""元谋县文化馆""}, {""公布时间"": ""2011(第三批)"", ""申报地区或单位"": ""贵州省花灯剧团"", ""保护单位"": ""贵州省花灯剧院有限责任公司""}]"
一勾勾,传统戏剧,"[{""公布时间"": ""2006(第一批)"", ""申报地区或单位"": ""山东省临邑县"", ""保护单位"": ""临邑县文化馆""}]"
藏戏（拉萨觉木隆）,传统戏剧,"[{""公布时间"": ""2006(第一批)"", ""申报地区或单位"": ""西藏自治区"", ""保护单位"": ""西藏自治区文化厅""}]"
藏戏（日喀则迥巴）,传统戏剧,"[{""公布时间"": ""2006(第一批)"", ""申报地区或单位"": ""西藏自治区"", ""保护单位"": ""西藏自治区文化厅""}]"
藏戏（日喀则南木林湘巴）,传统戏剧,"[{""公布时间"": ""2006(第一批)"", ""申报地区或单位"": ""西藏自治区"", ""保护单位"": ""西藏自治区文化厅""}]"
藏戏（日喀则仁布江嘎尔）,传统戏剧,"[{""公布时间"": ""2006(第一批)"", ""申报地区或单位"": ""西藏自治区"", ""保护单位"": ""西藏自治区文化厅""}]"
藏戏（山南雅隆扎西雪巴）,传统戏剧,"[{""公布时间"": ""2006(第一批)"", ""申报地区或单位"": ""西藏自治区"", ""保护单位"": ""西藏自治区文化厅""}]"
藏戏（山南琼结卡卓扎西宾顿）,传统戏剧,"[{""公布时间"": ""2006(第一批)"", ""申报地区或单位"": ""西藏自治区"", ""保护单位"": ""西藏自治区文化厅""}]"
藏戏（黄南藏戏）,传统戏剧,"[{""公布时间"": ""2006(第一批)"", ""申报地区或单位"": ""青海省黄南藏族自治州"", ""保护单位"": ""黄南藏族自治州民族歌舞团（挂青海省藏剧团牌子）""}]"
藏戏（德格格萨尔藏戏）,传统戏剧,"[{""公布时间"": ""2008(第二批)"", ""申报地区或单位"": ""四川省德格县"", ""保护单位"": ""德格县文化馆""}]"
藏戏（巴塘藏戏）,传统戏剧,"[{""公布时间"": ""2008(第二批)"", ""申报地区或单位"": ""四川省巴塘县"", ""保护单位"": ""巴塘县文化馆""}]"
藏戏（色达藏戏）,传统戏剧,"[{""公布时间"": ""2008(第二批)"", ""申报地区或单位"": ""四川省色达县"", ""保护单位"": ""色达县文化馆""}]"
藏戏（青海马背藏戏）,传统戏剧,"[{""公布时间"": ""2008(第二批)"", ""申报地区或单位"": ""青海省果洛藏族自治州"", ""保护单位"": ""果洛州文化馆（果洛州非物质文化遗产传承保护中心、果洛州群众体育指导服务中心）""}]"
藏戏（尼木塔荣藏戏）,传统戏剧,"[{""公布时间"": ""2011(第三批)"", ""申报地区或单位"": ""西藏自治区尼木县"", ""保护单位"": ""尼木县文化和旅游局（尼木县文物局）""}]"
藏戏（南木特藏戏）,传统戏剧,"[{""公布时间"": ""2011(第三批)"", ""申报地区或单位"": ""甘肃省甘南藏族自治州"", ""保护单位"": ""甘南藏族自治州文化馆（甘南藏族自治州美术馆）""}]"
山南门巴戏,传统戏剧,"[{""公布时间"": ""2006(第一批)"", ""申报地区或单位"": ""西藏自治区"", ""保护单位"": ""西藏错那县文化局（文物局）""}]"
壮剧,传统戏剧,"[{""公布时间"": ""2006(第一批)"", ""申报地区或单位"": ""广西壮族自治区"", ""保护单位"": ""广西壮族自治区戏剧院""}, {""公布时间"": ""2008(第二批)"", ""申报地区或单位"": ""云南省文山壮族苗族自治州"", ""保护单位"": ""富宁县民族文化工作队""}]"
侗戏,传统戏剧,"[{""公布时间"": ""2006(第一批)"", ""申报地区或单位"": ""贵州省黎平县"", ""保护单位"": ""黎平县非物质文化遗产保护中心""}, {""公布时间"": ""2008(第二批)"", ""申报地区或单位"": ""湖南省通道侗族自治县"", ""保护单位"": ""通道侗族自治县文化遗产保护中心""}, {""公布时间"": ""2011(第三批)"", ""申报地区或单位"": ""广西壮族自治区三江侗族自治县"", ""保护单位"": ""三江侗族自治县文化馆（三江侗族自治县非物质文化遗产保护与发展中心）""}]"
布依戏,传统戏剧,"[{""公布时间"": ""2006(第一批)"", ""申报地区或单位"": ""贵州省册亨县"", ""保护单位"": ""册亨县文化馆""}]"
彝族撮泰吉,传统戏剧,"[{""公布时间"": ""2006(第一批)"", ""申报地区或单位"": ""贵州省威宁彝族回族苗族自治县"", ""保护单位"": ""威宁彝族回族苗族自治县文化馆""}]"
傣剧,传统戏剧,"[{""公布时间"": ""2006(第一批)"", ""申报地区或单位"": ""云南省德宏傣族景颇族自治州"", ""保护单位"": ""德宏州文化馆""}]"
目连戏（徽州目连戏）,传统戏剧,"[{""公布时间"": ""2006(第一批)"", ""申报地区或单位"": ""安徽省祁门县"", ""保护单位"": ""祁门县文化馆""}]"
目连戏（辰河目连戏）,传统戏剧,"[{""公布时间"": ""2006(第一批)"", ""申报地区或单位"": ""湖南省溆浦县"", ""保护单位"": ""溆浦县辰河目连戏传承保护中心""}]"
目连戏（南乐目连戏）,传统戏剧,"[{""公布时间"": ""2006(第一批)"", ""申报地区或单位"": ""河南省南乐县"", ""保护单位"": ""南乐县非物质文化遗产保护中心""}]"
目连戏（绍兴目连戏）,传统戏剧,"[{""公布时间"": ""2014(第四批)"", ""申报地区或单位"": ""浙江省绍兴市"", ""保护单位"": ""绍兴市文化馆、绍兴市非物质文化遗产保护中心""}]"
目连戏（江西目连戏）,传统戏剧,"[{""公布时间"": ""2014(第四批)"", ""申报地区或单位"": ""江西省"", ""保护单位"": ""江西省文化和旅游研究院""}]"
目连戏（南陵目连戏）,传统戏剧,"[{""公布时间"": ""2021(第五批)"", ""申报地区或单位"": ""安徽省芜湖市南陵县"", ""保护单位"": ""南陵县文化馆（南陵县非物质文化遗产保护中心）""}]"
锣鼓杂戏,传统戏剧,"[{""公布时间"": ""2006(第一批)"", ""申报地区或单位"": ""山西省临猗县"", ""保护单位"": ""临猗县文化馆""}]"
傩戏（武安傩戏）,传统戏剧,"[{""公布时间"": ""2006(第一批)"", ""申报地区或单位"": ""河北省武安市"", ""保护单位"": ""武安市文化馆""}]"
傩戏（池州傩戏）,传统戏剧,"[{""公布时间"": ""2006(第一批)"", ""申报地区或单位"": ""安徽省池州市"", ""保护单位"": ""池州市文化馆""}]"
傩戏（侗族傩戏）,传统戏剧,"[{""公布时间"": ""2006(第一批)"", ""申报地区或单位"": ""湖南省新晃侗族自治县"", ""保护单位"": ""新晃侗族自治县文化馆""}]"
傩戏（沅陵辰州傩戏）,传统戏剧,"[{""公布时间"": ""2006(第一批)"", ""申报地区或单位"": ""湖南省沅陵县"", ""保护单位"": ""沅陵县文化遗产保护中心（沅陵县博物馆、沅陵县考古研究中心）""}]"
傩戏（德江傩堂戏）,传统戏剧,"[{""公布时间"": ""2006(第一批)"", ""申报地区或单位"": ""贵州省德江县"", ""保护单位"": ""德江县文化遗产保护中心""}]"
傩戏（万载开口傩）,传统戏剧,"[{""公布时间"": ""2008(第二批)"", ""申报地区或单位"": ""江西省万载县"", ""保护单位"": ""万载县文化馆""}]"
傩戏（仡佬族傩戏）,传统戏剧,"[{""公布时间"": ""2008(第二批)"", ""申报地区或单位"": ""贵州省道真仡佬族苗族自治县"", ""保护单位"": ""道真仡佬族苗族自治县文化传承与保护服务中心""}]"
傩戏（鹤峰傩戏）,传统戏剧,"[{""公布时间"": ""2008(第二批)"", ""申报地区或单位"": ""湖北省鹤峰县"", ""保护单位"": ""鹤峰县文化馆（鹤峰县非物质文化遗产保护中心）""}]"
傩戏（恩施傩戏）,传统戏剧,"[{""公布时间"": ""2008(第二批)"", ""申报地区或单位"": ""湖北省恩施市"", ""保护单位"": ""恩施市非物质文化遗产保护传承展演中心""}]"
傩戏（任庄扇鼓傩戏）,传统戏剧,"[{""公布时间"": ""2011(第三批)"", ""申报地区或单位"": ""山西省曲沃县"", ""保护单位"": ""曲沃县文化馆""}]"
傩戏（德安潘公戏）,传统戏剧,"[{""公布时间"": ""2011(第三批)"", ""申报地区或单位"": ""江西省德安县"", ""保护单位"": ""江西省德安县文化馆""}]"
傩戏（梅山傩戏）,传统戏剧,"[{""公布时间"": ""2011(第三批)"", ""申报地区或单位"": ""湖南省冷水江市"", ""保护单位"": ""冷水江市文化馆""}]"
傩戏（荔波布依族傩戏）,传统戏剧,"[{""公布时间"": ""2011(第三批)"", ""申报地区或单位"": ""贵州省荔波县"", ""保护单位"": ""荔波县文化馆""}]"
傩戏（临武傩戏）,传统戏剧,"[{""公布时间"": ""2014(第四批)"", ""申报地区或单位"": ""湖南省临武县"", ""保护单位"": ""湖南省临武傩戏剧团""}]"
傩戏（庆坛）,传统戏剧,"[{""公布时间"": ""2014(第四批)"", ""申报地区或单位"": ""贵州省金沙县"", ""保护单位"": ""金沙县文化馆""}]"
安顺地戏,传统戏剧,"[{""公布时间"": ""2006(第一批)"", ""申报地区或单位"": ""贵州省安顺市"", ""保护单位"": ""安顺市文化馆（安顺市文化艺术培训中心）""}]"
皮影戏（唐山皮影戏）,传统戏剧,"[{""公布时间"": ""2006(第一批)"", ""申报地区或单位"": ""河北省唐山市"", ""保护单位"": ""唐山市群众艺术馆""}]"
皮影戏（冀南皮影戏）,传统戏剧,"[{""公布时间"": ""2006(第一批)"", ""申报地区或单位"": ""河北省邯郸市"", ""保护单位"": ""邯郸市群众艺术馆""}]"
皮影戏（孝义皮影戏）,传统戏剧,"[{""公布时间"": ""2006(第一批)"", ""申报地区或单位"": ""山西省孝义市"", ""保护单位"": ""孝义市民间艺术研究中心""}]"
皮影戏（复州皮影戏）,传统戏剧,"[{""公布时间"": ""2006(第一批)"", ""申报地区或单位"": ""辽宁省瓦房店市"", ""保护单位"": ""瓦房店市文化馆""}]"
皮影戏（海宁皮影戏）,传统戏剧,"[{""公布时间"": ""2006(第一批)"", ""申报地区或单位"": ""浙江省海宁市"", ""保护单位"": ""海宁市文化馆（海宁市非物质文化遗产保护中心）""}]"
皮影戏（江汉平原皮影戏）,传统戏剧,"[{""公布时间"": ""2006(第一批)"", ""申报地区或单位"": ""湖北省潜江市"", ""保护单位"": ""潜江市非物质文化遗产保护中心""}]"
皮影戏（陆丰皮影戏）,传统戏剧,"[{""公布时间"": ""2006(第一批)"", ""申报地区或单位"": ""广东省汕尾市"", ""保护单位"": ""陆丰市皮影戏传承保护中心""}]"
皮影戏（华县皮影戏）,传统戏剧,"[{""公布时间"": ""2006(第一批)"", ""申报地区或单位"": ""陕西省渭南市"", ""保护单位"": ""渭南市文化艺术中心（渭南市群众艺术馆、渭南市非遗保护中心、渭南市群众文化艺术培训学校）""}]"
皮影戏（华阴老腔）,传统戏剧,"[{""公布时间"": ""2006(第一批)"", ""申报地区或单位"": ""陕西省华阴市"", ""保护单位"": ""华阴市华山老腔艺术保护发展中心""}]"
皮影戏（阿宫腔）,传统戏剧,"[{""公布时间"": ""2006(第一批)"", ""申报地区或单位"": ""陕西省富平县"", ""保护单位"": ""富平县阿宫腔传承中心（富平县阿宫剧团）""}]"
皮影戏（弦板腔）,传统戏剧,"[{""公布时间"": ""2006(第一批)"", ""申报地区或单位"": ""陕西省乾县"", ""保护单位"": ""乾县文化馆""}]"
皮影戏（环县道情皮影戏）,传统戏剧,"[{""公布时间"": ""2006(第一批)"", ""申报地区或单位"": ""甘肃省环县"", ""保护单位"": ""环县道情皮影保护中心""}]"
皮影戏（凌源皮影戏）,传统戏剧,"[{""公布时间"": ""2006(第一批)"", ""申报地区或单位"": ""辽宁省凌源市"", ""保护单位"": ""凌源市红山文化产业发展有限公司""}]"
皮影戏（北京皮影戏）,传统戏剧,"[{""公布时间"": ""2008(第二批)"", ""申报地区或单位"": ""北京市宣武区"", ""保护单位"": ""北京皮影剧团有限公司""}]"
皮影戏（河间皮影戏）,传统戏剧,"[{""公布时间"": ""2008(第二批)"", ""申报地区或单位"": ""河北省河间市"", ""保护单位"": ""河间市文化馆""}]"
皮影戏（岫岩皮影戏）,传统戏剧,"[{""公布时间"": ""2008(第二批)"", ""申报地区或单位"": ""辽宁省鞍山市"", ""保护单位"": ""岫岩满族自治县文化馆""}]"
皮影戏（盖州皮影戏）,传统戏剧,"[{""公布时间"": ""2008(第二批)"", ""申报地区或单位"": ""辽宁省盖州市"", ""保护单位"": ""盖州市文化旅游事业发展服务中心""}]"
皮影戏（望奎县皮影戏）,传统戏剧,"[{""公布时间"": ""2008(第二批)"", ""申报地区或单位"": ""黑龙江省望奎县"", ""保护单位"": ""望奎县文化馆""}]"
皮影戏（泰山皮影戏）,传统戏剧,"[{""公布时间"": ""2008(第二批)"", ""申报地区或单位"": ""山东省泰安市"", ""保护单位"": ""泰安市泰山皮影艺术研究院""}]"
皮影戏（济南皮影戏）,传统戏剧,"[{""公布时间"": ""2008(第二批)"", ""申报地区或单位"": ""山东省济南市"", ""保护单位"": ""济南市文化馆（济南市非物质文化遗产保护中心、济南市艺术创作研究院）""}]"
皮影戏（定陶皮影）,传统戏剧,"[{""公布时间"": ""2008(第二批)"", ""申报地区或单位"": ""山东省定陶县"", ""保护单位"": ""菏泽市定陶区文化馆""}]"
皮影戏（罗山皮影戏）,传统戏剧,"[{""公布时间"": ""2008(第二批)"", ""申报地区或单位"": ""河南省罗山县"", ""保护单位"": ""罗山县文化馆""}]"
皮影戏（湖南皮影戏）,传统戏剧,"[{""公布时间"": ""2008(第二批)"", ""申报地区或单位"": ""湖南省木偶皮影艺术剧院"", ""保护单位"": ""湖南省木偶皮影艺术保护传承中心""}, {""公布时间"": ""2008(第二批)"", ""申报地区或单位"": ""湖南省衡山县"", ""保护单位"": ""衡山县文化馆（衡山县非物质文化遗产保护中心）""}]"
皮影戏（四川皮影戏）,传统戏剧,"[{""公布时间"": ""2008(第二批)"", ""申报地区或单位"": ""四川省阆中市"", ""保护单位"": ""四川川北皮影艺术团""}, {""公布时间"": ""2008(第二批)"", ""申报地区或单位"": ""四川省南部县"", ""保护单位"": ""南部县文化馆""}]"
皮影戏（河湟皮影戏）,传统戏剧,"[{""公布时间"": ""2008(第二批)"", ""申报地区或单位"": ""青海省"", ""保护单位"": ""大通回族土族自治县文化馆""}]"
皮影戏（昌黎皮影戏）,传统戏剧,"[{""公布时间"": ""2011(第三批)"", ""申报地区或单位"": ""河北省昌黎县"", ""保护单位"": ""昌黎县文化馆""}]"
皮影戏（巴林左旗皮影戏）,传统戏剧,"[{""公布时间"": ""2011(第三批)"", ""申报地区或单位"": ""内蒙古自治区巴林左旗"", ""保护单位"": ""巴林左旗文化馆""}]"
皮影戏（龙江皮影戏）,传统戏剧,"[{""公布时间"": ""2011(第三批)"", ""申报地区或单位"": ""黑龙江省哈尔滨市"", ""保护单位"": ""哈尔滨儿童艺术剧院""}]"
皮影戏（桐柏皮影戏）,传统戏剧,"[{""公布时间"": ""2011(第三批)"", ""申报地区或单位"": ""河南省桐柏县"", ""保护单位"": ""桐柏县人民文化馆""}]"
皮影戏（云梦皮影戏）,传统戏剧,"[{""公布时间"": ""2011(第三批)"", ""申报地区或单位"": ""湖北省云梦县"", ""保护单位"": ""云梦县文化馆""}]"
皮影戏（腾冲皮影戏）,传统戏剧,"[{""公布时间"": ""2011(第三批)"", ""申报地区或单位"": ""云南省腾冲县"", ""保护单位"": ""腾冲市文化馆""}]"
皮影戏（乐亭皮影戏）,传统戏剧,"[{""公布时间"": ""2014(第四批)"", ""申报地区或单位"": ""河北省乐亭县"", ""保护单位"": ""乐亭县文化遗产传承中心""}]"
皮影戏（通渭影子腔）,传统戏剧,"[{""公布时间"": ""2014(第四批)"", ""申报地区或单位"": ""甘肃省通渭县"", ""保护单位"": ""通渭县文化馆""}]"
皮影戏（沙河皮影戏）,传统戏剧,"[{""公布时间"": ""2021(第五批)"", ""申报地区或单位"": ""河北省邢台市沙河市"", ""保护单位"": ""沙河市文化馆""}]"
皮影戏（锦州皮影戏）,传统戏剧,"[{""公布时间"": ""2021(第五批)"", ""申报地区或单位"": ""辽宁省锦州市"", ""保护单位"": ""锦州市古塔区体育旅游服务中心""}]"
木偶戏（泉州提线木偶戏）,传统戏剧,"[{""公布时间"": ""2006(第一批)"", ""申报地区或单位"": ""福建省泉州市"", ""保护单位"": ""泉州市提线木偶传承保护中心（泉州市木偶剧团）""}]"
木偶戏（晋江布袋木偶戏）,传统戏剧,"[{""公布时间"": ""2006(第一批)"", ""申报地区或单位"": ""福建省晋江市"", ""保护单位"": ""晋江市掌中木偶艺术保护传承中心""}]"
木偶戏（漳州布袋木偶戏）,传统戏剧,"[{""公布时间"": ""2006(第一批)"", ""申报地区或单位"": ""福建省漳州市"", ""保护单位"": ""漳州市布袋木偶传承保护中心""}]"
木偶戏（辽西木偶戏）,传统戏剧,"[{""公布时间"": ""2006(第一批)"", ""申报地区或单位"": ""辽宁省锦州市"", ""保护单位"": ""锦州市木偶剧团有限公司""}]"
木偶戏（邵阳布袋戏）,传统戏剧,"[{""公布时间"": ""2006(第一批)"", ""申报地区或单位"": ""湖南省邵阳县"", ""保护单位"": ""邵阳县文化馆""}]"
木偶戏（高州木偶戏）,传统戏剧,"[{""公布时间"": ""2006(第一批)"", ""申报地区或单位"": ""广东省高州市"", ""保护单位"": ""高州市文化馆""}]"
木偶戏（潮州铁枝木偶戏）,传统戏剧,"[{""公布时间"": ""2006(第一批)"", ""申报地区或单位"": ""广东省潮州市"", ""保护单位"": ""潮州市潮安区文化馆（区非物质文化遗产保护中心）""}]"
木偶戏（临高人偶戏）,传统戏剧,"[{""公布时间"": ""2006(第一批)"", ""申报地区或单位"": ""海南省临高县"", ""保护单位"": ""临高县文化馆""}]"
木偶戏（川北大木偶戏）,传统戏剧,"[{""公布时间"": ""2006(第一批)"", ""申报地区或单位"": ""四川省"", ""保护单位"": ""南充市非物质文化遗产保护中心""}]"
木偶戏（石阡木偶戏）,传统戏剧,"[{""公布时间"": ""2006(第一批)"", ""申报地区或单位"": ""贵州省石阡县"", ""保护单位"": ""石阡县文化馆""}]"
木偶戏（郃阳提线木偶戏）,传统戏剧,"[{""公布时间"": ""2006(第一批)"", ""申报地区或单位"": ""陕西省"", ""保护单位"": ""合阳县线腔木偶剧团""}]"
木偶戏（泰顺药发木偶戏）,传统戏剧,"[{""公布时间"": ""2006(第一批)"", ""申报地区或单位"": ""浙江省泰顺县"", ""保护单位"": ""泰顺县非物质文化遗产保护中心（泰顺县廊桥申遗和保护研究中心）""}]"
木偶戏（孝义木偶戏）,传统戏剧,"[{""公布时间"": ""2008(第二批)"", ""申报地区或单位"": ""山西省孝义市"", ""保护单位"": ""孝义市皮影木偶剧团演出有限公司""}]"
木偶戏（杖头木偶戏）,传统戏剧,"[{""公布时间"": ""2008(第二批)"", ""申报地区或单位"": ""江苏省扬州市"", ""保护单位"": ""扬州市木偶研究所（江苏省木偶剧团）""}, {""公布时间"": ""2011(第三批)"", ""申报地区或单位"": ""江苏省演艺集团"", ""保护单位"": ""江苏省演艺集团有限公司""}]"
木偶戏（平阳木偶戏）,传统戏剧,"[{""公布时间"": ""2008(第二批)"", ""申报地区或单位"": ""浙江省平阳县"", ""保护单位"": ""平阳木偶戏保护传承中心""}]"
木偶戏（单档布袋戏）,传统戏剧,"[{""公布时间"": ""2008(第二批)"", ""申报地区或单位"": ""浙江省苍南县"", ""保护单位"": ""苍南县非物质文化遗产保护中心""}]"
木偶戏（湖南杖头木偶戏）,传统戏剧,"[{""公布时间"": ""2008(第二批)"", ""申报地区或单位"": ""湖南省木偶皮影艺术剧院"", ""保护单位"": ""湖南省木偶皮影艺术保护传承中心""}]"
木偶戏（五华提线木偶）,传统戏剧,"[{""公布时间"": ""2008(第二批)"", ""申报地区或单位"": ""广东省梅州市"", ""保护单位"": ""五华县提线木偶传习所""}]"
木偶戏（文昌公仔戏）,传统戏剧,"[{""公布时间"": ""2008(第二批)"", ""申报地区或单位"": ""海南省文昌市"", ""保护单位"": ""文昌市文化馆""}]"
木偶戏（三江公仔戏）,传统戏剧,"[{""公布时间"": ""2008(第二批)"", ""申报地区或单位"": ""海南省海口市"", ""保护单位"": ""海口市美兰区文化馆""}]"
木偶戏（海派木偶戏）,传统戏剧,"[{""公布时间"": ""2011(第三批)"", ""申报地区或单位"": ""上海木偶剧团"", ""保护单位"": ""上海木偶剧团有限公司""}]"
木偶戏（泰顺提线木偶戏）,传统戏剧,"[{""公布时间"": ""2011(第三批)"", ""申报地区或单位"": ""浙江省泰顺县"", ""保护单位"": ""泰顺县非物质文化遗产保护中心（泰顺县廊桥申遗和保护研究中心）""}]"
木偶戏（廿八都木偶戏）,传统戏剧,"[{""公布时间"": ""2011(第三批)"", ""申报地区或单位"": ""浙江省江山市"", ""保护单位"": ""江山市文化馆（江山市非物质文化遗产保护中心）""}]"
木偶戏（广东木偶戏）,传统戏剧,"[{""公布时间"": ""2011(第三批)"", ""申报地区或单位"": ""广东省木偶艺术剧院有限公司"", ""保护单位"": ""广东省木偶艺术剧院有限公司""}]"
木偶戏（揭阳铁枝木偶戏）,传统戏剧,"[{""公布时间"": ""2011(第三批)"", ""申报地区或单位"": ""广东省揭阳市"", ""保护单位"": ""揭阳市群众艺术馆""}]"
木偶戏（中型杖头木偶戏）,传统戏剧,"[{""公布时间"": ""2014(第四批)"", ""申报地区或单位"": ""四川省资中县"", ""保护单位"": ""四川省资中县木偶剧团""}]"
木偶戏（陕西杖头木偶戏）,传统戏剧,"[{""公布时间"": ""2014(第四批)"", ""申报地区或单位"": ""陕西省"", ""保护单位"": ""陕西省民间艺术剧院有限公司""}]"
木偶戏（闽西客家木偶戏）,传统戏剧,"[{""公布时间"": ""2021(第五批)"", ""申报地区或单位"": ""福建省龙岩市"", ""保护单位"": ""福建省龙岩市艺术馆""}]"
木偶戏（武汉杖头木偶戏）,传统戏剧,"[{""公布时间"": ""2021(第五批)"", ""申报地区或单位"": ""湖北省武汉市"", ""保护单位"": ""武汉人民艺术剧院有限责任公司""}]"
木偶戏（湛江木偶戏）,传统戏剧,"[{""公布时间"": ""2021(第五批)"", ""申报地区或单位"": ""广东省湛江市赤坎区"", ""保护单位"": ""湛江市赤坎区文化服务中心""}]"
老调（保定老调）,传统戏剧,"[{""公布时间"": ""2008(第二批)"", ""申报地区或单位"": ""河北省保定市"", ""保护单位"": ""保定艺术剧院""}]"
老调（安国老调）,传统戏剧,"[{""公布时间"": ""2011(第三批)"", ""申报地区或单位"": ""河北省安国市"", ""保护单位"": ""安国老调艺术传播有限公司""}]"
四股弦（冀南四股弦）,传统戏剧,"[{""公布时间"": ""2008(第二批)"", ""申报地区或单位"": ""河北省巨鹿县"", ""保护单位"": ""巨鹿县文化馆""}, {""公布时间"": ""2008(第二批)"", ""申报地区或单位"": ""河北省馆陶县"", ""保护单位"": ""馆陶县文化馆""}, {""公布时间"": ""2008(第二批)"", ""申报地区或单位"": ""河北省魏县"", ""保护单位"": ""魏县文化馆""}, {""公布时间"": ""2008(第二批)"", ""申报地区或单位"": ""河北省肥乡县"", ""保护单位"": ""邯郸市肥乡区文化馆（区公共图书馆）""}]"
赛戏,传统戏剧,"[{""公布时间"": ""2008(第二批)"", ""申报地区或单位"": ""河北省邯郸市"", ""保护单位"": ""邯郸经济技术开发区教育和文化体育中心""}, {""公布时间"": ""2008(第二批)"", ""申报地区或单位"": ""河北省武安市"", ""保护单位"": ""武安市文化馆""}, {""公布时间"": ""2008(第二批)"", ""申报地区或单位"": ""河北省涉县"", ""保护单位"": ""涉县文化馆""}, {""公布时间"": ""2008(第二批)"", ""申报地区或单位"": ""山西省朔州市"", ""保护单位"": ""朔州市朔城区民间文化艺术团""}]"
永年西调,传统戏剧,"[{""公布时间"": ""2008(第二批)"", ""申报地区或单位"": ""河北省永年县"", ""保护单位"": ""邯郸市永年区文化馆""}]"
坠子戏,传统戏剧,"[{""公布时间"": ""2008(第二批)"", ""申报地区或单位"": ""河北省深泽县"", ""保护单位"": ""深泽县坠子剧团有限公司""}, {""公布时间"": ""2008(第二批)"", ""申报地区或单位"": ""安徽省宿州市"", ""保护单位"": ""安徽省宿州市坠子剧团""}]"
上党落子,传统戏剧,"[{""公布时间"": ""2008(第二批)"", ""申报地区或单位"": ""山西省黎城县"", ""保护单位"": ""黎城县人民文化馆""}, {""公布时间"": ""2008(第二批)"", ""申报地区或单位"": ""山西省潞城市"", ""保护单位"": ""潞城市红旗落子剧团""}]"
眉户（运城眉户）,传统戏剧,"[{""公布时间"": ""2008(第二批)"", ""申报地区或单位"": ""山西省运城市"", ""保护单位"": ""临猗县眉户剧团""}]"
眉户（华阴迷胡）,传统戏剧,"[{""公布时间"": ""2008(第二批)"", ""申报地区或单位"": ""陕西省华阴市"", ""保护单位"": ""华阴市迷胡剧团有限责任公司""}]"
眉户（迷糊戏）,传统戏剧,"[{""公布时间"": ""2008(第二批)"", ""申报地区或单位"": ""新疆生产建设兵团"", ""保护单位"": ""新疆生产建设兵团第六师五家渠市文化体育广电和旅游局""}]"
眉户（晋南眉户）,传统戏剧,"[{""公布时间"": ""2011(第三批)"", ""申报地区或单位"": ""山西省临汾市"", ""保护单位"": ""临汾市眉户剧艺术研究中心""}]"
眉户,传统戏剧,"[{""公布时间"": ""2014(第四批)"", ""申报地区或单位"": ""陕西省戏曲研究院"", ""保护单位"": ""陕西省戏曲研究院""}]"
海城喇叭戏,传统戏剧,"[{""公布时间"": ""2008(第二批)"", ""申报地区或单位"": ""辽宁省鞍山市"", ""保护单位"": ""鞍山市文化旅游发展促进中心""}]"
黄龙戏,传统戏剧,"[{""公布时间"": ""2008(第二批)"", ""申报地区或单位"": ""吉林省农安县"", ""保护单位"": ""农安县黄龙戏传承保护中心""}]"
淮剧,传统戏剧,"[{""公布时间"": ""2008(第二批)"", ""申报地区或单位"": ""上海淮剧团"", ""保护单位"": ""上海淮剧艺术传习所（上海淮剧团）""}, {""公布时间"": ""2008(第二批)"", ""申报地区或单位"": "" 江苏省盐城市"", ""保护单位"": ""江苏省淮剧团有限公司""}, {""公布时间"": ""2011(第三批)"", ""申报地区或单位"": ""江苏省淮安市"", ""保护单位"": ""淮安市淮剧团""}, {""公布时间"": ""2011(第三批)"", ""申报地区或单位"": ""江苏省泰州市"", ""保护单位"": ""泰州市淮剧团""}]"
锡剧,传统戏剧,"[{""公布时间"": ""2008(第二批)"", ""申报地区或单位"": ""江苏省演艺集团锡剧团"", ""保护单位"": ""江苏省演艺集团有限公司""}, {""公布时间"": ""2008(第二批)"", ""申报地区或单位"": ""江苏省无锡市"", ""保护单位"": ""无锡市锡剧院有限责任公司""}, {""公布时间"": ""2008(第二批)"", ""申报地区或单位"": ""江苏省常州市"", ""保护单位"": ""江苏常州市锡剧院""}]"
淮海戏,传统戏剧,"[{""公布时间"": ""2008(第二批)"", ""申报地区或单位"": ""江苏省淮安市"", ""保护单位"": ""江苏省淮海剧团""}, {""公布时间"": ""2008(第二批)"", ""申报地区或单位"": ""江苏省连云港市"", ""保护单位"": ""连云港市淮海剧团有限公司""}]"
童子戏,传统戏剧,"[{""公布时间"": ""2008(第二批)"", ""申报地区或单位"": ""江苏省通州市"", ""保护单位"": ""南通市通州区文化馆（南通市通州区非物质文化遗产保护中心、 南通市通州区书画院、南通市通州区考古与文物保护研究所）""}]"
瓯剧,传统戏剧,"[{""公布时间"": ""2008(第二批)"", ""申报地区或单位"": ""浙江省温州市"", ""保护单位"": ""温州市瓯剧艺术研究院""}]"
甬剧,传统戏剧,"[{""公布时间"": ""2008(第二批)"", ""申报地区或单位"": ""浙江省宁波市"", ""保护单位"": ""宁波市甬剧团有限公司""}]"
姚剧,传统戏剧,"[{""公布时间"": ""2008(第二批)"", ""申报地区或单位"": ""浙江省余姚市"", ""保护单位"": ""余姚市姚剧保护传承中心""}]"
绍剧,传统戏剧,"[{""公布时间"": ""2008(第二批)"", ""申报地区或单位"": ""浙江省绍兴市"", ""保护单位"": ""浙江绍剧艺术研究院""}]"
婺剧,传统戏剧,"[{""公布时间"": ""2008(第二批)"", ""申报地区或单位"": ""浙江省金华市"", ""保护单位"": ""浙江婺剧艺术研究院（浙江婺剧团）""}, {""公布时间"": ""2008(第二批)"", ""申报地区或单位"": ""浙江省江山市"", ""保护单位"": ""江山婺剧研究院""}]"
文南词,传统戏剧,"[{""公布时间"": ""2008(第二批)"", ""申报地区或单位"": ""安徽省宿松县"", ""保护单位"": ""宿松县文化馆""}]"
花鼓戏,传统戏剧,"[{""公布时间"": ""2008(第二批)"", ""申报地区或单位"": ""安徽省宿州市"", ""保护单位"": ""宿州市埇桥区花鼓戏剧团""}, {""公布时间"": ""2008(第二批)"", ""申报地区或单位"": ""安徽省淮北市"", ""保护单位"": ""淮北市杜集区大老周花鼓剧团""}, {""公布时间"": ""2008(第二批)"", ""申报地区或单位"": ""安徽省宣城市"", ""保护单位"": ""宣城市文化馆""}, {""公布时间"": ""2008(第二批)"", ""申报地区或单位"": ""湖北省随州市"", ""保护单位"": ""随州花鼓艺术剧院""}, {""公布时间"": ""2008(第二批)"", ""申报地区或单位"": ""湖北省麻城市"", ""保护单位"": ""湖北麻城东路花鼓戏传承保护中心""}, {""公布时间"": ""2008(第二批)"", ""申报地区或单位"": ""湖南省岳阳县"", ""保护单位"": ""岳阳县花鼓戏传承研究所""}, {""公布时间"": ""2008(第二批)"", ""申报地区或单位"": ""湖南省邵阳市"", ""保护单位"": ""邵阳市花鼓戏保护传承中心""}, {""公布时间"": ""2008(第二批)"", ""申报地区或单位"": ""湖南省常德市"", ""保护单位"": ""常德市鼎城区花鼓戏保护中心""}]"
花鼓戏（荆州花鼓戏）,传统戏剧,"[{""公布时间"": ""2011(第三批)"", ""申报地区或单位"": ""湖北省仙桃市"", ""保护单位"": ""仙桃市沔阳花鼓剧团""}]"
花鼓戏（襄阳花鼓戏）,传统戏剧,"[{""公布时间"": ""2011(第三批)"", ""申报地区或单位"": ""湖北省襄阳市"", ""保护单位"": ""湖北省襄阳市花鼓戏剧团""}]"
花鼓戏（衡州花鼓戏）,传统戏剧,"[{""公布时间"": ""2011(第三批)"", ""申报地区或单位"": ""湖南省衡阳市"", ""保护单位"": ""衡阳衡州花鼓戏艺术有限责任公司""}]"
花鼓戏（临湘花鼓戏）,传统戏剧,"[{""公布时间"": ""2011(第三批)"", ""申报地区或单位"": ""湖南省临湘市"", ""保护单位"": ""临湘市花鼓戏保护传承中心""}]"
花鼓戏（长沙花鼓戏）,传统戏剧,"[{""公布时间"": ""2011(第三批)"", ""申报地区或单位"": ""湖南省花鼓戏剧院"", ""保护单位"": ""湖南省花鼓戏保护传承中心""}]"
花鼓戏（光山花鼓戏）,传统戏剧,"[{""公布时间"": ""2014(第四批)"", ""申报地区或单位"": ""河南省光山县"", ""保护单位"": ""光山县非物质文化遗产保护中心""}]"
二夹弦,传统戏剧,"[{""公布时间"": ""2008(第二批)"", ""申报地区或单位"": ""安徽省亳州市"", ""保护单位"": ""亳州市演艺有限公司""}, {""公布时间"": ""2008(第二批)"", ""申报地区或单位"": ""山东省定陶县"", ""保护单位"": ""菏泽市定陶区两夹弦非遗保护传承中心""}, {""公布时间"": ""2008(第二批)"", ""申报地区或单位"": ""河南省开封市"", ""保护单位"": ""开封市田爱云二夹弦剧团""}, {""公布时间"": ""2008(第二批)"", ""申报地区或单位"": ""河南省滑县"", ""保护单位"": ""滑县二夹弦剧团""}]"
打城戏,传统戏剧,"[{""公布时间"": ""2008(第二批)"", ""申报地区或单位"": ""福建省泉州市"", ""保护单位"": ""泉州市高甲戏传承中心（泉州市高甲戏剧团、泉州市打城戏传承中心、泉州市打城戏传习所）""}]"
屏南平讲戏,传统戏剧,"[{""公布时间"": ""2008(第二批)"", ""申报地区或单位"": ""福建省屏南县"", ""保护单位"": ""屏南县漈头平讲戏传习所""}]"
吕剧,传统戏剧,"[{""公布时间"": ""2008(第二批)"", ""申报地区或单位"": ""山东省吕剧院"", ""保护单位"": ""山东省吕剧艺术保护传承中心（山东省吕剧院）""}, {""公布时间"": ""2008(第二批)"", ""申报地区或单位"": ""山东省济南市"", ""保护单位"": ""济南市吕剧院""}, {""公布时间"": ""2008(第二批)"", ""申报地区或单位"": ""山东省博兴县"", ""保护单位"": ""博兴县吕剧扽腔艺术传承保护中心（博兴县戏剧团）""}, {""公布时间"": ""2008(第二批)"", ""申报地区或单位"": ""山东省东营市东营区"", ""保护单位"": ""东营市东营区文化馆""}, {""公布时间"": ""2011(第三批)"", ""申报地区或单位"": ""山东省滨州市"", ""保护单位"": ""滨州市吕剧演艺有限公司""}]"
柳腔,传统戏剧,"[{""公布时间"": ""2008(第二批)"", ""申报地区或单位"": ""山东省即墨市"", ""保护单位"": ""青岛市即墨区柳腔艺术中心（青岛市即墨区柳腔剧团）""}]"
山东梆子,传统戏剧,"[{""公布时间"": ""2008(第二批)"", ""申报地区或单位"": ""山东省菏泽市"", ""保护单位"": ""菏泽市地方戏曲传承研究院""}, {""公布时间"": ""2008(第二批)"", ""申报地区或单位"": ""山东省泰安市"", ""保护单位"": ""泰安市山东梆子艺术研究院（泰安市山东梆子剧团）""}, {""公布时间"": ""2008(第二批)"", ""申报地区或单位"": ""山东省嘉祥县"", ""保护单位"": ""嘉祥县山东梆子保护传承中心（嘉祥县山东梆子剧团）""}]"
莱芜梆子,传统戏剧,"[{""公布时间"": ""2008(第二批)"", ""申报地区或单位"": ""山东省莱芜市"", ""保护单位"": ""济南市莱芜梆子艺术传承保护中心（莱芜梆子剧团）""}]"
枣梆,传统戏剧,"[{""公布时间"": ""2008(第二批)"", ""申报地区或单位"": ""山东省菏泽市"", ""保护单位"": ""菏泽市地方戏曲传承研究院""}]"
徐州梆子,传统戏剧,"[{""公布时间"": ""2008(第二批)"", ""申报地区或单位"": ""江苏省徐州市"", ""保护单位"": ""徐州演艺集团有限公司""}]"
同州梆子,传统戏剧,"[{""公布时间"": ""2008(第二批)"", ""申报地区或单位"": ""陕西省大荔县"", ""保护单位"": ""大荔县剧团演艺有限公司""}]"
罗卷戏,传统戏剧,"[{""公布时间"": ""2008(第二批)"", ""申报地区或单位"": ""河南省汝南县"", ""保护单位"": ""汝南县罗卷戏艺术传承保护中心""}, {""公布时间"": ""2008(第二批)"", ""申报地区或单位"": ""河南省范县"", ""保护单位"": ""范县罗卷戏剧团""}, {""公布时间"": ""2014(第四批)"", ""申报地区或单位"": ""河南省邓州市"", ""保护单位"": ""邓州市孔庄罗卷戏剧团有限公司""}]"
二股弦,传统戏剧,"[{""公布时间"": ""2008(第二批)"", ""申报地区或单位"": ""河南省武陟县"", ""保护单位"": ""武陟县大司马二股弦剧团""}]"
南剧,传统戏剧,"[{""公布时间"": ""2008(第二批)"", ""申报地区或单位"": ""湖北省来凤县"", ""保护单位"": ""来凤县南剧传习研究所""}, {""公布时间"": ""2008(第二批)"", ""申报地区或单位"": ""湖北省咸丰县"", ""保护单位"": ""咸丰县南剧艺术传承保护中心""}]"
提琴戏,传统戏剧,"[{""公布时间"": ""2008(第二批)"", ""申报地区或单位"": ""湖北省崇阳县"", ""保护单位"": ""崇阳县提琴戏传承发展中心""}]"
祁剧,传统戏剧,"[{""公布时间"": ""2008(第二批)"", ""申报地区或单位"": ""湖南省祁剧院"", ""保护单位"": ""湖南省祁剧保护传承中心""}, {""公布时间"": ""2008(第二批)"", ""申报地区或单位"": ""湖南省衡阳市"", ""保护单位"": ""衡阳祁剧艺术有限责任公司""}, {""公布时间"": ""2008(第二批)"", ""申报地区或单位"": ""湖南省祁阳县"", ""保护单位"": ""祁阳县祁剧团""}]"
广东汉剧,传统戏剧,"[{""公布时间"": ""2008(第二批)"", ""申报地区或单位"": ""广东汉剧院"", ""保护单位"": ""广东汉剧传承研究院""}]"
琼剧,传统戏剧,"[{""公布时间"": ""2008(第二批)"", ""申报地区或单位"": ""海南省琼剧院"", ""保护单位"": ""海南省琼剧院""}, {""公布时间"": ""2008(第二批)"", ""申报地区或单位"": ""海南省海口市"", ""保护单位"": ""海口市群众艺术馆（海口市非物质文化遗产保护中心）""}]"
黔剧,传统戏剧,"[{""公布时间"": ""2008(第二批)"", ""申报地区或单位"": ""贵州省黔剧团"", ""保护单位"": ""贵州省黔剧院""}]"
滇剧,传统戏剧,"[{""公布时间"": ""2008(第二批)"", ""申报地区或单位"": ""云南省滇剧院"", ""保护单位"": ""云南省滇剧院""}, {""公布时间"": ""2008(第二批)"", ""申报地区或单位"": ""云南省玉溪市滇剧团"", ""保护单位"": ""玉溪滇剧（国家非物质文化遗产）传承保护展演中心""}, {""公布时间"": ""2008(第二批)"", ""申报地区或单位"": ""云南省昆明市"", ""保护单位"": ""昆明市文化馆""}]"
合阳跳戏,传统戏剧,"[{""公布时间"": ""2008(第二批)"", ""申报地区或单位"": ""陕西省合阳县"", ""保护单位"": ""合阳县文化馆""}]"
武都高山戏,传统戏剧,"[{""公布时间"": ""2008(第二批)"", ""申报地区或单位"": ""甘肃省陇南市"", ""保护单位"": ""陇南市武都区高山戏研究中心（陇南市武都区非物质文化遗产保护中心）""}]"
佤族清戏,传统戏剧,"[{""公布时间"": ""2008(第二批)"", ""申报地区或单位"": ""云南省腾冲县"", ""保护单位"": ""腾冲市文化馆""}]"
彝剧,传统戏剧,"[{""公布时间"": ""2008(第二批)"", ""申报地区或单位"": ""云南省大姚县"", ""保护单位"": ""大姚县文化馆""}]"
白剧,传统戏剧,"[{""公布时间"": ""2008(第二批)"", ""申报地区或单位"": ""云南省大理白族自治州"", ""保护单位"": ""大理白族自治州民族文化工作团（大理白族自治州白剧院）""}]"
邕剧,传统戏剧,"[{""公布时间"": ""2008(第二批)"", ""申报地区或单位"": ""广西壮族自治区南宁市"", ""保护单位"": ""南宁市民族文化艺术研究院（南宁市戏剧院、南宁市非物质文化遗产保护中心）""}]"
上党二簧,传统戏剧,"[{""公布时间"": ""2011(第三批)"", ""申报地区或单位"": ""山西省晋城市城区"", ""保护单位"": ""晋城市鸣凤剧团有限公司""}]"
醒感戏,传统戏剧,"[{""公布时间"": ""2011(第三批)"", ""申报地区或单位"": ""浙江省永康市"", ""保护单位"": ""永康市民间艺术表演协会""}]"
湖剧,传统戏剧,"[{""公布时间"": ""2011(第三批)"", ""申报地区或单位"": ""浙江省湖州市"", ""保护单位"": ""湖州市文化馆（湖州市非物质文化遗产保护中心）""}]"
淳安三角戏,传统戏剧,"[{""公布时间"": ""2011(第三批)"", ""申报地区或单位"": ""浙江省淳安县"", ""保护单位"": ""淳安县文化馆""}]"
嗨子戏,传统戏剧,"[{""公布时间"": ""2011(第三批)"", ""申报地区或单位"": ""安徽省阜南县"", ""保护单位"": ""阜南县文化馆""}]"
赣剧,传统戏剧,"[{""公布时间"": ""2011(第三批)"", ""申报地区或单位"": ""江西省赣剧院"", ""保护单位"": ""江西省赣剧院（江西省赣剧暨弋阳腔保护传习中心）""}]"
西河戏,传统戏剧,"[{""公布时间"": ""2011(第三批)"", ""申报地区或单位"": ""江西省星子县"", ""保护单位"": ""庐山市文化馆""}]"
鹧鸪戏,传统戏剧,"[{""公布时间"": ""2011(第三批)"", ""申报地区或单位"": ""山东省淄博市临淄区"", ""保护单位"": ""临淄区文化事业发展服务中心""}]"
淮调,传统戏剧,"[{""公布时间"": ""2011(第三批)"", ""申报地区或单位"": ""河南省安阳县"", ""保护单位"": ""安阳县邺祥淮调艺术有限公司""}]"
落腔,传统戏剧,"[{""公布时间"": ""2011(第三批)"", ""申报地区或单位"": ""河南省内黄县"", ""保护单位"": ""内黄县文化馆""}]"
武当神戏,传统戏剧,"[{""公布时间"": ""2011(第三批)"", ""申报地区或单位"": ""湖北省丹江口市"", ""保护单位"": ""丹江口市文化馆""}]"
雷剧,传统戏剧,"[{""公布时间"": ""2011(第三批)"", ""申报地区或单位"": ""广东省雷州市"", ""保护单位"": ""雷州市名城雷剧演出有限公司""}]"
关索戏,传统戏剧,"[{""公布时间"": ""2011(第三批)"", ""申报地区或单位"": ""云南省澄江县"", ""保护单位"": ""澄江县文化馆""}]"
通渭小曲戏,传统戏剧,"[{""公布时间"": ""2011(第三批)"", ""申报地区或单位"": ""甘肃省通渭县"", ""保护单位"": ""通渭县文化馆""}]"
弦子腔,传统戏剧,"[{""公布时间"": ""2011(第三批)"", ""申报地区或单位"": ""陕西省平利县"", ""保护单位"": ""平利县文化馆（平利县红旗剧团）""}]"
西路梆子,传统戏剧,"[{""公布时间"": ""2011(第三批)"", ""申报地区或单位"": ""河北省海兴县"", ""保护单位"": ""海兴县文化馆""}]"
淮北梆子戏,传统戏剧,"[{""公布时间"": ""2011(第三批)"", ""申报地区或单位"": ""安徽省宿州市"", ""保护单位"": ""安徽省宿州市梆子剧团""}, {""公布时间"": ""2011(第三批)"", ""申报地区或单位"": ""安徽省阜阳市"", ""保护单位"": ""阜阳市演艺有限公司""}, {""公布时间"": ""2021(第五批)"", ""申报地区或单位"": ""安徽省亳州市谯城区"", ""保护单位"": ""亳州市演艺有限公司""}]"
滑稽戏,传统戏剧,"[{""公布时间"": ""2011(第三批)"", ""申报地区或单位"": ""上海滑稽剧团"", ""保护单位"": ""上海滑稽剧团有限公司""}, {""公布时间"": ""2011(第三批)"", ""申报地区或单位"": ""江苏省苏州市"", ""保护单位"": ""苏州市滑稽剧团（苏州市少儿喜剧实验剧院）""}]"
张家界阳戏,传统戏剧,"[{""公布时间"": ""2011(第三批)"", ""申报地区或单位"": ""湖南省张家界市永定区"", ""保护单位"": ""张家界市永定区文化馆""}]"
阳戏（上河阳戏）,传统戏剧,"[{""公布时间"": ""2014(第四批)"", ""申报地区或单位"": ""湖南省怀化市鹤城区"", ""保护单位"": ""怀化市鹤城区阳戏保护传承中心""}]"
阳戏（射箭提阳戏）,传统戏剧,"[{""公布时间"": ""2014(第四批)"", ""申报地区或单位"": ""四川省广元市昭化区"", ""保护单位"": ""广元市昭化区文化旅游事务服务中心（区文化馆、区图书馆、区美术馆、区文物所、区博物馆）""}]"
阳戏（酉阳土家面具阳戏）,传统戏剧,"[{""公布时间"": ""2021(第五批)"", ""申报地区或单位"": ""重庆市酉阳土家族苗族自治县"", ""保护单位"": ""酉阳土家族苗族自治县文化馆（酉阳土家族苗族自治县文化生态保护中心、酉阳土家族苗族自治县非物质文化遗产保护中心）""}]"
阳戏（贵州阳戏）,传统戏剧,"[{""公布时间"": ""2021(第五批)"", ""申报地区或单位"": ""贵州省"", ""保护单位"": ""贵州省非物质文化遗产保护中心（贵州省非物质文化遗产博览馆）""}]"
海南斋戏,传统戏剧,"[{""公布时间"": ""2011(第三批)"", ""申报地区或单位"": ""海南省海口市"", ""保护单位"": ""海口市群众艺术馆（海口市非物质文化遗产保护中心）""}]"
线腔,传统戏剧,"[{""公布时间"": ""2014(第四批)"", ""申报地区或单位"": ""山西省芮城县"", ""保护单位"": ""芮城县蒲剧线腔艺术研究所""}]"
平讲戏,传统戏剧,"[{""公布时间"": ""2014(第四批)"", ""申报地区或单位"": ""福建省福安市"", ""保护单位"": ""福安市平讲戏艺术传承中心""}]"
永修丫丫戏,传统戏剧,"[{""公布时间"": ""2014(第四批)"", ""申报地区或单位"": ""江西省永修县"", ""保护单位"": ""永修县文化旅游发展中心（永修县文化馆、永修县美术馆）""}]"
东河戏,传统戏剧,"[{""公布时间"": ""2014(第四批)"", ""申报地区或单位"": ""江西省赣县"", ""保护单位"": ""赣州市赣县区文化馆""}]"
南路丝弦,传统戏剧,"[{""公布时间"": ""2021(第五批)"", ""申报地区或单位"": ""河北省邢台市"", ""保护单位"": ""邢台市群众艺术馆""}]"
吉剧,传统戏剧,"[{""公布时间"": ""2021(第五批)"", ""申报地区或单位"": ""吉林省"", ""保护单位"": ""吉林省戏曲剧院（吉林省民间艺术团）""}]"
满族新城戏,传统戏剧,"[{""公布时间"": ""2021(第五批)"", ""申报地区或单位"": ""吉林省松原市"", ""保护单位"": ""松原市满族新城戏传承保护中心""}]"
杂剧作场戏,传统戏剧,"[{""公布时间"": ""2021(第五批)"", ""申报地区或单位"": ""福建省三明市"", ""保护单位"": ""三明市艺术馆（三明市非物质文化遗产保护中心）""}]"
宁河戏,传统戏剧,"[{""公布时间"": ""2021(第五批)"", ""申报地区或单位"": ""江西省九江市修水县"", ""保护单位"": ""修水县红色基因与文化传承发展中心""}]"
端公戏（旺苍端公戏）,传统戏剧,"[{""公布时间"": ""2021(第五批)"", ""申报地区或单位"": ""四川省广元市"", ""保护单位"": ""旺苍县文化馆""}]"
端公戏（昭通端公戏）,传统戏剧,"[{""公布时间"": ""2021(第五批)"", ""申报地区或单位"": ""云南省昭通市"", ""保护单位"": ""昭通市非物质文化遗产保护中心""}]"
白族吹吹腔,传统戏剧,"[{""公布时间"": ""2021(第五批)"", ""申报地区或单位"": ""云南省大理白族自治州云龙县"", ""保护单位"": ""云龙县非物质文化遗产保护中心""}]"
巴贡（霞尔巴贡）,传统戏剧,"[{""公布时间"": ""2021(第五批)"", ""申报地区或单位"": ""西藏自治区日喀则市"", ""保护单位"": ""萨迦县文化和旅游局（萨迦县文物局）""}]"
土生土语话剧,传统戏剧,"[{""公布时间"": ""2021(第五批)"", ""申报地区或单位"": ""澳门特别行政区"", ""保护单位"": ""澳门土生土语话剧社""}]"
苏州评弹（苏州评话、苏州弹词）,曲艺,"[{""公布时间"": ""2006(第一批)"", ""申报地区或单位"": ""江苏省苏州市"", ""保护单位"": ""苏州市评弹团""}, {""公布时间"": ""2008(第二批)"", ""申报地区或单位"": ""上海市书场工作者协会"", ""保护单位"": ""上海市书场工作者协会""}, {""公布时间"": ""2011(第三批)"", ""申报地区或单位"": ""江苏省演艺集团"", ""保护单位"": ""江苏省演艺集团有限公司""}, {""公布时间"": ""2011(第三批)"", ""申报地区或单位"": ""浙江曲艺杂技总团"", ""保护单位"": ""浙江曲艺杂技总团有限公司""}]"
扬州评话,曲艺,"[{""公布时间"": ""2006(第一批)"", ""申报地区或单位"": ""江苏省扬州市"", ""保护单位"": ""扬州市曲艺研究所""}, {""公布时间"": ""2011(第三批)"", ""申报地区或单位"": ""江苏省演艺集团"", ""保护单位"": ""江苏省演艺集团有限公司""}]"
福州评话,曲艺,"[{""公布时间"": ""2006(第一批)"", ""申报地区或单位"": ""福建省福州市"", ""保护单位"": ""福州评话伬艺传习所（福州市曲艺团）""}]"
山东大鼓,曲艺,"[{""公布时间"": ""2006(第一批)"", ""申报地区或单位"": ""山东省"", ""保护单位"": ""山东省艺术研究院""}]"
山东大鼓（梨花大鼓）,曲艺,"[{""公布时间"": ""2008(第二批)"", ""申报地区或单位"": ""河北省鸡泽县"", ""保护单位"": ""鸡泽县文化馆""}, {""公布时间"": ""2008(第二批)"", ""申报地区或单位"": ""河北省威县"", ""保护单位"": ""威县文化馆（威县美术馆）""}]"
西河大鼓,曲艺,"[{""公布时间"": ""2006(第一批)"", ""申报地区或单位"": ""河北省河间市"", ""保护单位"": ""河间市文化馆""}, {""公布时间"": ""2008(第二批)"", ""申报地区或单位"": ""河北省廊坊市"", ""保护单位"": ""河北省文安县文化馆""}, {""公布时间"": ""2014(第四批)"", ""申报地区或单位"": ""天津市"", ""保护单位"": ""天津市曲艺团""}]"
东北大鼓,曲艺,"[{""公布时间"": ""2006(第一批)"", ""申报地区或单位"": ""辽宁省沈阳市"", ""保护单位"": ""沈阳市公共文化服务中心（沈阳市文化演艺中心）""}, {""公布时间"": ""2006(第一批)"", ""申报地区或单位"": ""黑龙江省"", ""保护单位"": ""黑龙江省群众艺术馆""}, {""公布时间"": ""2008(第二批)"", ""申报地区或单位"": ""辽宁省锦州市"", ""保护单位"": ""锦州市公共文化服务中心""}, {""公布时间"": ""2008(第二批)"", ""申报地区或单位"": ""辽宁省瓦房店市"", ""保护单位"": ""瓦房店市文化馆""}, {""公布时间"": ""2008(第二批)"", ""申报地区或单位"": ""辽宁省岫岩满族自治县"", ""保护单位"": ""岫岩满族自治县文化馆""}, {""公布时间"": ""2008(第二批)"", ""申报地区或单位"": ""吉林省榆树市"", ""保护单位"": ""榆树市文化馆""}, {""公布时间"": ""2008(第二批)"", ""申报地区或单位"": ""黑龙江省五常市"", ""保护单位"": ""五常市文化馆""}]"
木板大鼓,曲艺,"[{""公布时间"": ""2006(第一批)"", ""申报地区或单位"": ""河北省沧县"", ""保护单位"": ""沧县文化馆""}]"
乐亭大鼓,曲艺,"[{""公布时间"": ""2006(第一批)"", ""申报地区或单位"": ""河北省乐亭县"", ""保护单位"": ""乐亭县文化遗产传承中心""}, {""公布时间"": ""2021(第五批)"", ""申报地区或单位"": ""河北省唐山市滦南县"", ""保护单位"": ""滦南县文化馆""}]"
潞安大鼓,曲艺,"[{""公布时间"": ""2006(第一批)"", ""申报地区或单位"": ""山西省长治市"", ""保护单位"": ""长治市上党区文旅发展中心""}]"
京东大鼓,曲艺,"[{""公布时间"": ""2006(第一批)"", ""申报地区或单位"": ""天津市宝坻区"", ""保护单位"": ""天津市宝坻区文化馆（天津市宝坻区文化遗产保护中心、天津市宝坻区青少年活动中心）""}, {""公布时间"": ""2008(第二批)"", ""申报地区或单位"": ""河北省廊坊市"", ""保护单位"": ""廊坊市群众艺术馆""}]"
胶东大鼓,曲艺,"[{""公布时间"": ""2006(第一批)"", ""申报地区或单位"": ""山东省烟台市"", ""保护单位"": ""烟台市文化馆（烟台市非物质文化遗产保护中心、烟台大剧院运营监督管理服务中心）""}, {""公布时间"": ""2008(第二批)"", ""申报地区或单位"": ""山东省青岛市"", ""保护单位"": ""青岛市文化馆（青岛市非物质文化遗产保护中心）""}]"
河洛大鼓,曲艺,"[{""公布时间"": ""2006(第一批)"", ""申报地区或单位"": ""河南省洛阳市"", ""保护单位"": ""洛阳市文化馆（洛阳市非物质文化遗产保护中心）""}]"
温州鼓词,曲艺,"[{""公布时间"": ""2006(第一批)"", ""申报地区或单位"": ""浙江省瑞安市"", ""保护单位"": ""瑞安市非物质文化遗产保护中心""}, {""公布时间"": ""2011(第三批)"", ""申报地区或单位"": ""浙江省平阳县"", ""保护单位"": ""平阳县非物质文化遗产保护中心""}]"
陕北说书,曲艺,"[{""公布时间"": ""2006(第一批)"", ""申报地区或单位"": ""陕西省延安市"", ""保护单位"": ""延安市曲艺馆""}]"
福州伬艺,曲艺,"[{""公布时间"": ""2006(第一批)"", ""申报地区或单位"": ""福建省福州市"", ""保护单位"": ""福州评话伬艺传习所（福州市曲艺团）""}]"
南平南词,曲艺,"[{""公布时间"": ""2006(第一批)"", ""申报地区或单位"": ""福建省南平市"", ""保护单位"": ""南平市南词艺术传承发展中心（南平市人民影剧院）""}]"
绍兴平湖调,曲艺,"[{""公布时间"": ""2006(第一批)"", ""申报地区或单位"": ""浙江省绍兴市"", ""保护单位"": ""绍兴市文化馆、绍兴市非物质文化遗产保护中心""}]"
兰溪摊簧,曲艺,"[{""公布时间"": ""2006(第一批)"", ""申报地区或单位"": ""浙江省兰溪市"", ""保护单位"": ""兰溪市文化馆（兰溪市非物质文化遗产保护中心）""}]"
摊簧（杭州摊簧）,曲艺,"[{""公布时间"": ""2008(第二批)"", ""申报地区或单位"": ""浙江省杭州市"", ""保护单位"": ""杭州滑稽艺术剧院演艺有限公司""}]"
摊簧（绍兴摊簧）,曲艺,"[{""公布时间"": ""2008(第二批)"", ""申报地区或单位"": ""浙江省绍兴市"", ""保护单位"": ""绍兴市文化馆、绍兴市非物质文化遗产保护中心""}]"
贤孝（凉州贤孝）,曲艺,"[{""公布时间"": ""2006(第一批)"", ""申报地区或单位"": ""甘肃省武威市"", ""保护单位"": ""凉州区文化馆""}]"
贤孝（河州贤孝）,曲艺,"[{""公布时间"": ""2006(第一批)"", ""申报地区或单位"": ""甘肃省临夏市"", ""保护单位"": ""临夏市非物质文化遗产保护中心""}]"
贤孝（西宁贤孝）,曲艺,"[{""公布时间"": ""2008(第二批)"", ""申报地区或单位"": ""青海省西宁市"", ""保护单位"": ""西宁市文化馆""}]"
河南坠子,曲艺,"[{""公布时间"": ""2006(第一批)"", ""申报地区或单位"": ""河南省"", ""保护单位"": ""河南省非物质文化遗产保护和智慧化中心""}, {""公布时间"": ""2011(第三批)"", ""申报地区或单位"": ""河北省临漳县"", ""保护单位"": ""临漳县文化馆""}]"
山东琴书,曲艺,"[{""公布时间"": ""2006(第一批)"", ""申报地区或单位"": ""山东省"", ""保护单位"": ""山东省艺术研究院""}, {""公布时间"": ""2008(第二批)"", ""申报地区或单位"": ""山东省菏泽市"", ""保护单位"": ""菏泽市艺术研究所""}, {""公布时间"": ""2011(第三批)"", ""申报地区或单位"": ""山东省郓城县"", ""保护单位"": ""郓城县文化馆（郓城县美术馆）""}]"
锣鼓书,曲艺,"[{""公布时间"": ""2006(第一批)"", ""申报地区或单位"": ""上海市南汇区"", ""保护单位"": ""上海市浦东新区文化艺术指导中心（上海市浦东新区群众文化艺术馆、上海市浦东新区电影发行放映管理站）""}]"
绍兴莲花落,曲艺,"[{""公布时间"": ""2006(第一批)"", ""申报地区或单位"": ""浙江省绍兴县"", ""保护单位"": ""绍兴市柯桥区文化馆（绍兴市柯桥区非物质文化遗产保护中心）""}]"
兰州鼓子,曲艺,"[{""公布时间"": ""2006(第一批)"", ""申报地区或单位"": ""甘肃省兰州市"", ""保护单位"": ""兰州市文化馆""}]"
扬州清曲,曲艺,"[{""公布时间"": ""2006(第一批)"", ""申报地区或单位"": ""江苏省扬州市"", ""保护单位"": ""扬州市广陵区扬州清曲传承发展研究会""}]"
锦歌,曲艺,"[{""公布时间"": ""2006(第一批)"", ""申报地区或单位"": ""福建省漳州市"", ""保护单位"": ""漳州市芗城区文化馆""}]"
常德丝弦,曲艺,"[{""公布时间"": ""2006(第一批)"", ""申报地区或单位"": ""湖南省常德市"", ""保护单位"": ""常德市文化馆""}]"
丝弦,曲艺,"[{""公布时间"": ""2011(第三批)"", ""申报地区或单位"": ""湖南省武冈市"", ""保护单位"": ""武冈市非物质文化遗产保护中心""}]"
榆林小曲,曲艺,"[{""公布时间"": ""2006(第一批)"", ""申报地区或单位"": ""陕西省榆林市"", ""保护单位"": ""榆林市公共文化服务中心（榆林市博物馆、榆林市图书馆、榆林市文化馆）""}]"
天津时调,曲艺,"[{""公布时间"": ""2006(第一批)"", ""申报地区或单位"": ""天津市"", ""保护单位"": ""天津市曲艺团""}]"
新疆曲子,曲艺,"[{""公布时间"": ""2006(第一批)"", ""申报地区或单位"": ""新疆维吾尔自治区昌吉回族自治州"", ""保护单位"": ""昌吉回族自治州艺术剧院（昌吉回族自治州民族歌舞剧团、昌吉州《新疆曲子》剧团）""}, {""公布时间"": ""2008(第二批)"", ""申报地区或单位"": ""新疆维吾尔自治区巴里坤哈萨克自治县"", ""保护单位"": ""巴里坤哈萨克自治县文化馆""}]"
龙舟说唱,曲艺,"[{""公布时间"": ""2006(第一批)"", ""申报地区或单位"": ""广东省佛山市顺德区"", ""保护单位"": ""佛山市顺德区杏坛镇文化站""}]"
鼓盆歌,曲艺,"[{""公布时间"": ""2006(第一批)"", ""申报地区或单位"": ""湖北省荆州市"", ""保护单位"": ""荆州市群众艺术馆（荆州市艺术研究所）""}, {""公布时间"": ""2014(第四批)"", ""申报地区或单位"": ""湖南省澧县"", ""保护单位"": ""澧县非物质文化遗产保护中心""}]"
汉川善书,曲艺,"[{""公布时间"": ""2006(第一批)"", ""申报地区或单位"": ""湖北省汉川市"", ""保护单位"": ""汉川市文化馆""}]"
歌册（东山歌册）,曲艺,"[{""公布时间"": ""2006(第一批)"", ""申报地区或单位"": ""福建省东山县"", ""保护单位"": ""东山县图书馆""}]"
歌册（潮州歌册）,曲艺,"[{""公布时间"": ""2008(第二批)"", ""申报地区或单位"": ""广东省潮州市"", ""保护单位"": ""潮州市文化馆""}]"
东北二人转,曲艺,"[{""公布时间"": ""2006(第一批)"", ""申报地区或单位"": ""辽宁省黑山县"", ""保护单位"": ""黑山县文化馆（黑山县非物质文化遗产保护中心）""}, {""公布时间"": ""2006(第一批)"", ""申报地区或单位"": ""辽宁省铁岭市"", ""保护单位"": ""铁岭文化艺术演艺集团有限公司""}, {""公布时间"": ""2006(第一批)"", ""申报地区或单位"": ""吉林省"", ""保护单位"": ""吉林省艺术研究院（吉林省文化行业特有工种职业技能鉴定站、吉林省东北二人转博物馆、吉林省非物质文化遗产保护中心）""}, {""公布时间"": ""2006(第一批)"", ""申报地区或单位"": ""黑龙江省海伦市"", ""保护单位"": ""海伦市北派二人转传承保护中心""}, {""公布时间"": ""2008(第二批)"", ""申报地区或单位"": ""内蒙古自治区通辽市"", ""保护单位"": ""通辽市科尔沁区戏曲剧团""}, {""公布时间"": ""2008(第二批)"", ""申报地区或单位"": ""黑龙江省绥棱县"", ""保护单位"": ""绥棱县文化馆""}]"
二人转,曲艺,"[{""公布时间"": ""2014(第四批)"", ""申报地区或单位"": ""辽宁省辽阳市"", ""保护单位"": ""辽阳市公共文化和体育事务服务中心""}, {""公布时间"": ""2014(第四批)"", ""申报地区或单位"": ""吉林省梨树县"", ""保护单位"": ""吉林省梨树县地方戏曲剧团有限责任公司""}]"
凤阳花鼓,曲艺,"[{""公布时间"": ""2006(第一批)"", ""申报地区或单位"": ""安徽省凤阳县"", ""保护单位"": ""凤阳县文化馆""}]"
答嘴鼓,曲艺,"[{""公布时间"": ""2006(第一批)"", ""申报地区或单位"": ""福建省厦门市"", ""保护单位"": ""厦门市文化馆（厦门市美术馆、厦门市非物质文化遗产保护中心）""}]"
小热昏,曲艺,"[{""公布时间"": ""2006(第一批)"", ""申报地区或单位"": ""浙江省杭州市"", ""保护单位"": ""杭州滑稽艺术剧院演艺有限公司""}, {""公布时间"": ""2011(第三批)"", ""申报地区或单位"": ""江苏省常州市"", ""保护单位"": ""江苏常州市曲艺团""}]"
山东快书,曲艺,"[{""公布时间"": ""2006(第一批)"", ""申报地区或单位"": ""山东省"", ""保护单位"": ""山东省艺术研究院""}]"
乌力格尔,曲艺,"[{""公布时间"": ""2006(第一批)"", ""申报地区或单位"": ""内蒙古自治区扎鲁特旗"", ""保护单位"": ""扎鲁特旗文化馆""}, {""公布时间"": ""2006(第一批)"", ""申报地区或单位"": ""内蒙古自治区科尔沁右翼中旗"", ""保护单位"": ""科尔沁右翼中旗文化馆""}, {""公布时间"": ""2006(第一批)"", ""申报地区或单位"": ""辽宁省阜新蒙古族自治县"", ""保护单位"": ""阜新蒙古族自治县文化体育旅游服务中心""}, {""公布时间"": ""2006(第一批)"", ""申报地区或单位"": ""吉林省前郭尔罗斯蒙古族自治县"", ""保护单位"": ""前郭尔罗斯蒙古族自治县草原文化馆""}, {""公布时间"": ""2008(第二批)"", ""申报地区或单位"": ""内蒙古自治区通辽市"", ""保护单位"": ""通辽市文化遗产保护中心""}]"
达斡尔族乌钦,曲艺,"[{""公布时间"": ""2006(第一批)"", ""申报地区或单位"": ""黑龙江省"", ""保护单位"": ""齐齐哈尔市梅里斯达斡尔族区文化馆""}, {""公布时间"": ""2008(第二批)"", ""申报地区或单位"": ""内蒙古自治区莫力达瓦达斡尔族自治旗"", ""保护单位"": ""莫力达瓦达斡尔族自治旗文化馆（莫力达瓦达斡尔族自治旗非物质文化遗产保护中心）""}]"
赫哲族伊玛堪,曲艺,"[{""公布时间"": ""2006(第一批)"", ""申报地区或单位"": ""黑龙江省"", ""保护单位"": ""黑龙江省非物质文化遗产保护中心""}]"
鄂伦春族摩苏昆,曲艺,"[{""公布时间"": ""2006(第一批)"", ""申报地区或单位"": ""黑龙江省"", ""保护单位"": ""黑河市群众艺术馆""}]"
傣族章哈,曲艺,"[{""公布时间"": ""2006(第一批)"", ""申报地区或单位"": ""云南省西双版纳傣族自治州"", ""保护单位"": ""西双版纳傣族自治州文化馆""}]"
哈萨克族阿依特斯,曲艺,"[{""公布时间"": ""2006(第一批)"", ""申报地区或单位"": ""新疆维吾尔自治区伊犁哈萨克自治州"", ""保护单位"": ""伊犁哈萨克自治州文化艺术研究所""}, {""公布时间"": ""2008(第二批)"", ""申报地区或单位"": ""甘肃省阿克塞哈萨克族自治县"", ""保护单位"": ""阿克塞哈萨克族自治县文化体育中心（阿克塞哈萨克族自治县文化馆）""}]"
布依族八音坐唱,曲艺,"[{""公布时间"": ""2006(第一批)"", ""申报地区或单位"": ""贵州省兴义市"", ""保护单位"": ""兴义市文化馆""}]"
相声,曲艺,"[{""公布时间"": ""2008(第二批)"", ""申报地区或单位"": ""中国广播艺术团"", ""保护单位"": ""中国广播艺术团""}, {""公布时间"": ""2008(第二批)"", ""申报地区或单位"": ""北京市歌舞剧院有限责任公司"", ""保护单位"": ""北京曲艺团有限责任公司""}, {""公布时间"": ""2008(第二批)"", ""申报地区或单位"": ""天津市"", ""保护单位"": ""天津市曲艺团""}]"
京韵大鼓,曲艺,"[{""公布时间"": ""2008(第二批)"", ""申报地区或单位"": ""北京市歌舞剧院有限责任公司"", ""保护单位"": ""北京曲艺团有限责任公司""}, {""公布时间"": ""2008(第二批)"", ""申报地区或单位"": ""天津市曲艺团"", ""保护单位"": ""天津市曲艺团""}]"
单弦牌子曲（含岔曲）,曲艺,"[{""公布时间"": ""2008(第二批)"", ""申报地区或单位"": ""北京市歌舞剧院有限责任公司"", ""保护单位"": ""北京曲艺团有限责任公司""}, {""公布时间"": ""2008(第二批)"", ""申报地区或单位"": ""北京市西城区"", ""保护单位"": ""北京市西城区非物质文化遗产保护中心""}, {""公布时间"": ""2021(第五批)"", ""申报地区或单位"": ""天津市"", ""保护单位"": ""天津市曲艺团""}]"
扬州弹词,曲艺,"[{""公布时间"": ""2008(第二批)"", ""申报地区或单位"": ""江苏省扬州市"", ""保护单位"": ""扬州市曲艺研究所""}]"
长沙弹词,曲艺,"[{""公布时间"": ""2008(第二批)"", ""申报地区或单位"": ""湖南省长沙市"", ""保护单位"": ""长沙市非物质文化遗产保护中心（长沙非物质文化遗产馆）""}]"
杭州评词,曲艺,"[{""公布时间"": ""2008(第二批)"", ""申报地区或单位"": ""浙江省杭州市"", ""保护单位"": ""杭州滑稽艺术剧院演艺有限公司""}]"
杭州评话,曲艺,"[{""公布时间"": ""2008(第二批)"", ""申报地区或单位"": ""浙江省杭州市"", ""保护单位"": ""杭州滑稽艺术剧院演艺有限公司""}]"
绍兴词调,曲艺,"[{""公布时间"": ""2008(第二批)"", ""申报地区或单位"": ""浙江省绍兴市"", ""保护单位"": ""绍兴市文化馆、绍兴市非物质文化遗产保护中心""}]"
临海词调,曲艺,"[{""公布时间"": ""2008(第二批)"", ""申报地区或单位"": ""浙江省临海市"", ""保护单位"": ""临海市临海词调传习所""}]"
四明南词,曲艺,"[{""公布时间"": ""2008(第二批)"", ""申报地区或单位"": ""浙江省宁波市"", ""保护单位"": ""宁波市海曙区文化馆""}]"
北京评书,曲艺,"[{""公布时间"": ""2008(第二批)"", ""申报地区或单位"": ""北京市宣武区"", ""保护单位"": ""北京市西城区非物质文化遗产保护中心""}, {""公布时间"": ""2008(第二批)"", ""申报地区或单位"": ""辽宁省鞍山市"", ""保护单位"": ""鞍山市文化旅游发展促进中心""}, {""公布时间"": ""2008(第二批)"", ""申报地区或单位"": ""辽宁省本溪市"", ""保护单位"": ""本溪市文化事业发展服务中心""}, {""公布时间"": ""2008(第二批)"", ""申报地区或单位"": ""辽宁省营口市"", ""保护单位"": ""营口市文化旅游事业发展服务中心（营口市体育总会办公室）""}]"
湖北评书,曲艺,"[{""公布时间"": ""2008(第二批)"", ""申报地区或单位"": ""湖北省武汉市"", ""保护单位"": ""武汉说唱团有限责任公司""}]"
浦东说书,曲艺,"[{""公布时间"": ""2008(第二批)"", ""申报地区或单位"": ""上海市浦东新区"", ""保护单位"": ""上海市浦东新区北蔡镇文化服务中心""}]"
讲古,曲艺,"[{""公布时间"": ""2008(第二批)"", ""申报地区或单位"": ""福建省厦门市思明区"", ""保护单位"": ""厦门市思明区文化馆（厦门市思明区文物保护中心）""}]"
湖北大鼓,曲艺,"[{""公布时间"": ""2008(第二批)"", ""申报地区或单位"": ""湖北省武汉市"", ""保护单位"": ""武汉说唱团有限责任公司""}, {""公布时间"": ""2008(第二批)"", ""申报地区或单位"": ""湖北省团风县"", ""保护单位"": ""团风县文化馆（团凤县非物质文化遗产保护中心）""}]"
襄垣鼓书,曲艺,"[{""公布时间"": ""2008(第二批)"", ""申报地区或单位"": ""山西省襄垣县"", ""保护单位"": ""襄垣县文化馆""}]"
萍乡春锣,曲艺,"[{""公布时间"": ""2008(第二批)"", ""申报地区或单位"": ""江西省萍乡市"", ""保护单位"": ""萍乡市文化馆""}]"
三弦书（沁州三弦书）,曲艺,"[{""公布时间"": ""2008(第二批)"", ""申报地区或单位"": ""山西省沁县"", ""保护单位"": ""沁县文化馆""}]"
三弦书（南阳三弦书）,曲艺,"[{""公布时间"": ""2008(第二批)"", ""申报地区或单位"": ""河南省南阳市"", ""保护单位"": ""南阳市说唱团演艺有限公司""}]"
莺歌柳书,曲艺,"[{""公布时间"": ""2008(第二批)"", ""申报地区或单位"": ""山东省菏泽市"", ""保护单位"": ""菏泽市艺术研究所""}]"
平湖钹子书,曲艺,"[{""公布时间"": ""2008(第二批)"", ""申报地区或单位"": ""浙江省平湖市"", ""保护单位"": ""平湖市非物质文化遗产保护管理中心""}]"
宁波走书,曲艺,"[{""公布时间"": ""2008(第二批)"", ""申报地区或单位"": ""浙江省宁波市鄞州区"", ""保护单位"": ""宁波市鄞州区咸祥镇咸六村""}, {""公布时间"": ""2008(第二批)"", ""申报地区或单位"": ""浙江省奉化市"", ""保护单位"": ""宁波市奉化区文化馆""}]"
独脚戏,曲艺,"[{""公布时间"": ""2008(第二批)"", ""申报地区或单位"": ""上海市黄浦区"", ""保护单位"": ""上海独脚戏艺术传承中心（上海市人民滑稽剧团）""}, {""公布时间"": ""2008(第二批)"", ""申报地区或单位"": ""浙江省杭州市"", ""保护单位"": ""杭州滑稽艺术剧院演艺有限公司""}]"
大调曲子,曲艺,"[{""公布时间"": ""2008(第二批)"", ""申报地区或单位"": ""河南省南阳市"", ""保护单位"": ""南阳曲剧艺术中心""}]"
湖北小曲,曲艺,"[{""公布时间"": ""2008(第二批)"", ""申报地区或单位"": ""湖北省武汉市"", ""保护单位"": ""武汉说唱团有限责任公司""}]"
南曲,曲艺,"[{""公布时间"": ""2008(第二批)"", ""申报地区或单位"": ""湖北省五峰土家族自治县"", ""保护单位"": ""五峰土家族自治县文化馆""}]"
秦安小曲,曲艺,"[{""公布时间"": ""2008(第二批)"", ""申报地区或单位"": ""甘肃省秦安县"", ""保护单位"": ""秦安县文化馆""}]"
徐州琴书,曲艺,"[{""公布时间"": ""2008(第二批)"", ""申报地区或单位"": ""江苏省徐州市"", ""保护单位"": ""徐州演艺集团有限公司""}]"
恩施扬琴,曲艺,"[{""公布时间"": ""2008(第二批)"", ""申报地区或单位"": ""湖北省恩施市"", ""保护单位"": ""恩施市非物质文化遗产保护传承展演中心""}]"
四川扬琴,曲艺,"[{""公布时间"": ""2008(第二批)"", ""申报地区或单位"": ""四川省曲艺团"", ""保护单位"": ""四川省曲艺研究院""}, {""公布时间"": ""2008(第二批)"", ""申报地区或单位"": ""四川省音乐舞蹈研究所"", ""保护单位"": ""四川省艺术研究院""}, {""公布时间"": ""2008(第二批)"", ""申报地区或单位"": ""成都艺术剧院"", ""保护单位"": ""成都市非物质文化遗产保护中心（成都市非物质文化遗产艺术研究院）""}, {""公布时间"": ""2011(第三批)"", ""申报地区或单位"": ""重庆市曲艺团"", ""保护单位"": ""重庆市曲艺团有限责任公司""}]"
四川竹琴,曲艺,"[{""公布时间"": ""2008(第二批)"", ""申报地区或单位"": ""重庆市三峡曲艺团"", ""保护单位"": ""重庆市三峡曲艺保护传承中心（重庆市三峡曲艺团）""}, {""公布时间"": ""2008(第二批)"", ""申报地区或单位"": ""四川省成都艺术剧院"", ""保护单位"": ""成都市非物质文化遗产保护中心（成都市非物质文化遗产艺术研究院）""}]"
四川清音,曲艺,"[{""公布时间"": ""2008(第二批)"", ""申报地区或单位"": ""四川省成都艺术剧院"", ""保护单位"": ""成都市非物质文化遗产保护中心（成都市非物质文化遗产艺术研究院）""}, {""公布时间"": ""2011(第三批)"", ""申报地区或单位"": ""重庆市曲艺团"", ""保护单位"": ""重庆市曲艺团有限责任公司""}]"
金华道情,曲艺,"[{""公布时间"": ""2008(第二批)"", ""申报地区或单位"": ""浙江省金华市"", ""保护单位"": ""金华市非遗保护和信息中心""}, {""公布时间"": ""2008(第二批)"", ""申报地区或单位"": ""浙江省义乌市"", ""保护单位"": ""义乌市文化馆（义乌市非物质文化遗产保护中心）""}]"
陕北道情,曲艺,"[{""公布时间"": ""2008(第二批)"", ""申报地区或单位"": ""陕西省延安市"", ""保护单位"": ""延安市文化文艺中心（延安市群众艺术馆）""}, {""公布时间"": ""2008(第二批)"", ""申报地区或单位"": ""陕西省清涧县"", ""保护单位"": ""清涧县文化馆，加挂清涧县公共文化中心牌子，加挂清涧县道情研究中心牌子""}]"
朝鲜族三老人,曲艺,"[{""公布时间"": ""2008(第二批)"", ""申报地区或单位"": ""吉林省和龙市"", ""保护单位"": ""和龙市文化馆""}]"
南京白局,曲艺,"[{""公布时间"": ""2008(第二批)"", ""申报地区或单位"": ""江苏省南京市秦淮区"", ""保护单位"": ""南京市秦淮区文化馆""}]"
武林调,曲艺,"[{""公布时间"": ""2008(第二批)"", ""申报地区或单位"": ""浙江省杭州市"", ""保护单位"": ""杭州滑稽艺术剧院演艺有限公司""}]"
绍兴宣卷,曲艺,"[{""公布时间"": ""2008(第二批)"", ""申报地区或单位"": ""浙江省绍兴县"", ""保护单位"": ""绍兴市柯桥区文化馆（绍兴市柯桥区非物质文化遗产保护中心）""}]"
温州莲花,曲艺,"[{""公布时间"": ""2008(第二批)"", ""申报地区或单位"": ""浙江省温州市鹿城区"", ""保护单位"": ""温州市温馨瓯韵说唱团""}, {""公布时间"": ""2008(第二批)"", ""申报地区或单位"": ""浙江省永嘉县"", ""保护单位"": ""永嘉县文化遗产保护传承中心""}]"
山东落子,曲艺,"[{""公布时间"": ""2008(第二批)"", ""申报地区或单位"": ""山东省单县"", ""保护单位"": ""单县文化馆""}, {""公布时间"": ""2014(第四批)"", ""申报地区或单位"": ""山东省金乡县"", ""保护单位"": ""金乡县公共文化服务中心（金乡县文化馆、金乡县图书馆）""}]"
说鼓子,曲艺,"[{""公布时间"": ""2008(第二批)"", ""申报地区或单位"": ""湖北省公安县"", ""保护单位"": ""公安县公共文化服务中心（公安县文化馆、公安县博物馆、公安县图书馆）""}, {""公布时间"": ""2008(第二批)"", ""申报地区或单位"": ""湖北省松滋市"", ""保护单位"": ""松滋市群众艺术馆（松滋市京剧团、松滋市非物质文化遗产保护中心）""}]"
广西文场,曲艺,"[{""公布时间"": ""2008(第二批)"", ""申报地区或单位"": ""广西壮族自治区桂林市"", ""保护单位"": ""桂林市戏剧创作研究院（桂林市非物质文化遗产保护传承中心）""}]"
车灯,曲艺,"[{""公布时间"": ""2008(第二批)"", ""申报地区或单位"": ""重庆市曲艺团"", ""保护单位"": ""重庆市曲艺团有限责任公司""}]"
眉户曲子,曲艺,"[{""公布时间"": ""2008(第二批)"", ""申报地区或单位"": ""陕西省户县"", ""保护单位"": ""西安市鄠邑区文化馆""}]"
韩城秧歌,曲艺,"[{""公布时间"": ""2008(第二批)"", ""申报地区或单位"": ""陕西省韩城市"", ""保护单位"": ""韩城市文化馆""}]"
金钱板,曲艺,"[{""公布时间"": ""2008(第二批)"", ""申报地区或单位"": ""四川省成都市"", ""保护单位"": ""成都市非物质文化遗产保护中心（成都市非物质文化遗产艺术研究院）""}, {""公布时间"": ""2011(第三批)"", ""申报地区或单位"": ""重庆市万州区"", ""保护单位"": ""重庆市万州区文化馆""}]"
青海平弦,曲艺,"[{""公布时间"": ""2008(第二批)"", ""申报地区或单位"": ""青海省西宁市"", ""保护单位"": ""西宁市文化馆""}]"
青海越弦,曲艺,"[{""公布时间"": ""2008(第二批)"", ""申报地区或单位"": ""青海省西宁市"", ""保护单位"": ""西宁市文化馆""}]"
青海下弦,曲艺,"[{""公布时间"": ""2008(第二批)"", ""申报地区或单位"": ""青海省"", ""保护单位"": ""青海省文化馆""}]"
好来宝,曲艺,"[{""公布时间"": ""2008(第二批)"", ""申报地区或单位"": ""内蒙古自治区科尔沁左翼后旗"", ""保护单位"": ""科尔沁左翼后旗文化馆""}]"
哈萨克族铁尔麦,曲艺,"[{""公布时间"": ""2008(第二批)"", ""申报地区或单位"": ""新疆维吾尔自治区伊犁哈萨克自治州"", ""保护单位"": ""伊犁哈萨克自治州文化艺术研究所""}]"
莲花落,曲艺,"[{""公布时间"": ""2011(第三批)"", ""申报地区或单位"": ""山西省太原市"", ""保护单位"": ""太原市歌舞杂技团有限责任公司""}]"
长子鼓书,曲艺,"[{""公布时间"": ""2011(第三批)"", ""申报地区或单位"": ""山西省长子县"", ""保护单位"": ""长子县文化馆""}]"
翼城琴书,曲艺,"[{""公布时间"": ""2011(第三批)"", ""申报地区或单位"": ""山西省翼城县"", ""保护单位"": ""翼城县人民文化馆""}]"
曲沃琴书,曲艺,"[{""公布时间"": ""2011(第三批)"", ""申报地区或单位"": ""山西省曲沃县"", ""保护单位"": ""曲沃县文化馆""}]"
泽州四弦书,曲艺,"[{""公布时间"": ""2011(第三批)"", ""申报地区或单位"": ""山西省泽州县"", ""保护单位"": ""泽州县文化馆""}]"
盘索里,曲艺,"[{""公布时间"": ""2011(第三批)"", ""申报地区或单位"": ""辽宁省铁岭市"", ""保护单位"": ""铁岭市朝鲜族文化艺术馆""}, {""公布时间"": ""2011(第三批)"", ""申报地区或单位"": ""吉林省延边朝鲜族自治州"", ""保护单位"": ""延边歌舞团（延边话剧团）""}]"
永康鼓词,曲艺,"[{""公布时间"": ""2011(第三批)"", ""申报地区或单位"": ""浙江省永康市"", ""保护单位"": ""永康市民间艺术表演协会""}]"
唱新闻,曲艺,"[{""公布时间"": ""2011(第三批)"", ""申报地区或单位"": ""浙江省象山县"", ""保护单位"": ""象山县文化馆""}]"
渔鼓道情,曲艺,"[{""公布时间"": ""2011(第三批)"", ""申报地区或单位"": ""安徽省萧县"", ""保护单位"": ""安徽省萧县文化馆""}]"
三棒鼓,曲艺,"[{""公布时间"": ""2011(第三批)"", ""申报地区或单位"": ""湖北省宣恩县"", ""保护单位"": ""宣恩县文化馆""}]"
祁阳小调,曲艺,"[{""公布时间"": ""2011(第三批)"", ""申报地区或单位"": ""湖南省祁阳县"", ""保护单位"": ""祁阳县文化馆""}]"
粤曲,曲艺,"[{""公布时间"": ""2011(第三批)"", ""申报地区或单位"": ""广东省广州市"", ""保护单位"": ""广东音乐曲艺团有限公司""}]"
木鱼歌,曲艺,"[{""公布时间"": ""2011(第三批)"", ""申报地区或单位"": ""广东省东莞市"", ""保护单位"": ""东莞市东坑镇文化服务中心（东莞市东坑镇体育管理服务中心）""}]"
四川评书,曲艺,"[{""公布时间"": ""2011(第三批)"", ""申报地区或单位"": ""重庆市曲艺团"", ""保护单位"": ""重庆市曲艺团有限责任公司""}]"
洛南静板书,曲艺,"[{""公布时间"": ""2011(第三批)"", ""申报地区或单位"": ""陕西省洛南县"", ""保护单位"": ""洛南县剧团""}]"
南音说唱,曲艺,"[{""公布时间"": ""2011(第三批)"", ""申报地区或单位"": ""澳门特别行政区"", ""保护单位"": ""区均祥粤剧曲艺社""}]"
河州平弦,曲艺,"[{""公布时间"": ""2011(第三批)"", ""申报地区或单位"": ""甘肃省临夏市"", ""保护单位"": ""临夏市非物质文化遗产保护中心""}]"
端鼓腔,曲艺,"[{""公布时间"": ""2011(第三批)"", ""申报地区或单位"": ""山东省东平县"", ""保护单位"": ""东平县非物质文化遗产保护协会""}, {""公布时间"": ""2011(第三批)"", ""申报地区或单位"": ""山东省微山县"", ""保护单位"": ""微山县公共文化服务中心（微山县文化馆、微山县图书馆）""}]"
数来宝,曲艺,"[{""公布时间"": ""2014(第四批)"", ""申报地区或单位"": ""北京市东城区"", ""保护单位"": ""北京东城快板沙龙""}]"
梅花大鼓,曲艺,"[{""公布时间"": ""2014(第四批)"", ""申报地区或单位"": ""天津市"", ""保护单位"": ""天津市曲艺团""}]"
弹唱,曲艺,"[{""公布时间"": ""2014(第四批)"", ""申报地区或单位"": ""山西省吕梁市离石区"", ""保护单位"": ""吕梁市离石区弹唱保护协会""}]"
浦东宣卷,曲艺,"[{""公布时间"": ""2014(第四批)"", ""申报地区或单位"": ""上海市浦东新区"", ""保护单位"": ""上海市浦东新区周浦镇文化服务中心""}]"
丽水鼓词,曲艺,"[{""公布时间"": ""2014(第四批)"", ""申报地区或单位"": ""浙江省丽水市莲都区"", ""保护单位"": ""丽水市莲都区文化馆（莲都区非物质文化遗产保护中心）""}]"
客家古文,曲艺,"[{""公布时间"": ""2014(第四批)"", ""申报地区或单位"": ""江西省于都县"", ""保护单位"": ""于都县文化馆""}]"
永新小鼓,曲艺,"[{""公布时间"": ""2014(第四批)"", ""申报地区或单位"": ""江西省永新县"", ""保护单位"": ""永新县文化和旅游发展中心""}]"
山东花鼓,曲艺,"[{""公布时间"": ""2014(第四批)"", ""申报地区或单位"": ""山东省菏泽市"", ""保护单位"": ""菏泽市艺术研究所""}]"
跳三鼓,曲艺,"[{""公布时间"": ""2014(第四批)"", ""申报地区或单位"": ""湖北省石首市"", ""保护单位"": ""石首市群众艺术馆（石首市明珠艺术团、石首市非物质文化遗产保护中心、石首市公共文化服务中心）""}]"
湖南渔鼓,曲艺,"[{""公布时间"": ""2014(第四批)"", ""申报地区或单位"": ""湖南省"", ""保护单位"": ""湖南省文化馆（湖南省非物质文化遗产保护中心）""}]"
桂林渔鼓,曲艺,"[{""公布时间"": ""2014(第四批)"", ""申报地区或单位"": ""广西壮族自治区桂林市"", ""保护单位"": ""桂林市群众艺术馆""}]"
宁夏小曲,曲艺,"[{""公布时间"": ""2014(第四批)"", ""申报地区或单位"": ""宁夏回族自治区银川市"", ""保护单位"": ""银川市文化艺术馆（银川市群众艺术馆）""}]"
托勒敖,曲艺,"[{""公布时间"": ""2014(第四批)"", ""申报地区或单位"": ""新疆维吾尔自治区尼勒克县"", ""保护单位"": ""尼勒克县文化馆""}]"
蔡家洼五音大鼓,曲艺,"[{""公布时间"": ""2021(第五批)"", ""申报地区或单位"": ""北京市密云区"", ""保护单位"": ""北京市密云区巨各庄镇蔡家洼股份经济合作社""}]"
屯留道情,曲艺,"[{""公布时间"": ""2021(第五批)"", ""申报地区或单位"": ""山西省长治市屯留区"", ""保护单位"": ""长治市屯留区文化馆""}]"
陵川钢板书,曲艺,"[{""公布时间"": ""2021(第五批)"", ""申报地区或单位"": ""山西省晋城市陵川县"", ""保护单位"": ""陵川县盲人曲艺宣传队""}]"
苏北大鼓,曲艺,"[{""公布时间"": ""2021(第五批)"", ""申报地区或单位"": ""江苏省宿迁市宿城区"", ""保护单位"": ""宿迁市宿城区文化馆""}]"
三跳（湖州三跳）,曲艺,"[{""公布时间"": ""2021(第五批)"", ""申报地区或单位"": ""浙江省湖州市"", ""保护单位"": ""湖州市文化馆、湖州市非物质文化遗产保护中心""}]"
南昌清音,曲艺,"[{""公布时间"": ""2021(第五批)"", ""申报地区或单位"": ""江西省南昌市东湖区"", ""保护单位"": ""南昌市东湖区文化馆（南昌市东湖区非物质遗产研究保护中心、南昌市东湖区文学艺术界联合会）""}]"
都昌鼓书,曲艺,"[{""公布时间"": ""2021(第五批)"", ""申报地区或单位"": ""江西省九江市都昌县"", ""保护单位"": ""都昌县文化旅游服务中心（都昌县文化馆）""}]"
江西莲花落,曲艺,"[{""公布时间"": ""2021(第五批)"", ""申报地区或单位"": ""江西省萍乡市"", ""保护单位"": ""萍乡市文化馆""}]"
陕州锣鼓书,曲艺,"[{""公布时间"": ""2021(第五批)"", ""申报地区或单位"": ""河南省三门峡市"", ""保护单位"": ""三门峡市群众艺术馆""}]"
天门渔鼓,曲艺,"[{""公布时间"": ""2021(第五批)"", ""申报地区或单位"": ""湖北省天门市"", ""保护单位"": ""天门市群众艺术馆""}]"
竹板歌,曲艺,"[{""公布时间"": ""2021(第五批)"", ""申报地区或单位"": ""广东省梅州市兴宁市"", ""保护单位"": ""兴宁市文化馆""}]"
末伦,曲艺,"[{""公布时间"": ""2021(第五批)"", ""申报地区或单位"": ""广西壮族自治区百色市靖西市"", ""保护单位"": ""靖西市文化馆""}]"
嘎百福,曲艺,"[{""公布时间"": ""2021(第五批)"", ""申报地区或单位"": ""贵州省黔东南苗族侗族自治州"", ""保护单位"": ""黔东南州非物质文化遗产保护中心""}]"
旭早,曲艺,"[{""公布时间"": ""2021(第五批)"", ""申报地区或单位"": ""贵州省黔南布依族苗族自治州三都水族自治县"", ""保护单位"": ""三都水族自治县非物质文化遗产保护中心""}]"
大本曲,曲艺,"[{""公布时间"": ""2021(第五批)"", ""申报地区或单位"": ""云南省大理白族自治州大理市"", ""保护单位"": ""大理市非物质文化遗产保护管理所""}]"
古尔鲁,曲艺,"[{""公布时间"": ""2021(第五批)"", ""申报地区或单位"": ""西藏自治区拉萨市"", ""保护单位"": ""西藏墨竹工卡县直孔替寺管理委员会""}]"
陕西快板,曲艺,"[{""公布时间"": ""2021(第五批)"", ""申报地区或单位"": ""陕西省"", ""保护单位"": ""陕西省曲艺家协会""}]"
龙头琴弹唱,曲艺,"[{""公布时间"": ""2021(第五批)"", ""申报地区或单位"": ""甘肃省甘南藏族自治州玛曲县"", ""保护单位"": ""玛曲县文化馆""}]"
吴桥杂技,传统体育、游艺与杂技,"[{""公布时间"": ""2006(第一批)"", ""申报地区或单位"": ""河北省吴桥县"", ""保护单位"": ""吴桥县杂技团""}]"
聊城杂技,传统体育、游艺与杂技,"[{""公布时间"": ""2006(第一批)"", ""申报地区或单位"": ""山东省聊城市"", ""保护单位"": ""聊城市杂技团""}]"
天桥中幡,传统体育、游艺与杂技,"[{""公布时间"": ""2006(第一批)"", ""申报地区或单位"": ""北京市"", ""保护单位"": ""北京付氏天桥宝三民俗文化艺术团""}]"
中幡（安头屯中幡）,传统体育、游艺与杂技,"[{""公布时间"": ""2008(第二批)"", ""申报地区或单位"": ""河北省香河县"", ""保护单位"": ""河北省香河县文化馆""}]"
中幡（正定高照）,传统体育、游艺与杂技,"[{""公布时间"": ""2008(第二批)"", ""申报地区或单位"": ""河北省正定县"", ""保护单位"": ""正定县文化馆""}]"
中幡（建瓯挑幡）,传统体育、游艺与杂技,"[{""公布时间"": ""2008(第二批)"", ""申报地区或单位"": ""福建省建瓯市"", ""保护单位"": ""建瓯市文化馆（建瓯市非物质文化遗产保护中心）""}]"
抖空竹,传统体育、游艺与杂技,"[{""公布时间"": ""2006(第一批)"", ""申报地区或单位"": ""北京市宣武区"", ""保护单位"": ""北京市西城区广内空竹文化艺术团""}]"
维吾尔族达瓦孜,传统体育、游艺与杂技,"[{""公布时间"": ""2006(第一批)"", ""申报地区或单位"": ""新疆维吾尔自治区"", ""保护单位"": ""新疆艺术剧院杂技团""}]"
宁德霍童线狮,传统体育、游艺与杂技,"[{""公布时间"": ""2006(第一批)"", ""申报地区或单位"": ""福建省宁德市"", ""保护单位"": ""宁德市蕉城区文化馆""}]"
线狮（九狮图）,传统体育、游艺与杂技,"[{""公布时间"": ""2008(第二批)"", ""申报地区或单位"": ""浙江省永康市"", ""保护单位"": ""永康市民间艺术表演协会""}, {""公布时间"": ""2008(第二批)"", ""申报地区或单位"": ""浙江省仙居县"", ""保护单位"": ""仙居县文化遗产保护中心""}]"
线狮（草塔抖狮子）,传统体育、游艺与杂技,"[{""公布时间"": ""2014(第四批)"", ""申报地区或单位"": ""浙江省诸暨市"", ""保护单位"": ""诸暨市博物馆""}]"
少林功夫,传统体育、游艺与杂技,"[{""公布时间"": ""2006(第一批)"", ""申报地区或单位"": ""河南省登封市"", ""保护单位"": ""中国嵩山少林寺""}]"
武当武术,传统体育、游艺与杂技,"[{""公布时间"": ""2006(第一批)"", ""申报地区或单位"": ""湖北省十堰市"", ""保护单位"": ""十堰市群众艺术馆""}]"
回族重刀武术,传统体育、游艺与杂技,"[{""公布时间"": ""2006(第一批)"", ""申报地区或单位"": ""天津市"", ""保护单位"": ""天津市红桥区文化馆（天津市红桥区文化艺术发展中心）""}]"
沧州武术,传统体育、游艺与杂技,"[{""公布时间"": ""2006(第一批)"", ""申报地区或单位"": ""河北省沧州市"", ""保护单位"": ""沧州市武术协会""}]"
沧州武术（劈挂拳）,传统体育、游艺与杂技,"[{""公布时间"": ""2008(第二批)"", ""申报地区或单位"": ""河北省沧州市"", ""保护单位"": ""沧州市武术协会""}]"
沧州武术（燕青拳）,传统体育、游艺与杂技,"[{""公布时间"": ""2008(第二批)"", ""申报地区或单位"": ""河北省沧州市"", ""保护单位"": ""沧州市武术协会""}]"
沧州武术（孟村八极拳）,传统体育、游艺与杂技,"[{""公布时间"": ""2008(第二批)"", ""申报地区或单位"": ""河北省沧州市"", ""保护单位"": ""孟村县开门八极拳研究会""}]"
沧州武术（六合拳）,传统体育、游艺与杂技,"[{""公布时间"": ""2011(第三批)"", ""申报地区或单位"": ""河北省泊头市"", ""保护单位"": ""泊头六合拳研究会""}]"
太极拳（杨氏太极拳）,传统体育、游艺与杂技,"[{""公布时间"": ""2006(第一批)"", ""申报地区或单位"": ""河北省永年县"", ""保护单位"": ""邯郸市永年区文化馆""}]"
太极拳（陈氏太极拳）,传统体育、游艺与杂技,"[{""公布时间"": ""2006(第一批)"", ""申报地区或单位"": ""河南省焦作市"", ""保护单位"": ""焦作市文化馆（焦作市非物质文化遗产保护中心）""}]"
太极拳（武氏太极拳）,传统体育、游艺与杂技,"[{""公布时间"": ""2008(第二批)"", ""申报地区或单位"": ""河北省永年县"", ""保护单位"": ""邯郸市永年区文化馆""}]"
太极拳（吴氏太极拳）,传统体育、游艺与杂技,"[{""公布时间"": ""2014(第四批)"", ""申报地区或单位"": ""北京市大兴区"", ""保护单位"": ""北京大兴鸣生亮武学研究会""}, {""公布时间"": ""2021(第五批)"", ""申报地区或单位"": ""上海市"", ""保护单位"": ""上海鉴泉太极拳社""}]"
太极拳（李氏太极拳）,传统体育、游艺与杂技,"[{""公布时间"": ""2014(第四批)"", ""申报地区或单位"": ""天津市武清区"", ""保护单位"": ""天津市武清区文化馆""}]"
太极拳（王其和太极拳）,传统体育、游艺与杂技,"[{""公布时间"": ""2014(第四批)"", ""申报地区或单位"": ""河北省任县"", ""保护单位"": ""河北省王其和太极拳协会""}]"
太极拳（和氏太极拳）,传统体育、游艺与杂技,"[{""公布时间"": ""2014(第四批)"", ""申报地区或单位"": ""河南省温县"", ""保护单位"": ""温县和式太极拳学会""}]"
太极拳（孙氏太极拳）,传统体育、游艺与杂技,"[{""公布时间"": ""2021(第五批)"", ""申报地区或单位"": ""北京市西城区"", ""保护单位"": ""北京市西城区非物质文化遗产保护中心""}, {""公布时间"": ""2021(第五批)"", ""申报地区或单位"": ""河北省保定市"", ""保护单位"": ""望都县文化馆（望都县美术馆）""}]"
邢台梅花拳,传统体育、游艺与杂技,"[{""公布时间"": ""2006(第一批)"", ""申报地区或单位"": ""河北省邢台市"", ""保护单位"": ""广宗县文化馆，国家非物质文化遗产梅花拳平乡县后马庄保护传承协会""}]"
梅花拳,传统体育、游艺与杂技,"[{""公布时间"": ""2011(第三批)"", ""申报地区或单位"": ""河北省威县"", ""保护单位"": ""威县文化馆（威县美术馆）""}]"
梅花拳（梁山梅花拳）,传统体育、游艺与杂技,"[{""公布时间"": ""2021(第五批)"", ""申报地区或单位"": ""山东省济宁市梁山县"", ""保护单位"": ""梁山县梁山武术研究学会""}]"
沙河藤牌阵,传统体育、游艺与杂技,"[{""公布时间"": ""2006(第一批)"", ""申报地区或单位"": ""河北省沙河市"", ""保护单位"": ""邢台经济开发区沙河城镇十里铺村村民委员会""}]"
朝鲜族跳板、秋千,传统体育、游艺与杂技,"[{""公布时间"": ""2006(第一批)"", ""申报地区或单位"": ""吉林省延边朝鲜族自治州"", ""保护单位"": ""延吉市青少年业余体育运动学校""}]"
达斡尔族传统曲棍球竞技,传统体育、游艺与杂技,"[{""公布时间"": ""2006(第一批)"", ""申报地区或单位"": ""内蒙古自治区莫力达瓦达斡尔族自治旗"", ""保护单位"": ""莫力达瓦达斡尔族自治旗文化馆（莫力达瓦达斡尔族自治旗非物质文化遗产保护中心）""}]"
蒙古族搏克,传统体育、游艺与杂技,"[{""公布时间"": ""2006(第一批)"", ""申报地区或单位"": ""内蒙古自治区"", ""保护单位"": ""内蒙古自治区体育总会""}, {""公布时间"": ""2014(第四批)"", ""申报地区或单位"": ""内蒙古自治区东乌珠穆沁旗"", ""保护单位"": ""东乌珠穆沁旗文化馆""}, {""公布时间"": ""2014(第四批)"", ""申报地区或单位"": ""新疆维吾尔自治区乌苏市"", ""保护单位"": ""乌苏市文化馆""}]"
蹴鞠,传统体育、游艺与杂技,"[{""公布时间"": ""2006(第一批)"", ""申报地区或单位"": ""山东省淄博市"", ""保护单位"": ""临淄区文化事业发展服务中心""}]"
围棋,传统体育、游艺与杂技,"[{""公布时间"": ""2008(第二批)"", ""申报地区或单位"": ""中国棋院"", ""保护单位"": ""中国围棋协会""}, {""公布时间"": ""2008(第二批)"", ""申报地区或单位"": ""北京棋院"", ""保护单位"": ""北京棋院（北京市棋牌运动管理中心）""}]"
象棋,传统体育、游艺与杂技,"[{""公布时间"": ""2008(第二批)"", ""申报地区或单位"": ""中国棋院"", ""保护单位"": ""国家体育总局棋牌运动管理中心（中国棋院）""}, {""公布时间"": ""2008(第二批)"", ""申报地区或单位"": ""北京棋院"", ""保护单位"": ""北京棋院（北京市棋牌运动管理中心）""}]"
蒙古族象棋,传统体育、游艺与杂技,"[{""公布时间"": ""2008(第二批)"", ""申报地区或单位"": ""内蒙古自治区阿拉善盟"", ""保护单位"": ""阿拉善左旗文化馆""}]"
天桥摔跤,传统体育、游艺与杂技,"[{""公布时间"": ""2008(第二批)"", ""申报地区或单位"": ""北京市宣武区"", ""保护单位"": ""北京付氏天桥宝三民俗文化艺术团""}]"
摔跤（朝鲜族摔跤）,传统体育、游艺与杂技,"[{""公布时间"": ""2011(第三批)"", ""申报地区或单位"": ""吉林省延吉市"", ""保护单位"": ""延吉市青少年业余体育运动学校""}]"
摔跤（彝族摔跤）,传统体育、游艺与杂技,"[{""公布时间"": ""2011(第三批)"", ""申报地区或单位"": ""云南省石林彝族自治县"", ""保护单位"": ""石林彝族自治县阿诗玛文化传承与保护中心（石林彝族自治县阿诗玛文化研究所、石林彝族自治县非物质文化遗产保护中心）""}]"
摔跤（维吾尔族且力西）,传统体育、游艺与杂技,"[{""公布时间"": ""2011(第三批)"", ""申报地区或单位"": ""新疆维吾尔自治区岳普湖县"", ""保护单位"": ""岳普湖县文化馆""}]"
摔跤（沈阳北市摔跤）,传统体育、游艺与杂技,"[{""公布时间"": ""2021(第五批)"", ""申报地区或单位"": ""辽宁省沈阳市"", ""保护单位"": ""沈阳市和平区豪丰北市摔跤发展服务中心""}]"
沙力搏尔式摔跤,传统体育、游艺与杂技,"[{""公布时间"": ""2008(第二批)"", ""申报地区或单位"": ""内蒙古自治区阿拉善左旗"", ""保护单位"": ""阿拉善左旗文化馆""}]"
峨眉武术,传统体育、游艺与杂技,"[{""公布时间"": ""2008(第二批)"", ""申报地区或单位"": ""四川省峨眉山市"", ""保护单位"": ""峨眉山市体育总会""}]"
红拳,传统体育、游艺与杂技,"[{""公布时间"": ""2008(第二批)"", ""申报地区或单位"": ""陕西省"", ""保护单位"": ""陕西红拳文化研究会""}]"
八卦掌,传统体育、游艺与杂技,"[{""公布时间"": ""2008(第二批)"", ""申报地区或单位"": ""河北省廊坊市"", ""保护单位"": ""文安县文柱武校""}, {""公布时间"": ""2011(第三批)"", ""申报地区或单位"": ""北京市西城区"", ""保护单位"": ""北京市武术运动协会""}, {""公布时间"": ""2011(第三批)"", ""申报地区或单位"": ""河北省固安县"", ""保护单位"": ""固安县文物和非物质文化遗产所（固安县博物馆）""}]"
形意拳,传统体育、游艺与杂技,"[{""公布时间"": ""2008(第二批)"", ""申报地区或单位"": ""河北省深州市"", ""保护单位"": ""深州形意拳协会""}, {""公布时间"": ""2011(第三批)"", ""申报地区或单位"": ""山西省太谷县"", ""保护单位"": ""晋中市太谷形意拳协会""}]"
鹰爪翻子拳,传统体育、游艺与杂技,"[{""公布时间"": ""2008(第二批)"", ""申报地区或单位"": ""河北省雄县"", ""保护单位"": ""保定市鹰爪翻子拳文化研究会""}]"
八极拳（月山八极拳）,传统体育、游艺与杂技,"[{""公布时间"": ""2008(第二批)"", ""申报地区或单位"": ""河南省博爱县"", ""保护单位"": ""博爱县八极文武学校""}]"
八极拳,传统体育、游艺与杂技,"[{""公布时间"": ""2021(第五批)"", ""申报地区或单位"": ""北京市朝阳区"", ""保护单位"": ""北京八极武学文化传播有限公司""}]"
心意拳,传统体育、游艺与杂技,"[{""公布时间"": ""2008(第二批)"", ""申报地区或单位"": ""山西省晋中市"", ""保护单位"": ""晋中市心意（形意）拳协会""}, {""公布时间"": ""2011(第三批)"", ""申报地区或单位"": ""山西省祁县"", ""保护单位"": ""祁县戴氏心意拳协会""}]"
心意拳（卢氏心意拳）,传统体育、游艺与杂技,"[{""公布时间"": ""2021(第五批)"", ""申报地区或单位"": ""上海市普陀区"", ""保护单位"": ""上海心意六合健身咨询有限公司""}]"
心意六合拳,传统体育、游艺与杂技,"[{""公布时间"": ""2008(第二批)"", ""申报地区或单位"": ""河南省漯河市"", ""保护单位"": ""漯河市心意六和拳研究会""}, {""公布时间"": ""2008(第二批)"", ""申报地区或单位"": ""河南省周口市"", ""保护单位"": ""周口市心意六合拳协会""}]"
五祖拳,传统体育、游艺与杂技,"[{""公布时间"": ""2008(第二批)"", ""申报地区或单位"": ""福建省泉州市"", ""保护单位"": ""泉州市武术协会""}]"
查拳,传统体育、游艺与杂技,"[{""公布时间"": ""2008(第二批)"", ""申报地区或单位"": ""山东省冠县"", ""保护单位"": ""冠县文化图书馆""}]"
螳螂拳,传统体育、游艺与杂技,"[{""公布时间"": ""2008(第二批)"", ""申报地区或单位"": ""山东省莱阳市"", ""保护单位"": ""莱阳市文化艺术中心（莱阳市文化馆、莱阳市美术馆）""}, {""公布时间"": ""2011(第三批)"", ""申报地区或单位"": ""山东省栖霞市"", ""保护单位"": ""栖霞市文化馆""}, {""公布时间"": ""2011(第三批)"", ""申报地区或单位"": ""山东省青岛市崂山区"", ""保护单位"": ""青岛市崂山区人民政府王哥庄街道办事处""}, {""公布时间"": ""2014(第四批)"", ""申报地区或单位"": ""山东省青岛市市南区"", ""保护单位"": ""青岛鸳鸯螳螂拳俱乐部""}]"
苌家拳,传统体育、游艺与杂技,"[{""公布时间"": ""2008(第二批)"", ""申报地区或单位"": ""河南省荥阳市"", ""保护单位"": ""荥阳苌家拳研究会""}]"
岳家拳,传统体育、游艺与杂技,"[{""公布时间"": ""2008(第二批)"", ""申报地区或单位"": ""湖北省武穴市"", ""保护单位"": ""武穴市岳飞文武学校""}, {""公布时间"": ""2014(第四批)"", ""申报地区或单位"": ""湖北省黄梅县"", ""保护单位"": ""黄梅县文化馆""}]"
蔡李佛拳,传统体育、游艺与杂技,"[{""公布时间"": ""2008(第二批)"", ""申报地区或单位"": ""广东省江门市新会区"", ""保护单位"": ""新会蔡李佛始祖拳会""}]"
蔡李佛拳（广州北胜蔡李佛拳）,传统体育、游艺与杂技,"[{""公布时间"": ""2021(第五批)"", ""申报地区或单位"": ""广东省"", ""保护单位"": ""广东北胜堂文化传播有限公司""}]"
马球（塔吉克族马球）,传统体育、游艺与杂技,"[{""公布时间"": ""2008(第二批)"", ""申报地区或单位"": ""新疆维吾尔自治区塔什库尔干塔吉克自治县"", ""保护单位"": ""新疆塔什库尔干塔吉克自治县文化馆""}]"
满族珍珠球,传统体育、游艺与杂技,"[{""公布时间"": ""2008(第二批)"", ""申报地区或单位"": ""吉林省吉林市"", ""保护单位"": ""吉林市艺术研究所(吉林市非物质文化遗产保护研究中心)""}]"
满族珍珠球（伊通满族珍珠球）,传统体育、游艺与杂技,"[{""公布时间"": ""2021(第五批)"", ""申报地区或单位"": ""吉林省四平市伊通满族自治县"", ""保护单位"": ""伊通满族自治县业余体育学校""}]"
满族二贵摔跤,传统体育、游艺与杂技,"[{""公布时间"": ""2008(第二批)"", ""申报地区或单位"": ""河北省隆化县"", ""保护单位"": ""河北省隆化县文化馆""}]"
鄂温克抢枢,传统体育、游艺与杂技,"[{""公布时间"": ""2008(第二批)"", ""申报地区或单位"": ""内蒙古自治区鄂温克族自治旗"", ""保护单位"": ""鄂温克族自治旗文化旅游事业发展中心（鄂温克族自治旗文化馆、鄂温克族自治旗非物质文化遗产保护中心）""}]"
挠羊赛,传统体育、游艺与杂技,"[{""公布时间"": ""2008(第二批)"", ""申报地区或单位"": ""山西省忻州市"", ""保护单位"": ""忻州市摔跤俱乐部""}]"
传统箭术（南山射箭）,传统体育、游艺与杂技,"[{""公布时间"": ""2008(第二批)"", ""申报地区或单位"": ""青海省海东市乐都县"", ""保护单位"": ""海东市乐都区文化馆""}]"
传统箭术（锡伯族射箭）,传统体育、游艺与杂技,"[{""公布时间"": ""2021(第五批)"", ""申报地区或单位"": ""新疆维吾尔自治区伊犁哈萨克自治州察布查尔锡伯自治县"", ""保护单位"": ""察布查尔锡伯自治县文化馆""}]"
赛马会（当吉仁赛马会）,传统体育、游艺与杂技,"[{""公布时间"": ""2008(第二批)"", ""申报地区或单位"": ""西藏自治区拉萨市"", ""保护单位"": ""当雄县文化和旅游局（文物局）""}]"
赛马会（玉树赛马会）,传统体育、游艺与杂技,"[{""公布时间"": ""2008(第二批)"", ""申报地区或单位"": ""青海省玉树藏族自治州"", ""保护单位"": ""玉树藏族自治州文化馆""}]"
赛马会（哈萨克族赛马）,传统体育、游艺与杂技,"[{""公布时间"": ""2014(第四批)"", ""申报地区或单位"": ""新疆维吾尔自治区富蕴县"", ""保护单位"": ""富蕴县文化馆（富蕴县非物质文化遗产保护中心、富蕴县美术馆）""}]"
赛马会（恰青赛马会）,传统体育、游艺与杂技,"[{""公布时间"": ""2021(第五批)"", ""申报地区或单位"": ""西藏自治区那曲市"", ""保护单位"": ""那曲市文化和旅游局""}]"
叼羊（维吾尔族叼羊）,传统体育、游艺与杂技,"[{""公布时间"": ""2008(第二批)"", ""申报地区或单位"": ""新疆维吾尔自治区巴楚县"", ""保护单位"": ""巴楚县文化馆""}]"
土族轮子秋,传统体育、游艺与杂技,"[{""公布时间"": ""2008(第二批)"", ""申报地区或单位"": ""青海省互助土族自治县"", ""保护单位"": ""互助土族自治县文化馆""}]"
左各庄杆会,传统体育、游艺与杂技,"[{""公布时间"": ""2008(第二批)"", ""申报地区或单位"": ""河北省文安县"", ""保护单位"": ""河北省文安县文化馆""}]"
戏法（赵世魁戏法）,传统体育、游艺与杂技,"[{""公布时间"": ""2008(第二批)"", ""申报地区或单位"": ""黑龙江省杂技团"", ""保护单位"": ""黑龙江省杂技团有限公司""}]"
戏法,传统体育、游艺与杂技,"[{""公布时间"": ""2011(第三批)"", ""申报地区或单位"": ""天津市和平区"", ""保护单位"": ""天津市杂技团""}]"
建湖杂技,传统体育、游艺与杂技,"[{""公布时间"": ""2008(第二批)"", ""申报地区或单位"": ""江苏省建湖县"", ""保护单位"": ""江苏省杂技团（盐城市杂技团、江苏杂技培训中心）""}]"
东北庄杂技,传统体育、游艺与杂技,"[{""公布时间"": ""2008(第二批)"", ""申报地区或单位"": ""河南省濮阳市"", ""保护单位"": ""濮阳市华龙区东北庄杂技艺术学校""}]"
宁津杂技,传统体育、游艺与杂技,"[{""公布时间"": ""2008(第二批)"", ""申报地区或单位"": ""山东省宁津县"", ""保护单位"": ""宁津县艺术学校""}]"
马戏（埇桥马戏）,传统体育、游艺与杂技,"[{""公布时间"": ""2008(第二批)"", ""申报地区或单位"": ""安徽省宿州市埇桥区"", ""保护单位"": ""宿州市埇桥区马戏协会""}]"
风火流星,传统体育、游艺与杂技,"[{""公布时间"": ""2008(第二批)"", ""申报地区或单位"": ""山西省太原市"", ""保护单位"": ""太原市晋源区风火流星艺术研究会""}]"
翻九楼,传统体育、游艺与杂技,"[{""公布时间"": ""2008(第二批)"", ""申报地区或单位"": ""浙江省杭州市"", ""保护单位"": ""杭州市萧山区浦阳镇民间文化研究协会""}, {""公布时间"": ""2008(第二批)"", ""申报地区或单位"": ""浙江省东阳市"", ""保护单位"": ""东阳市非物质文化遗产保护中心""}]"
调吊,传统体育、游艺与杂技,"[{""公布时间"": ""2008(第二批)"", ""申报地区或单位"": ""浙江省绍兴市"", ""保护单位"": ""绍兴市金寿昌调吊传习所""}]"
苏桥飞叉会,传统体育、游艺与杂技,"[{""公布时间"": ""2008(第二批)"", ""申报地区或单位"": ""河北省文安县"", ""保护单位"": ""河北省文安县文化馆""}]"
拦手门,传统体育、游艺与杂技,"[{""公布时间"": ""2011(第三批)"", ""申报地区或单位"": ""天津市河东区"", ""保护单位"": ""天津市河东区文化馆（天津市河东区文物保护中心）""}]"
通背缠拳,传统体育、游艺与杂技,"[{""公布时间"": ""2011(第三批)"", ""申报地区或单位"": ""山西省洪洞县"", ""保护单位"": ""洪洞县通背缠拳协会""}]"
地术拳,传统体育、游艺与杂技,"[{""公布时间"": ""2011(第三批)"", ""申报地区或单位"": ""福建省精武保安培训学校"", ""保护单位"": ""福建省地术拳协会""}]"
佛汉拳,传统体育、游艺与杂技,"[{""公布时间"": ""2011(第三批)"", ""申报地区或单位"": ""山东省东明县"", ""保护单位"": ""东明县佛汉拳协会""}]"
孙膑拳,传统体育、游艺与杂技,"[{""公布时间"": ""2011(第三批)"", ""申报地区或单位"": ""山东省青岛市市北区"", ""保护单位"": ""青岛市武术文艺协会""}, {""公布时间"": ""2011(第三批)"", ""申报地区或单位"": ""山东省安丘市"", ""保护单位"": ""安丘市青云山武术馆""}]"
肘捶,传统体育、游艺与杂技,"[{""公布时间"": ""2011(第三批)"", ""申报地区或单位"": ""山东省临清市"", ""保护单位"": ""临清市肘捶研究会""}]"
十八般武艺,传统体育、游艺与杂技,"[{""公布时间"": ""2011(第三批)"", ""申报地区或单位"": ""浙江省杭州市余杭区"", ""保护单位"": ""杭州市余杭区文化馆""}]"
华佗五禽戏,传统体育、游艺与杂技,"[{""公布时间"": ""2011(第三批)"", ""申报地区或单位"": ""安徽省亳州市"", ""保护单位"": ""亳州市华佗五禽戏协会""}]"
撂石锁,传统体育、游艺与杂技,"[{""公布时间"": ""2011(第三批)"", ""申报地区或单位"": ""河南省开封市"", ""保护单位"": ""开封市文化馆""}]"
撂石锁（海陵撂石锁）,传统体育、游艺与杂技,"[{""公布时间"": ""2021(第五批)"", ""申报地区或单位"": ""江苏省泰州市海陵区"", ""保护单位"": ""泰州市海陵区石锁协会""}]"
赛龙舟,传统体育、游艺与杂技,"[{""公布时间"": ""2011(第三批)"", ""申报地区或单位"": ""湖南省沅陵县"", ""保护单位"": ""沅陵县文化遗产保护中心（沅陵县博物馆、沅陵县考古研究中心）""}, {""公布时间"": ""2011(第三批)"", ""申报地区或单位"": ""广东省东莞市"", ""保护单位"": ""东莞市万江文化服务中心（东莞市万江体育管理服务中心）""}, {""公布时间"": ""2011(第三批)"", ""申报地区或单位"": ""贵州省铜仁市"", ""保护单位"": ""铜仁市碧江区体育事业发展中心""}, {""公布时间"": ""2011(第三批)"", ""申报地区或单位"": ""贵州省镇远县"", ""保护单位"": ""镇远县非物质文化遗产保护中心""}]"
迎罗汉,传统体育、游艺与杂技,"[{""公布时间"": ""2011(第三批)"", ""申报地区或单位"": ""浙江省缙云县"", ""保护单位"": ""缙云县非物质文化遗产保护中心""}]"
掼牛,传统体育、游艺与杂技,"[{""公布时间"": ""2011(第三批)"", ""申报地区或单位"": ""浙江省嘉兴市南湖区"", ""保护单位"": ""嘉兴市海华武术馆""}]"
高杆船技,传统体育、游艺与杂技,"[{""公布时间"": ""2011(第三批)"", ""申报地区或单位"": ""浙江省桐乡市"", ""保护单位"": ""桐乡市文化馆（桐乡市非物质文化遗产保护中心、桐乡市子恺画院）""}]"
花毽,传统体育、游艺与杂技,"[{""公布时间"": ""2011(第三批)"", ""申报地区或单位"": ""山东省青州市"", ""保护单位"": ""青州文化发展研究中心""}]"
花毽（穆氏花毽）,传统体育、游艺与杂技,"[{""公布时间"": ""2021(第五批)"", ""申报地区或单位"": ""天津市北辰区"", ""保护单位"": ""天津市北辰区天穆镇天穆村民委员会""}]"
口技,传统体育、游艺与杂技,"[{""公布时间"": ""2011(第三批)"", ""申报地区或单位"": ""北京市西城区"", ""保护单位"": ""北京自然之声文化发展有限公司""}]"
布鲁,传统体育、游艺与杂技,"[{""公布时间"": ""2014(第四批)"", ""申报地区或单位"": ""内蒙古自治区库伦旗"", ""保护单位"": ""库伦旗文化馆（库伦旗非物质文化遗产保护中心）""}]"
蒙古族驼球,传统体育、游艺与杂技,"[{""公布时间"": ""2014(第四批)"", ""申报地区或单位"": ""内蒙古自治区乌拉特后旗"", ""保护单位"": ""乌拉特后旗文化馆""}]"
通背拳,传统体育、游艺与杂技,"[{""公布时间"": ""2014(第四批)"", ""申报地区或单位"": ""北京市西城区"", ""保护单位"": ""北京市武术运动协会""}]"
戳脚,传统体育、游艺与杂技,"[{""公布时间"": ""2014(第四批)"", ""申报地区或单位"": ""河北省衡水市桃城区"", ""保护单位"": ""衡水市燕杰文化武术学校""}]"
精武武术,传统体育、游艺与杂技,"[{""公布时间"": ""2014(第四批)"", ""申报地区或单位"": ""上海市虹口区"", ""保护单位"": ""上海精武体育总会""}]"
绵拳,传统体育、游艺与杂技,"[{""公布时间"": ""2014(第四批)"", ""申报地区或单位"": ""上海市杨浦区"", ""保护单位"": ""上海杨浦区江浦社区文化活动中心""}]"
咏春拳,传统体育、游艺与杂技,"[{""公布时间"": ""2014(第四批)"", ""申报地区或单位"": ""福建省福州市"", ""保护单位"": ""福建传统詠春拳（海峡）文化发展中心""}]"
咏春拳（佛山咏春拳）,传统体育、游艺与杂技,"[{""公布时间"": ""2021(第五批)"", ""申报地区或单位"": ""广东省佛山市"", ""保护单位"": ""佛山市武术协会""}]"
井冈山全堂狮灯,传统体育、游艺与杂技,"[{""公布时间"": ""2014(第四批)"", ""申报地区或单位"": ""江西省井冈山市"", ""保护单位"": ""井冈山市文化馆""}]"
徐家拳,传统体育、游艺与杂技,"[{""公布时间"": ""2014(第四批)"", ""申报地区或单位"": ""山东省新泰市"", ""保护单位"": ""新泰市泰山徐家拳研究院""}]"
梅山武术,传统体育、游艺与杂技,"[{""公布时间"": ""2014(第四批)"", ""申报地区或单位"": ""湖南省新化县"", ""保护单位"": ""新化县梅山传统武术协会""}]"
武汉杂技,传统体育、游艺与杂技,"[{""公布时间"": ""2014(第四批)"", ""申报地区或单位"": ""湖北省武汉市"", ""保护单位"": ""武汉杂技艺术有限责任公司""}]"
幻术（傅氏幻术）,传统体育、游艺与杂技,"[{""公布时间"": ""2014(第四批)"", ""申报地区或单位"": ""北京市朝阳区"", ""保护单位"": ""傅氏云机（北京）文化有限公司""}]"
幻术（周化一魔术）,传统体育、游艺与杂技,"[{""公布时间"": ""2014(第四批)"", ""申报地区或单位"": ""陕西省"", ""保护单位"": ""陕西省杂技艺术团有限公司""}]"
幻术（宝丰魔术）,传统体育、游艺与杂技,"[{""公布时间"": ""2021(第五批)"", ""申报地区或单位"": ""河南省平顶山市宝丰县"", ""保护单位"": ""宝丰县人民文化馆""}]"
藏棋,传统体育、游艺与杂技,"[{""公布时间"": ""2021(第五批)"", ""申报地区或单位"": ""四川省阿坝藏族羌族自治州"", ""保护单位"": ""阿坝县藏棋协会""}]"
曲棍球（维吾尔族曲棍球）,传统体育、游艺与杂技,"[{""公布时间"": ""2021(第五批)"", ""申报地区或单位"": ""新疆维吾尔自治区和田地区于田县"", ""保护单位"": ""于田县文化馆""}]"
无极拳,传统体育、游艺与杂技,"[{""公布时间"": ""2021(第五批)"", ""申报地区或单位"": ""天津市东丽区"", ""保护单位"": ""天津市东丽区武术协会""}]"
少北拳,传统体育、游艺与杂技,"[{""公布时间"": ""2021(第五批)"", ""申报地区或单位"": ""辽宁省锦州市"", ""保护单位"": ""锦州市少北武术研究会""}]"
西凉掌（亳州晰扬掌）,传统体育、游艺与杂技,"[{""公布时间"": ""2021(第五批)"", ""申报地区或单位"": ""安徽省亳州市"", ""保护单位"": ""亳州市晰扬掌协会""}]"
六合拳（福建六合门）,传统体育、游艺与杂技,"[{""公布时间"": ""2021(第五批)"", ""申报地区或单位"": ""福建省"", ""保护单位"": ""福建华夏武术发展中心""}]"
巫家拳,传统体育、游艺与杂技,"[{""公布时间"": ""2021(第五批)"", ""申报地区或单位"": ""湖南省湘潭市"", ""保护单位"": ""湘潭市巫家拳协会""}]"
岩鹰拳,传统体育、游艺与杂技,"[{""公布时间"": ""2021(第五批)"", ""申报地区或单位"": ""湖南省邵阳市新宁县"", ""保护单位"": ""新宁县武术馆""}]"
莫家拳,传统体育、游艺与杂技,"[{""公布时间"": ""2021(第五批)"", ""申报地区或单位"": ""广东省"", ""保护单位"": ""广东省非物质文化遗产促进会""}]"
青萍剑（贾氏青萍剑）,传统体育、游艺与杂技,"[{""公布时间"": ""2021(第五批)"", ""申报地区或单位"": ""河北省沧州市黄骅市"", ""保护单位"": ""黄骅市文化馆""}]"
易筋经（天台山易筋经）,传统体育、游艺与杂技,"[{""公布时间"": ""2021(第五批)"", ""申报地区或单位"": ""浙江省台州市天台县"", ""保护单位"": ""天台山桐柏宫""}]"
青城武术,传统体育、游艺与杂技,"[{""公布时间"": ""2021(第五批)"", ""申报地区或单位"": ""四川省成都市都江堰市"", ""保护单位"": ""都江堰市文化馆""}]"
布依族武术,传统体育、游艺与杂技,"[{""公布时间"": ""2021(第五批)"", ""申报地区或单位"": ""贵州省黔西南布依族苗族自治州安龙县"", ""保护单位"": ""安龙县文化馆""}]"
乌审走马竞技,传统体育、游艺与杂技,"[{""公布时间"": ""2021(第五批)"", ""申报地区或单位"": ""内蒙古自治区鄂尔多斯市乌审旗"", ""保护单位"": ""乌审旗文化馆""}]"
迎大旗,传统体育、游艺与杂技,"[{""公布时间"": ""2021(第五批)"", ""申报地区或单位"": ""浙江省金华市磐安县"", ""保护单位"": ""磐安县非物质文化遗产保护中心""}]"
泉州刣狮,传统体育、游艺与杂技,"[{""公布时间"": ""2021(第五批)"", ""申报地区或单位"": ""福建省泉州市石狮市"", ""保护单位"": ""石狮市文化馆""}]"
抢花炮（壮族抢花炮）,传统体育、游艺与杂技,"[{""公布时间"": ""2021(第五批)"", ""申报地区或单位"": ""广西壮族自治区南宁市邕宁区"", ""保护单位"": ""南宁市邕宁区文化馆（南宁市邕宁区广播影视站）""}]"
滑竿（华蓥山滑竿抬幺妹）,传统体育、游艺与杂技,"[{""公布时间"": ""2021(第五批)"", ""申报地区或单位"": ""四川省广安市"", ""保护单位"": ""华蓥市文化馆""}]"
赤水独竹漂,传统体育、游艺与杂技,"[{""公布时间"": ""2021(第五批)"", ""申报地区或单位"": ""贵州省遵义市赤水市"", ""保护单位"": ""赤水市文化馆""}]"
拔河（万人扯绳赛）,传统体育、游艺与杂技,"[{""公布时间"": ""2021(第五批)"", ""申报地区或单位"": ""甘肃省甘南藏族自治州临潭县"", ""保护单位"": ""临潭县文化馆""}]"
姑娘追,传统体育、游艺与杂技,"[{""公布时间"": ""2021(第五批)"", ""申报地区或单位"": ""新疆维吾尔自治区阿勒泰地区青河县"", ""保护单位"": ""青河县文化馆（青河县美术馆）""}]"
朝鲜族尤茨,传统体育、游艺与杂技,"[{""公布时间"": ""2021(第五批)"", ""申报地区或单位"": ""吉林省吉林市"", ""保护单位"": ""吉林市朝鲜族群众艺术馆""}]"
打陀螺,传统体育、游艺与杂技,"[{""公布时间"": ""2021(第五批)"", ""申报地区或单位"": ""云南省"", ""保护单位"": ""云南省非物质文化遗产保护中心""}]"
登杆（大六分村登杆）,传统体育、游艺与杂技,"[{""公布时间"": ""2021(第五批)"", ""申报地区或单位"": ""天津市静海区"", ""保护单位"": ""天津市静海区台头镇大六分村村民委员会""}]"
飞叉（永良飞叉）,传统体育、游艺与杂技,"[{""公布时间"": ""2021(第五批)"", ""申报地区或单位"": ""天津市武清区"", ""保护单位"": ""天津市武清区文化馆""}]"
临泉杂技,传统体育、游艺与杂技,"[{""公布时间"": ""2021(第五批)"", ""申报地区或单位"": ""安徽省阜阳市临泉县"", ""保护单位"": ""临泉县文化馆""}]"
蹬技（重庆蹬技）,传统体育、游艺与杂技,"[{""公布时间"": ""2021(第五批)"", ""申报地区或单位"": ""重庆市"", ""保护单位"": ""重庆杂技艺术团有限责任公司""}]"
杨柳青木版年画,传统美术,"[{""公布时间"": ""2006(第一批)"", ""申报地区或单位"": ""天津市"", ""保护单位"": ""天津杨柳青画社、天津市西青区杨柳青镇综合便民服务中心""}]"
武强木版年画,传统美术,"[{""公布时间"": ""2006(第一批)"", ""申报地区或单位"": ""河北省武强县"", ""保护单位"": ""武强年画博物馆""}]"
桃花坞木版年画,传统美术,"[{""公布时间"": ""2006(第一批)"", ""申报地区或单位"": ""江苏省苏州市"", ""保护单位"": ""苏州市公共文化中心（苏州美术馆、苏州市文化馆、苏州市名人馆）""}]"
漳州木版年画,传统美术,"[{""公布时间"": ""2006(第一批)"", ""申报地区或单位"": ""福建省漳州市"", ""保护单位"": ""漳州市艺术馆""}]"
杨家埠木版年画,传统美术,"[{""公布时间"": ""2006(第一批)"", ""申报地区或单位"": ""山东省潍坊市"", ""保护单位"": ""潍坊市寒亭区文化馆""}]"
高密扑灰年画,传统美术,"[{""公布时间"": ""2006(第一批)"", ""申报地区或单位"": ""山东省高密市"", ""保护单位"": ""高密市公共文化服务中心""}]"
朱仙镇木版年画,传统美术,"[{""公布时间"": ""2006(第一批)"", ""申报地区或单位"": ""河南省开封市"", ""保护单位"": ""开封市文化馆""}]"
滩头木版年画,传统美术,"[{""公布时间"": ""2006(第一批)"", ""申报地区或单位"": ""湖南省隆回县"", ""保护单位"": ""隆回县非物质文化遗产保护中心""}]"
佛山木版年画,传统美术,"[{""公布时间"": ""2006(第一批)"", ""申报地区或单位"": ""广东省佛山市"", ""保护单位"": ""佛山市民间艺术研究社有限公司""}]"
梁平木版年画,传统美术,"[{""公布时间"": ""2006(第一批)"", ""申报地区或单位"": ""重庆市梁平县"", ""保护单位"": ""重庆市梁平区文化遗产保护中心""}]"
绵竹木版年画,传统美术,"[{""公布时间"": ""2006(第一批)"", ""申报地区或单位"": ""四川省德阳市"", ""保护单位"": ""绵竹年画博物馆""}]"
凤翔木版年画,传统美术,"[{""公布时间"": ""2006(第一批)"", ""申报地区或单位"": ""陕西省凤翔县"", ""保护单位"": ""凤翔县文化馆""}]"
纳西族东巴画,传统美术,"[{""公布时间"": ""2006(第一批)"", ""申报地区或单位"": ""云南省丽江市"", ""保护单位"": ""丽江市文化馆""}]"
藏族唐卡（噶玛嘎孜画派）,传统美术,"[{""公布时间"": ""2006(第一批)"", ""申报地区或单位"": ""四川省甘孜藏族自治州"", ""保护单位"": ""甘孜藏族自治州文化馆""}]"
藏族唐卡（勉唐画派）,传统美术,"[{""公布时间"": ""2006(第一批)"", ""申报地区或单位"": ""西藏自治区"", ""保护单位"": ""西藏大学""}]"
藏族唐卡（钦泽画派）,传统美术,"[{""公布时间"": ""2006(第一批)"", ""申报地区或单位"": ""西藏自治区"", ""保护单位"": ""西藏大学""}]"
藏族唐卡（昌都嘎玛嘎赤画派）,传统美术,"[{""公布时间"": ""2008(第二批)"", ""申报地区或单位"": ""西藏自治区昌都县"", ""保护单位"": ""西藏自治区昌都市卡若区文化局""}]"
藏族唐卡（墨竹工卡直孔刺绣唐卡）,传统美术,"[{""公布时间"": ""2008(第二批)"", ""申报地区或单位"": ""西藏自治区墨竹工卡县"", ""保护单位"": ""墨竹工卡县文化和旅游局（墨竹工卡县文物局）""}]"
藏族唐卡（甘南藏族唐卡）,传统美术,"[{""公布时间"": ""2008(第二批)"", ""申报地区或单位"": ""甘肃省夏河县"", ""保护单位"": ""夏河县文化馆""}]"
藏族唐卡（勉萨画派）,传统美术,"[{""公布时间"": ""2011(第三批)"", ""申报地区或单位"": ""西藏自治区"", ""保护单位"": ""西藏唐卡画院""}]"
藏族唐卡（郎卡杰唐卡）,传统美术,"[{""公布时间"": ""2021(第五批)"", ""申报地区或单位"": ""四川省甘孜藏族自治州"", ""保护单位"": ""炉霍县文化馆（炉霍县非物质文化遗产保护中心）""}]"
藏族唐卡（齐吾岗派）,传统美术,"[{""公布时间"": ""2021(第五批)"", ""申报地区或单位"": ""西藏自治区"", ""保护单位"": ""西藏自治区群众艺术馆（西藏自治区非物质文化遗产保护中心）""}]"
藏族唐卡（拉萨堆绣唐卡）,传统美术,"[{""公布时间"": ""2021(第五批)"", ""申报地区或单位"": ""西藏自治区拉萨市"", ""保护单位"": ""拉萨策门林民族手工传承中心""}]"
藏族唐卡（康勉萨唐卡）,传统美术,"[{""公布时间"": ""2021(第五批)"", ""申报地区或单位"": ""西藏自治区昌都市"", ""保护单位"": ""昌都市卡若区康勉萨画派唐卡画院""}]"
藏族唐卡（天祝唐卡）,传统美术,"[{""公布时间"": ""2021(第五批)"", ""申报地区或单位"": ""甘肃省武威市天祝藏族自治县"", ""保护单位"": ""天祝藏族自治县文化馆""}]"
藏族唐卡（化隆唐卡）,传统美术,"[{""公布时间"": ""2021(第五批)"", ""申报地区或单位"": ""青海省海东市化隆县"", ""保护单位"": ""化隆回族自治县文化馆""}]"
藏族唐卡（班玛马尾钉线绣唐卡）,传统美术,"[{""公布时间"": ""2021(第五批)"", ""申报地区或单位"": ""青海省果洛藏族自治州班玛县"", ""保护单位"": ""班玛传承马尾钉线有限责任公司""}]"
藏族唐卡（藏娘唐卡）,传统美术,"[{""公布时间"": ""2021(第五批)"", ""申报地区或单位"": ""青海省玉树藏族自治州"", ""保护单位"": ""玉树藏族自治州文化馆""}]"
衡水内画,传统美术,"[{""公布时间"": ""2006(第一批)"", ""申报地区或单位"": ""河北省衡水市"", ""保护单位"": ""衡水内画艺术博物馆""}]"
内画（北京内画鼻烟壶）,传统美术,"[{""公布时间"": ""2008(第二批)"", ""申报地区或单位"": ""北京市西城区"", ""保护单位"": ""北京市西城区文物保护管理中心""}]"
内画（广东内画）,传统美术,"[{""公布时间"": ""2008(第二批)"", ""申报地区或单位"": ""广东省汕头市"", ""保护单位"": ""汕头市工艺美术学会""}]"
内画（鲁派内画）,传统美术,"[{""公布时间"": ""2014(第四批)"", ""申报地区或单位"": ""山东省淄博市张店区"", ""保护单位"": ""张广庆内画艺术研究院""}]"
剪纸（蔚县剪纸）,传统美术,"[{""公布时间"": ""2006(第一批)"", ""申报地区或单位"": ""河北省蔚县"", ""保护单位"": ""蔚县文化馆""}]"
剪纸（丰宁满族剪纸）,传统美术,"[{""公布时间"": ""2006(第一批)"", ""申报地区或单位"": ""河北省丰宁满族自治县"", ""保护单位"": ""丰宁满族自治县非物质文化遗产保护中心""}]"
剪纸（中阳剪纸）,传统美术,"[{""公布时间"": ""2006(第一批)"", ""申报地区或单位"": ""山西省中阳县"", ""保护单位"": ""中阳县文化旅游融合发展中心（中阳县文物和非物质文化遗产保护中心）""}]"
剪纸（医巫闾山满族剪纸）,传统美术,"[{""公布时间"": ""2006(第一批)"", ""申报地区或单位"": ""辽宁省锦州市"", ""保护单位"": ""锦州市公共文化服务中心""}]"
剪纸（扬州剪纸）,传统美术,"[{""公布时间"": ""2006(第一批)"", ""申报地区或单位"": ""江苏省扬州市"", ""保护单位"": ""扬州剪纸博物馆有限公司""}]"
剪纸（乐清细纹刻纸）,传统美术,"[{""公布时间"": ""2006(第一批)"", ""申报地区或单位"": ""浙江省乐清市"", ""保护单位"": ""乐清市文化遗产保护中心""}]"
剪纸（广东剪纸）,传统美术,"[{""公布时间"": ""2006(第一批)"", ""申报地区或单位"": ""广东省佛山市"", ""保护单位"": ""佛山市民间艺术研究社有限公司""}, {""公布时间"": ""2006(第一批)"", ""申报地区或单位"": ""广东省汕头市"", ""保护单位"": ""汕头市潮阳区文化馆""}, {""公布时间"": ""2006(第一批)"", ""申报地区或单位"": ""广东省潮州市"", ""保护单位"": ""潮州市文化馆""}]"
剪纸（傣族剪纸）,传统美术,"[{""公布时间"": ""2006(第一批)"", ""申报地区或单位"": ""云南省潞西市"", ""保护单位"": ""芒市文化馆（芒市非物质文化遗产保护中心）""}]"
剪纸（安塞剪纸）,传统美术,"[{""公布时间"": ""2006(第一批)"", ""申报地区或单位"": ""陕西省安塞县"", ""保护单位"": ""延安市安塞区文化文物馆（延安市安塞区非物质文化遗产保护中心）""}]"
剪纸（广灵染色剪纸）,传统美术,"[{""公布时间"": ""2008(第二批)"", ""申报地区或单位"": ""山西省广灵县"", ""保护单位"": ""广灵县文化馆""}]"
剪纸（和林格尔剪纸）,传统美术,"[{""公布时间"": ""2008(第二批)"", ""申报地区或单位"": ""内蒙古自治区和林格尔县"", ""保护单位"": ""和林格尔剪纸学会""}]"
剪纸（庄河剪纸）,传统美术,"[{""公布时间"": ""2008(第二批)"", ""申报地区或单位"": ""辽宁省庄河市"", ""保护单位"": ""庄河市公共文化服务中心""}]"
剪纸（岫岩满族剪纸）,传统美术,"[{""公布时间"": ""2008(第二批)"", ""申报地区或单位"": ""辽宁省岫岩满族自治县"", ""保护单位"": ""岫岩满族自治县文化馆""}]"
剪纸（建平剪纸）,传统美术,"[{""公布时间"": ""2008(第二批)"", ""申报地区或单位"": ""辽宁省建平县"", ""保护单位"": ""建平县文旅体育和广播电视技术保障服务中心（建平县文物考古研究所）""}]"
剪纸（新宾满族剪纸）,传统美术,"[{""公布时间"": ""2008(第二批)"", ""申报地区或单位"": ""辽宁省新宾满族自治县"", ""保护单位"": ""新宾满族自治县文化馆""}]"
剪纸（长白山满族剪纸）,传统美术,"[{""公布时间"": ""2008(第二批)"", ""申报地区或单位"": ""吉林省通化市"", ""保护单位"": ""通化师范学院""}]"
剪纸（方正剪纸）,传统美术,"[{""公布时间"": ""2008(第二批)"", ""申报地区或单位"": ""黑龙江省方正县"", ""保护单位"": ""方正县文化馆""}]"
剪纸（上海剪纸）,传统美术,"[{""公布时间"": ""2008(第二批)"", ""申报地区或单位"": ""上海市徐汇区"", ""保护单位"": ""上海市徐汇区人民政府枫林路街道办事处""}]"
剪纸（南京剪纸）,传统美术,"[{""公布时间"": ""2008(第二批)"", ""申报地区或单位"": ""江苏省南京市"", ""保护单位"": ""南京工艺美术有限责任公司""}]"
剪纸（徐州剪纸）,传统美术,"[{""公布时间"": ""2008(第二批)"", ""申报地区或单位"": ""江苏省徐州市"", ""保护单位"": ""徐州文化馆""}]"
剪纸（金坛刻纸）,传统美术,"[{""公布时间"": ""2008(第二批)"", ""申报地区或单位"": ""江苏省金坛市"", ""保护单位"": ""常州市金坛区非物质文化遗产保护中心（常州市金坛区书画院）""}]"
剪纸（浦江剪纸）,传统美术,"[{""公布时间"": ""2008(第二批)"", ""申报地区或单位"": ""浙江省浦江县"", ""保护单位"": ""浦江县非物质文化遗产保护中心""}]"
剪纸（阜阳剪纸）,传统美术,"[{""公布时间"": ""2008(第二批)"", ""申报地区或单位"": ""安徽省阜阳市"", ""保护单位"": ""阜阳市非物质文化遗产保护中心""}]"
剪纸（漳浦剪纸）,传统美术,"[{""公布时间"": ""2008(第二批)"", ""申报地区或单位"": ""福建省漳浦县"", ""保护单位"": ""漳浦县文化馆""}]"
剪纸（泉州（李尧宝）刻纸）,传统美术,"[{""公布时间"": ""2008(第二批)"", ""申报地区或单位"": ""福建省泉州市"", ""保护单位"": ""泉州市鲤城区文化馆""}]"
剪纸（柘荣剪纸）,传统美术,"[{""公布时间"": ""2008(第二批)"", ""申报地区或单位"": ""福建省柘荣县"", ""保护单位"": ""柘荣县文化馆""}]"
剪纸（瑞昌剪纸）,传统美术,"[{""公布时间"": ""2008(第二批)"", ""申报地区或单位"": ""江西省瑞昌市"", ""保护单位"": ""瑞昌市文化馆""}]"
剪纸（莒县过门笺）,传统美术,"[{""公布时间"": ""2008(第二批)"", ""申报地区或单位"": ""山东省莒县"", ""保护单位"": ""莒县文化馆""}]"
剪纸（滨州民间剪纸）,传统美术,"[{""公布时间"": ""2008(第二批)"", ""申报地区或单位"": ""山东省滨州市"", ""保护单位"": ""滨州市滨城区文化馆""}]"
剪纸（高密剪纸）,传统美术,"[{""公布时间"": ""2008(第二批)"", ""申报地区或单位"": ""山东省高密市"", ""保护单位"": ""高密市公共文化服务中心""}]"
剪纸（烟台剪纸）,传统美术,"[{""公布时间"": ""2008(第二批)"", ""申报地区或单位"": ""山东省烟台市"", ""保护单位"": ""烟台市文化馆（烟台市非物质文化遗产保护中心、烟台大剧院运营监督管理服务中心）""}]"
剪纸（灵宝剪纸）,传统美术,"[{""公布时间"": ""2008(第二批)"", ""申报地区或单位"": ""河南省灵宝市"", ""保护单位"": ""灵宝市文化馆""}]"
剪纸（卢氏剪纸）,传统美术,"[{""公布时间"": ""2008(第二批)"", ""申报地区或单位"": ""河南省卢氏县"", ""保护单位"": ""卢氏县人民文化馆""}]"
剪纸（辉县剪纸）,传统美术,"[{""公布时间"": ""2008(第二批)"", ""申报地区或单位"": ""河南省辉县市"", ""保护单位"": ""辉县市文化馆""}]"
剪纸（孝感雕花剪纸）,传统美术,"[{""公布时间"": ""2008(第二批)"", ""申报地区或单位"": ""湖北省孝感市孝南区"", ""保护单位"": ""孝南区文化馆""}]"
剪纸（鄂州雕花剪纸）,传统美术,"[{""公布时间"": ""2008(第二批)"", ""申报地区或单位"": ""湖北省鄂州市"", ""保护单位"": ""鄂州市群众艺术馆""}]"
剪纸（仙桃雕花剪纸）,传统美术,"[{""公布时间"": ""2008(第二批)"", ""申报地区或单位"": ""湖北省仙桃市"", ""保护单位"": ""仙桃市群众艺术馆、仙桃市非物质文化遗产保护中心（仙桃市镇办文化服务管理中心）""}]"
剪纸（踏虎凿花）,传统美术,"[{""公布时间"": ""2008(第二批)"", ""申报地区或单位"": ""湖南省泸溪县"", ""保护单位"": ""泸溪县踏虎凿花传习所""}]"
剪纸（苗族剪纸）,传统美术,"[{""公布时间"": ""2008(第二批)"", ""申报地区或单位"": ""贵州省剑河县"", ""保护单位"": ""剑河县非物质文化遗产保护中心""}]"
剪纸（庆阳剪纸）,传统美术,"[{""公布时间"": ""2008(第二批)"", ""申报地区或单位"": ""甘肃省镇原县"", ""保护单位"": ""镇原县文化馆""}]"
剪纸（包头剪纸）,传统美术,"[{""公布时间"": ""2011(第三批)"", ""申报地区或单位"": ""内蒙古自治区包头市"", ""保护单位"": ""包头市艺术研究中心（包头市非物质文化遗产保护中心）""}]"
剪纸（新干剪纸）,传统美术,"[{""公布时间"": ""2011(第三批)"", ""申报地区或单位"": ""江西省新干县"", ""保护单位"": ""新干县文化馆""}]"
剪纸（延川剪纸）,传统美术,"[{""公布时间"": ""2011(第三批)"", ""申报地区或单位"": ""陕西省延川县"", ""保护单位"": ""延川县非物质文化遗产保护传承服务中心（延川县陕北道情研究中心）""}]"
剪纸（旬邑彩贴剪纸）,传统美术,"[{""公布时间"": ""2011(第三批)"", ""申报地区或单位"": ""陕西省旬邑县"", ""保护单位"": ""旬邑县文化馆""}]"
剪纸（会宁剪纸）,传统美术,"[{""公布时间"": ""2011(第三批)"", ""申报地区或单位"": ""甘肃省会宁县"", ""保护单位"": ""会宁县文化馆""}]"
剪纸（静乐剪纸）,传统美术,"[{""公布时间"": ""2014(第四批)"", ""申报地区或单位"": ""山西省静乐县"", ""保护单位"": ""静乐县文化馆（静乐县美术馆）""}]"
剪纸（桐庐剪纸）,传统美术,"[{""公布时间"": ""2014(第四批)"", ""申报地区或单位"": ""浙江省桐庐县"", ""保护单位"": ""桐庐县文化发展中心（文化馆、非遗中心）""}]"
剪纸（浦城剪纸）,传统美术,"[{""公布时间"": ""2014(第四批)"", ""申报地区或单位"": ""福建省浦城县"", ""保护单位"": ""浦城县文化馆""}]"
剪纸（水族剪纸）,传统美术,"[{""公布时间"": ""2014(第四批)"", ""申报地区或单位"": ""贵州省黔南布依族苗族自治州"", ""保护单位"": ""黔南布依族苗族自治州非物质文化遗产保护中心（黔南布依族苗族自治州文化艺术研究所）""}]"
剪纸（定西剪纸）,传统美术,"[{""公布时间"": ""2014(第四批)"", ""申报地区或单位"": ""甘肃省定西市"", ""保护单位"": ""定西市非物质文化遗产保护中心""}]"
剪纸（回族剪纸）,传统美术,"[{""公布时间"": ""2014(第四批)"", ""申报地区或单位"": ""宁夏回族自治区"", ""保护单位"": ""宁夏回族自治区文化馆（宁夏回族自治区非物质文化遗产保护中心、宁夏回族自治区展览馆）""}]"
剪纸（太原剪纸）,传统美术,"[{""公布时间"": ""2021(第五批)"", ""申报地区或单位"": ""山西省太原市"", ""保护单位"": ""山西上林苑传统剪纸艺术研究所""}]"
剪纸（海伦剪纸）,传统美术,"[{""公布时间"": ""2021(第五批)"", ""申报地区或单位"": ""黑龙江省绥化市海伦市"", ""保护单位"": ""海伦市文化馆""}]"
剪纸（梅山剪纸）,传统美术,"[{""公布时间"": ""2021(第五批)"", ""申报地区或单位"": ""湖南省益阳市安化县"", ""保护单位"": ""湖南省梅山剪纸文化有限责任公司""}]"
顾绣,传统美术,"[{""公布时间"": ""2006(第一批)"", ""申报地区或单位"": ""上海市松江区"", ""保护单位"": ""上海市松江区人文松江活动中心（上海市松江区文化馆、上海市松江区图书馆、上海市松江区文化资源配送中心）""}]"
苏绣,传统美术,"[{""公布时间"": ""2006(第一批)"", ""申报地区或单位"": ""江苏省苏州市"", ""保护单位"": ""苏州刺绣研究所有限公司""}]"
苏绣（无锡精微绣）,传统美术,"[{""公布时间"": ""2008(第二批)"", ""申报地区或单位"": ""江苏省无锡市"", ""保护单位"": ""无锡市民间艺术博物馆""}]"
苏绣（南通仿真绣）,传统美术,"[{""公布时间"": ""2008(第二批)"", ""申报地区或单位"": ""江苏省南通市"", ""保护单位"": ""南通市沈寿艺术馆有限公司""}]"
苏绣（扬州刺绣）,传统美术,"[{""公布时间"": ""2014(第四批)"", ""申报地区或单位"": ""江苏省扬州市"", ""保护单位"": ""扬州刺绣研究所有限公司""}]"
苏绣（常州乱针绣）,传统美术,"[{""公布时间"": ""2021(第五批)"", ""申报地区或单位"": ""江苏省常州市"", ""保护单位"": ""常州市乱针绣行业协会""}]"
湘绣,传统美术,"[{""公布时间"": ""2006(第一批)"", ""申报地区或单位"": ""湖南省长沙市"", ""保护单位"": ""长沙市非物质文化遗产保护中心（长沙非物质文化遗产馆）""}]"
粤绣（广绣）,传统美术,"[{""公布时间"": ""2006(第一批)"", ""申报地区或单位"": ""广东省广州市"", ""保护单位"": ""广州市文化馆（广州市非物质文化遗产保护中心）""}]"
粤绣（潮绣）,传统美术,"[{""公布时间"": ""2006(第一批)"", ""申报地区或单位"": ""广东省潮州市"", ""保护单位"": ""潮州市工艺美术研究院""}]"
粤绣（珠绣）,传统美术,"[{""公布时间"": ""2021(第五批)"", ""申报地区或单位"": ""广东省潮州市"", ""保护单位"": ""潮州百师园文化产业有限公司""}]"
蜀绣,传统美术,"[{""公布时间"": ""2006(第一批)"", ""申报地区或单位"": ""四川省成都市"", ""保护单位"": ""成都市非物质文化遗产保护中心（成都市非物质文化遗产艺术研究院）""}, {""公布时间"": ""2008(第二批)"", ""申报地区或单位"": ""重庆市渝中区"", ""保护单位"": ""重庆市渝中区文物保护管理所（重庆市渝中区非物质文化遗产保护中心、重庆市渝中区母城文化研究中心、重庆市渝中区博物馆）""}]"
苗绣（雷山苗绣）,传统美术,"[{""公布时间"": ""2006(第一批)"", ""申报地区或单位"": ""贵州省雷山县"", ""保护单位"": ""雷山县非物质文化遗产保护中心""}]"
苗绣（花溪苗绣）,传统美术,"[{""公布时间"": ""2006(第一批)"", ""申报地区或单位"": ""贵州省贵阳市"", ""保护单位"": ""贵阳市花溪区文物保护管理所（贵阳市花溪区非物质文化遗产保护中心）""}]"
苗绣（剑河苗绣）,传统美术,"[{""公布时间"": ""2006(第一批)"", ""申报地区或单位"": ""贵州省剑河县"", ""保护单位"": ""剑河县非物质文化遗产保护中心""}]"
苗绣,传统美术,"[{""公布时间"": ""2008(第二批)"", ""申报地区或单位"": ""贵州省凯里市"", ""保护单位"": ""凯里市非物质文化遗产保护中心""}, {""公布时间"": ""2011(第三批)"", ""申报地区或单位"": ""贵州省台江县"", ""保护单位"": ""台江县非物质文化遗产保护中心""}]"
苗绣（湘西苗绣）,传统美术,"[{""公布时间"": ""2021(第五批)"", ""申报地区或单位"": ""湖南省湘西土家族苗族自治州花垣县"", ""保护单位"": ""花垣县非物质文化遗产保护中心""}]"
苗绣（松桃苗绣）,传统美术,"[{""公布时间"": ""2021(第五批)"", ""申报地区或单位"": ""贵州省铜仁市松桃苗族自治县"", ""保护单位"": ""松桃苗族自治县文化馆""}]"
水族马尾绣,传统美术,"[{""公布时间"": ""2006(第一批)"", ""申报地区或单位"": ""贵州省三都水族自治县"", ""保护单位"": ""三都水族自治县非物质文化遗产保护中心""}]"
土族盘绣,传统美术,"[{""公布时间"": ""2006(第一批)"", ""申报地区或单位"": ""青海省互助土族自治县"", ""保护单位"": ""互助土族自治县文化馆""}]"
挑花（黄梅挑花）,传统美术,"[{""公布时间"": ""2006(第一批)"", ""申报地区或单位"": ""湖北省黄梅县"", ""保护单位"": ""黄梅县文化馆""}]"
挑花（花瑶挑花）,传统美术,"[{""公布时间"": ""2006(第一批)"", ""申报地区或单位"": ""湖南省隆回县"", ""保护单位"": ""隆回县非物质文化遗产保护中心""}, {""公布时间"": ""2008(第二批)"", ""申报地区或单位"": ""湖南省溆浦县"", ""保护单位"": ""溆浦县文化馆""}]"
挑花（望江挑花）,传统美术,"[{""公布时间"": ""2008(第二批)"", ""申报地区或单位"": ""安徽省望江县"", ""保护单位"": ""望江县文化馆""}]"
挑花（苗族挑花）,传统美术,"[{""公布时间"": ""2011(第三批)"", ""申报地区或单位"": ""湖南省泸溪县"", ""保护单位"": ""泸溪县非物质文化遗产保护中心""}]"
挑花（巫溪嫁花）,传统美术,"[{""公布时间"": ""2021(第五批)"", ""申报地区或单位"": ""重庆市巫溪县"", ""保护单位"": ""巫溪县文化馆""}]"
庆阳香包绣制,传统美术,"[{""公布时间"": ""2006(第一批)"", ""申报地区或单位"": ""甘肃省庆阳市"", ""保护单位"": ""庆阳市文化馆""}]"
香包（徐州香包）,传统美术,"[{""公布时间"": ""2008(第二批)"", ""申报地区或单位"": ""江苏省徐州市"", ""保护单位"": ""徐州文化馆""}]"
象牙雕刻,传统美术,"[{""公布时间"": ""2006(第一批)"", ""申报地区或单位"": ""北京市崇文区"", ""保护单位"": ""北京象牙雕刻厂有限责任公司""}, {""公布时间"": ""2006(第一批)"", ""申报地区或单位"": ""广东省广州市"", ""保护单位"": ""广州市大新文化创意发展有限公司""}]"
象牙雕刻（常州象牙浅刻）,传统美术,"[{""公布时间"": ""2014(第四批)"", ""申报地区或单位"": ""江苏省常州市武进区"", ""保护单位"": ""常州剑波雅刻艺术品有限公司""}]"
扬州玉雕,传统美术,"[{""公布时间"": ""2006(第一批)"", ""申报地区或单位"": ""江苏省扬州市"", ""保护单位"": ""扬州玉器厂有限责任公司""}]"
岫岩玉雕,传统美术,"[{""公布时间"": ""2006(第一批)"", ""申报地区或单位"": ""辽宁省岫岩满族自治县"", ""保护单位"": ""岫岩满族自治县非物质文化遗产保护中心""}]"
阜新玛瑙雕,传统美术,"[{""公布时间"": ""2006(第一批)"", ""申报地区或单位"": ""辽宁省阜新市"", ""保护单位"": ""阜新市玛瑙协会""}]"
夜光杯雕,传统美术,"[{""公布时间"": ""2006(第一批)"", ""申报地区或单位"": ""甘肃省酒泉市"", ""保护单位"": ""酒泉市夜光杯厂""}]"
金石篆刻（西泠印社）,传统美术,"[{""公布时间"": ""2006(第一批)"", ""申报地区或单位"": ""浙江省杭州市西泠印社"", ""保护单位"": ""西泠印社社务委员会""}]"
金石篆刻,传统美术,"[{""公布时间"": ""2014(第四批)"", ""申报地区或单位"": ""中国艺术研究院"", ""保护单位"": ""中国艺术研究院（中国非物质文化遗产保护中心）""}]"
青田石雕,传统美术,"[{""公布时间"": ""2006(第一批)"", ""申报地区或单位"": ""浙江省青田县"", ""保护单位"": ""青田县石雕产业保护和发展局""}]"
曲阳石雕,传统美术,"[{""公布时间"": ""2006(第一批)"", ""申报地区或单位"": ""河北省曲阳县"", ""保护单位"": ""曲阳县文化馆""}]"
寿山石雕,传统美术,"[{""公布时间"": ""2006(第一批)"", ""申报地区或单位"": ""福建省福州市"", ""保护单位"": ""海峡寿山石文化研究院""}]"
惠安石雕,传统美术,"[{""公布时间"": ""2006(第一批)"", ""申报地区或单位"": ""福建省惠安县"", ""保护单位"": ""惠安县文化馆""}]"
惠安石雕（影雕）,传统美术,"[{""公布时间"": ""2021(第五批)"", ""申报地区或单位"": ""福建省厦门市湖里区"", ""保护单位"": ""厦门惠和股份有限公司""}]"
徽州三雕,传统美术,"[{""公布时间"": ""2006(第一批)"", ""申报地区或单位"": ""安徽省黄山市"", ""保护单位"": ""安徽中国徽州文化博物馆（黄山市博物馆）""}]"
徽州三雕（婺源三雕）,传统美术,"[{""公布时间"": ""2006(第一批)"", ""申报地区或单位"": ""江西省婺源县"", ""保护单位"": ""婺源县文化馆""}]"
临夏砖雕,传统美术,"[{""公布时间"": ""2006(第一批)"", ""申报地区或单位"": ""甘肃省临夏县"", ""保护单位"": ""临夏县文化馆""}]"
砖雕（山西民居砖雕）,传统美术,"[{""公布时间"": ""2008(第二批)"", ""申报地区或单位"": ""山西省清徐县"", ""保护单位"": ""清徐县窑王堡窑砖雕工艺美术厂""}]"
砖雕（固原砖雕）,传统美术,"[{""公布时间"": ""2014(第四批)"", ""申报地区或单位"": ""宁夏回族自治区固原市"", ""保护单位"": ""固原市文化馆（固原市非物质文化遗产保护中心、固原市美术馆、固原市文物保护中心）""}]"
藏族格萨尔彩绘石刻,传统美术,"[{""公布时间"": ""2006(第一批)"", ""申报地区或单位"": ""四川省色达县"", ""保护单位"": ""色达县文化馆""}]"
潮州木雕,传统美术,"[{""公布时间"": ""2006(第一批)"", ""申报地区或单位"": ""广东省潮州市"", ""保护单位"": ""潮州市湘桥区文化馆（潮州市湘桥区图书馆）""}, {""公布时间"": ""2008(第二批)"", ""申报地区或单位"": ""广东省揭阳市"", ""保护单位"": ""揭阳市群众艺术馆""}, {""公布时间"": ""2008(第二批)"", ""申报地区或单位"": ""广东省汕头市"", ""保护单位"": ""汕头市工艺美术学会""}]"
宁波朱金漆木雕,传统美术,"[{""公布时间"": ""2006(第一批)"", ""申报地区或单位"": ""浙江省宁波市"", ""保护单位"": ""宁波市朱金漆木雕文化发展有限公司""}]"
乐清黄杨木雕,传统美术,"[{""公布时间"": ""2006(第一批)"", ""申报地区或单位"": ""浙江省乐清市"", ""保护单位"": ""乐清市文化遗产保护中心""}]"
黄杨木雕,传统美术,"[{""公布时间"": ""2008(第二批)"", ""申报地区或单位"": ""上海市徐汇区"", ""保护单位"": ""上海市徐汇区人民政府长桥街道办事处""}]"
东阳木雕,传统美术,"[{""公布时间"": ""2006(第一批)"", ""申报地区或单位"": ""浙江省东阳市"", ""保护单位"": ""东阳市非物质文化遗产保护中心""}]"
漳州木偶头雕刻,传统美术,"[{""公布时间"": ""2006(第一批)"", ""申报地区或单位"": ""福建省漳州市"", ""保护单位"": ""漳州市竹初木偶艺术馆""}]"
木偶头雕刻（江加走木偶头雕刻）,传统美术,"[{""公布时间"": ""2008(第二批)"", ""申报地区或单位"": ""福建省泉州市"", ""保护单位"": ""泉州市鲤城区文化馆""}]"
木偶头雕刻（泰顺木偶头雕刻）,传统美术,"[{""公布时间"": ""2014(第四批)"", ""申报地区或单位"": ""浙江省泰顺县"", ""保护单位"": ""泰顺县方圆木偶工艺有限公司""}]"
萍乡湘东傩面具,传统美术,"[{""公布时间"": ""2006(第一批)"", ""申报地区或单位"": ""江西省萍乡市"", ""保护单位"": ""萍乡市湘东区文化馆（萍乡市湘东区非物质文化遗产研究保护中心）""}]"
竹刻（嘉定竹刻）,传统美术,"[{""公布时间"": ""2006(第一批)"", ""申报地区或单位"": ""上海市嘉定区"", ""保护单位"": ""上海市嘉定区竹刻协会""}]"
竹刻（宝庆竹刻）,传统美术,"[{""公布时间"": ""2006(第一批)"", ""申报地区或单位"": ""湖南省邵阳市"", ""保护单位"": ""邵阳市宝庆竹刻研究所""}]"
竹刻（无锡留青竹刻）,传统美术,"[{""公布时间"": ""2008(第二批)"", ""申报地区或单位"": ""江苏省无锡市"", ""保护单位"": ""无锡市民间艺术博物馆""}]"
竹刻（常州留青竹刻）,传统美术,"[{""公布时间"": ""2008(第二批)"", ""申报地区或单位"": ""江苏省常州市"", ""保护单位"": ""常州市文化馆""}]"
竹刻（黄岩翻簧竹雕）,传统美术,"[{""公布时间"": ""2008(第二批)"", ""申报地区或单位"": ""浙江省台州市黄岩区"", ""保护单位"": ""黄岩希望工艺厂""}]"
竹刻（江安竹簧）,传统美术,"[{""公布时间"": ""2008(第二批)"", ""申报地区或单位"": ""四川省江安县"", ""保护单位"": ""江安县文化馆""}]"
竹刻（徽州竹雕）,传统美术,"[{""公布时间"": ""2014(第四批)"", ""申报地区或单位"": ""安徽省黄山市徽州区"", ""保护单位"": ""黄山市竹溪堂徽雕艺术有限公司""}]"
竹刻（莆田留青竹刻）,传统美术,"[{""公布时间"": ""2014(第四批)"", ""申报地区或单位"": ""福建省莆田市城厢区"", ""保护单位"": ""莆田市云起香材有限公司""}]"
泥塑（天津泥人张）,传统美术,"[{""公布时间"": ""2006(第一批)"", ""申报地区或单位"": ""天津市"", ""保护单位"": ""天津泥人张彩塑工作室，天津市南开区泥人张美术馆""}]"
泥塑（惠山泥人）,传统美术,"[{""公布时间"": ""2006(第一批)"", ""申报地区或单位"": ""江苏省无锡市"", ""保护单位"": ""无锡市民间艺术博物馆""}]"
泥塑（浚县泥咕咕）,传统美术,"[{""公布时间"": ""2006(第一批)"", ""申报地区或单位"": ""河南省浚县"", ""保护单位"": ""浚县人民文化馆""}]"
泥塑（凤翔泥塑）,传统美术,"[{""公布时间"": ""2006(第一批)"", ""申报地区或单位"": ""陕西省凤翔县"", ""保护单位"": ""凤翔县文化馆""}]"
泥塑（玉田泥塑）,传统美术,"[{""公布时间"": ""2008(第二批)"", ""申报地区或单位"": ""河北省玉田县"", ""保护单位"": ""河北省玉田县文化馆""}]"
泥塑（苏州泥塑）,传统美术,"[{""公布时间"": ""2008(第二批)"", ""申报地区或单位"": ""江苏省苏州市"", ""保护单位"": ""苏州市艺术学校（苏州市艺术职业学校）""}]"
泥塑（聂家庄泥塑）,传统美术,"[{""公布时间"": ""2008(第二批)"", ""申报地区或单位"": ""山东省高密市"", ""保护单位"": ""高密市公共文化服务中心""}]"
泥塑（大吴泥塑）,传统美术,"[{""公布时间"": ""2008(第二批)"", ""申报地区或单位"": ""广东省潮安县"", ""保护单位"": ""潮州市潮安区文化馆（区非物质文化遗产保护中心）""}]"
泥塑（徐氏泥彩塑）,传统美术,"[{""公布时间"": ""2008(第二批)"", ""申报地区或单位"": ""四川省大英县"", ""保护单位"": ""大英县文物管理所（大英县汉陶博物馆）""}]"
泥塑（苗族泥哨）,传统美术,"[{""公布时间"": ""2008(第二批)"", ""申报地区或单位"": ""贵州省黄平县"", ""保护单位"": ""黄平县非物质文化遗产保护中心""}]"
泥塑（杨氏家庭泥塑）,传统美术,"[{""公布时间"": ""2008(第二批)"", ""申报地区或单位"": ""宁夏回族自治区隆德县"", ""保护单位"": ""宁夏隆德杨氏彩塑文物艺术有限公司""}]"
泥塑（惠民泥塑）,传统美术,"[{""公布时间"": ""2011(第三批)"", ""申报地区或单位"": ""山东省惠民县"", ""保护单位"": ""惠民县文化馆（惠民县非物质文化遗产保护中心）""}]"
泥塑（北京兔儿爷）,传统美术,"[{""公布时间"": ""2014(第四批)"", ""申报地区或单位"": ""北京市朝阳区"", ""保护单位"": ""北京汉唐双起翔文化传播有限公司""}]"
泥塑（淮阳泥泥狗）,传统美术,"[{""公布时间"": ""2014(第四批)"", ""申报地区或单位"": ""河南省淮阳县"", ""保护单位"": ""淮阳县文化馆""}]"
泥塑（北京泥人张）,传统美术,"[{""公布时间"": ""2021(第五批)"", ""申报地区或单位"": ""北京市东城区"", ""保护单位"": ""北京泥人张艺术开发有限责任公司""}]"
塔尔寺酥油花,传统美术,"[{""公布时间"": ""2006(第一批)"", ""申报地区或单位"": ""青海省湟中县"", ""保护单位"": ""青海省湟中县塔尔寺管理委员会""}]"
酥油花（强巴林寺酥油花）,传统美术,"[{""公布时间"": ""2011(第三批)"", ""申报地区或单位"": ""西藏自治区昌都地区"", ""保护单位"": ""西藏昌都市强巴林寺管理委员会""}]"
热贡艺术,传统美术,"[{""公布时间"": ""2006(第一批)"", ""申报地区或单位"": ""青海省同仁县"", ""保护单位"": ""同仁县文化馆""}]"
灯彩（仙居花灯）,传统美术,"[{""公布时间"": ""2006(第一批)"", ""申报地区或单位"": ""浙江省仙居县"", ""保护单位"": ""仙居县文化遗产保护中心""}]"
灯彩（硖石灯彩）,传统美术,"[{""公布时间"": ""2006(第一批)"", ""申报地区或单位"": ""浙江省海宁市"", ""保护单位"": ""海宁市文化馆（海宁市非物质文化遗产保护中心）""}]"
灯彩（泉州花灯）,传统美术,"[{""公布时间"": ""2006(第一批)"", ""申报地区或单位"": ""福建省泉州市"", ""保护单位"": ""泉州市艺术馆（泉州市闽南文化生态保护中心、泉州市非物质文化遗产保护中心）""}]"
灯彩（东莞千角灯）,传统美术,"[{""公布时间"": ""2006(第一批)"", ""申报地区或单位"": ""广东省东莞市"", ""保护单位"": ""东莞市莞城文化服务中心（东莞市莞城体育管理服务中心、东莞市莞城文化周末工程中心）""}]"
灯彩（湟源排灯）,传统美术,"[{""公布时间"": ""2006(第一批)"", ""申报地区或单位"": ""青海省湟源县"", ""保护单位"": ""湟源县文化馆""}]"
灯彩（北京灯彩）,传统美术,"[{""公布时间"": ""2008(第二批)"", ""申报地区或单位"": ""北京市崇文区"", ""保护单位"": ""北京市美术红灯厂有限责任公司""}, {""公布时间"": ""2008(第二批)"", ""申报地区或单位"": ""北京市朝阳区"", ""保护单位"": ""北京鑫瑞祥通文化发展有限公司""}]"
灯彩（上海灯彩）,传统美术,"[{""公布时间"": ""2008(第二批)"", ""申报地区或单位"": ""上海市卢湾区"", ""保护单位"": ""上海大世界传艺中心""}]"
灯彩（秦淮灯彩）,传统美术,"[{""公布时间"": ""2008(第二批)"", ""申报地区或单位"": ""江苏省句容市"", ""保护单位"": ""句容市民间工艺彩灯厂""}]"
灯彩（苏州灯彩）,传统美术,"[{""公布时间"": ""2008(第二批)"", ""申报地区或单位"": ""江苏省苏州市"", ""保护单位"": ""苏州市苏艺灯彩艺术有限公司""}]"
灯彩（佛山彩灯）,传统美术,"[{""公布时间"": ""2008(第二批)"", ""申报地区或单位"": ""广东省佛山市"", ""保护单位"": ""佛山市民间艺术研究社有限公司""}]"
灯彩（潮州花灯）,传统美术,"[{""公布时间"": ""2008(第二批)"", ""申报地区或单位"": ""广东省潮州市湘桥区"", ""保护单位"": ""潮州市湘桥区文化馆（潮州市湘桥区图书馆）""}]"
灯彩（洛阳宫灯）,传统美术,"[{""公布时间"": ""2008(第二批)"", ""申报地区或单位"": ""河南省洛阳市"", ""保护单位"": ""洛阳市文化馆（洛阳市非物质文化遗产保护中心）""}]"
灯彩（汴京灯笼张）,传统美术,"[{""公布时间"": ""2008(第二批)"", ""申报地区或单位"": ""河南省开封市"", ""保护单位"": ""开封市彩灯艺术研究会""}]"
灯彩（忠信花灯）,传统美术,"[{""公布时间"": ""2011(第三批)"", ""申报地区或单位"": ""广东省连平县"", ""保护单位"": ""连平县文化馆（连平县非物质文化遗产保护中心）""}]"
灯彩（乐清首饰龙）,传统美术,"[{""公布时间"": ""2014(第四批)"", ""申报地区或单位"": ""浙江省乐清市"", ""保护单位"": ""乐清市文化遗产保护中心""}]"
嵊州竹编,传统美术,"[{""公布时间"": ""2006(第一批)"", ""申报地区或单位"": ""浙江省嵊州市"", ""保护单位"": ""嵊州市文化旅游产业发展中心（嵊州市非物质文化遗产保护中心、嵊州市越剧文化生态保护区服务中心）""}]"
竹编（东阳竹编）,传统美术,"[{""公布时间"": ""2008(第二批)"", ""申报地区或单位"": ""浙江省东阳市"", ""保护单位"": ""东阳市工艺美术行业协会""}]"
竹编（舒席）,传统美术,"[{""公布时间"": ""2008(第二批)"", ""申报地区或单位"": ""安徽省舒城县"", ""保护单位"": ""舒城县文化馆""}]"
竹编（瑞昌竹编）,传统美术,"[{""公布时间"": ""2008(第二批)"", ""申报地区或单位"": ""江西省瑞昌市"", ""保护单位"": ""瑞昌市南义竹编工艺厂""}]"
竹编（梁平竹帘）,传统美术,"[{""公布时间"": ""2008(第二批)"", ""申报地区或单位"": ""重庆市梁平县"", ""保护单位"": ""重庆市梁平区文化遗产保护中心""}]"
竹编（渠县刘氏竹编）,传统美术,"[{""公布时间"": ""2008(第二批)"", ""申报地区或单位"": ""四川省渠县"", ""保护单位"": ""四川刘氏竹编工艺有限公司""}]"
竹编（青神竹编）,传统美术,"[{""公布时间"": ""2008(第二批)"", ""申报地区或单位"": ""四川省青神县"", ""保护单位"": ""青神县文物保护中心""}]"
竹编（瓷胎竹编）,传统美术,"[{""公布时间"": ""2008(第二批)"", ""申报地区或单位"": ""四川省邛崃市"", ""保护单位"": ""邛崃市文化馆""}]"
竹编（益阳小郁竹艺）,传统美术,"[{""公布时间"": ""2011(第三批)"", ""申报地区或单位"": ""湖南省益阳市"", ""保护单位"": ""益阳市朝阳小郁竹艺有限公司""}]"
竹编（毛南族花竹帽编织技艺）,传统美术,"[{""公布时间"": ""2011(第三批)"", ""申报地区或单位"": ""广西壮族自治区环江毛南族自治县"", ""保护单位"": ""环江毛南族自治县非物质文化遗产保护传承中心""}]"
竹编（安溪竹藤编）,传统美术,"[{""公布时间"": ""2014(第四批)"", ""申报地区或单位"": ""福建省安溪县"", ""保护单位"": ""安溪县家居工艺商会""}]"
竹编（道明竹编）,传统美术,"[{""公布时间"": ""2014(第四批)"", ""申报地区或单位"": ""四川省崇州市"", ""保护单位"": ""崇州市文化馆""}]"
面人（北京面人郎）,传统美术,"[{""公布时间"": ""2008(第二批)"", ""申报地区或单位"": ""北京市海淀区"", ""保护单位"": ""北京市海淀区文化馆""}]"
面人（上海面人赵）,传统美术,"[{""公布时间"": ""2008(第二批)"", ""申报地区或单位"": ""上海工艺美术研究所"", ""保护单位"": ""上海工艺美术有限公司工艺美术研究所""}]"
面人（曹州面人）,传统美术,"[{""公布时间"": ""2008(第二批)"", ""申报地区或单位"": ""山东省菏泽市牡丹区"", ""保护单位"": ""菏泽市牡丹区文化馆""}]"
面人（曹县江米人）,传统美术,"[{""公布时间"": ""2008(第二批)"", ""申报地区或单位"": ""山东省曹县"", ""保护单位"": ""曹县文化馆""}]"
面人（面人汤）,传统美术,"[{""公布时间"": ""2011(第三批)"", ""申报地区或单位"": ""北京市通州区"", ""保护单位"": ""北京市通州区文化馆""}]"
面人（天津面塑）,传统美术,"[{""公布时间"": ""2021(第五批)"", ""申报地区或单位"": ""天津市河西区"", ""保护单位"": ""天津市河西区文化馆（天津市河西区非物质文化遗产保护中心）""}]"
面花（阳城焙面面塑）,传统美术,"[{""公布时间"": ""2008(第二批)"", ""申报地区或单位"": ""山西省阳城县"", ""保护单位"": ""阳城县文化馆""}]"
面花（闻喜花馍）,传统美术,"[{""公布时间"": ""2008(第二批)"", ""申报地区或单位"": ""山西省闻喜县"", ""保护单位"": ""闻喜县人民文化馆""}]"
面花（定襄面塑）,传统美术,"[{""公布时间"": ""2008(第二批)"", ""申报地区或单位"": ""山西省定襄县"", ""保护单位"": ""定襄县文化旅游产业服务中心""}]"
面花（新绛面塑）,传统美术,"[{""公布时间"": ""2008(第二批)"", ""申报地区或单位"": ""山西省新绛县"", ""保护单位"": ""新绛县文化馆""}]"
面花（郎庄面塑）,传统美术,"[{""公布时间"": ""2008(第二批)"", ""申报地区或单位"": ""山东省冠县"", ""保护单位"": ""冠县文化图书馆""}]"
面花（黄陵面花）,传统美术,"[{""公布时间"": ""2008(第二批)"", ""申报地区或单位"": ""陕西省黄陵县"", ""保护单位"": ""黄陵县非物质文化遗产办公室""}]"
面花（岚县面塑）,传统美术,"[{""公布时间"": ""2014(第四批)"", ""申报地区或单位"": ""山西省岚县"", ""保护单位"": ""岚县文化馆""}]"
草编（大名草编）,传统美术,"[{""公布时间"": ""2008(第二批)"", ""申报地区或单位"": ""河北省大名县"", ""保护单位"": ""大名县文化馆""}]"
草编（徐行草编）,传统美术,"[{""公布时间"": ""2008(第二批)"", ""申报地区或单位"": ""上海市嘉定区"", ""保护单位"": ""上海徐行黄草编织专业合作社""}]"
草编（湖口草龙）,传统美术,"[{""公布时间"": ""2008(第二批)"", ""申报地区或单位"": ""江西省湖口县"", ""保护单位"": ""湖口县非物质文化遗产保护研究会""}]"
草编（莱州草辫）,传统美术,"[{""公布时间"": ""2008(第二批)"", ""申报地区或单位"": ""山东省莱州市"", ""保护单位"": ""莱州市文化馆""}]"
草编（沐川草龙）,传统美术,"[{""公布时间"": ""2008(第二批)"", ""申报地区或单位"": ""四川省沐川县"", ""保护单位"": ""沐川县文化馆""}]"
草编（哈萨克族芨芨草编织技艺）,传统美术,"[{""公布时间"": ""2011(第三批)"", ""申报地区或单位"": ""新疆维吾尔自治区托里县"", ""保护单位"": ""托里县文化馆""}]"
柳编（广宗柳编）,传统美术,"[{""公布时间"": ""2008(第二批)"", ""申报地区或单位"": ""河北省广宗县"", ""保护单位"": ""广宗县文化馆""}]"
柳编（维吾尔族枝条编织）,传统美术,"[{""公布时间"": ""2008(第二批)"", ""申报地区或单位"": ""新疆维吾尔自治区吐鲁番市"", ""保护单位"": ""吐鲁番市高昌区文化馆""}]"
柳编（固安柳编）,传统美术,"[{""公布时间"": ""2011(第三批)"", ""申报地区或单位"": ""河北省固安县"", ""保护单位"": ""固安县文物和非物质文化遗产所（固安县博物馆）""}]"
柳编（黄岗柳编）,传统美术,"[{""公布时间"": ""2011(第三批)"", ""申报地区或单位"": ""安徽省阜南县"", ""保护单位"": ""阜南柳编工艺品协会""}]"
柳编（霍邱柳编）,传统美术,"[{""公布时间"": ""2011(第三批)"", ""申报地区或单位"": ""安徽省霍邱县"", ""保护单位"": ""霍邱县淮美奇工艺品有限公司""}]"
柳编（博兴柳编）,传统美术,"[{""公布时间"": ""2011(第三批)"", ""申报地区或单位"": ""山东省博兴县"", ""保护单位"": ""博兴县文化馆""}]"
柳编（曹县柳编）,传统美术,"[{""公布时间"": ""2011(第三批)"", ""申报地区或单位"": ""山东省曹县"", ""保护单位"": ""曹县民间传统手工技艺研究会""}]"
柳编（临沭柳编）,传统美术,"[{""公布时间"": ""2021(第五批)"", ""申报地区或单位"": ""山东省临沂市临沭县"", ""保护单位"": ""临沭县柳编工艺品商会""}]"
石雕（煤精雕刻）,传统美术,"[{""公布时间"": ""2008(第二批)"", ""申报地区或单位"": ""辽宁省抚顺市"", ""保护单位"": ""抚顺市非物质文化遗产保护中心""}]"
石雕（鸡血石雕）,传统美术,"[{""公布时间"": ""2008(第二批)"", ""申报地区或单位"": ""浙江省临安市"", ""保护单位"": ""浙江省昌化石雕厂""}]"
石雕（嘉祥石雕）,传统美术,"[{""公布时间"": ""2008(第二批)"", ""申报地区或单位"": ""山东省嘉祥县"", ""保护单位"": ""嘉祥县公共文化服务中心（嘉祥县图书馆、嘉祥县文化馆）""}]"
石雕（掖县滑石雕刻）,传统美术,"[{""公布时间"": ""2008(第二批)"", ""申报地区或单位"": ""山东省莱州市"", ""保护单位"": ""莱州市文化馆""}]"
石雕（方城石猴）,传统美术,"[{""公布时间"": ""2008(第二批)"", ""申报地区或单位"": ""河南省方城县"", ""保护单位"": ""方城县文化馆""}]"
石雕（大冶石雕）,传统美术,"[{""公布时间"": ""2008(第二批)"", ""申报地区或单位"": ""湖北省大冶市"", ""保护单位"": ""湖北尹解元石雕艺术有限公司""}]"
石雕（菊花石雕）,传统美术,"[{""公布时间"": ""2008(第二批)"", ""申报地区或单位"": ""湖南省浏阳市"", ""保护单位"": ""浏阳市菊花石行业协会""}, {""公布时间"": ""2011(第三批)"", ""申报地区或单位"": ""湖南省工艺美术研究所"", ""保护单位"": ""湖南省工艺美术研究所有限公司""}]"
石雕（雷州石狗）,传统美术,"[{""公布时间"": ""2008(第二批)"", ""申报地区或单位"": ""广东省雷州市"", ""保护单位"": ""雷州市雷州民俗研究会""}]"
石雕（白花石刻）,传统美术,"[{""公布时间"": ""2008(第二批)"", ""申报地区或单位"": ""四川省广元市"", ""保护单位"": ""广元市利州区文化馆（广元市利州区图书馆）""}]"
石雕（安岳石刻）,传统美术,"[{""公布时间"": ""2008(第二批)"", ""申报地区或单位"": ""四川省安岳县"", ""保护单位"": ""安岳县文化馆""}]"
石雕（泽库和日寺石刻）,传统美术,"[{""公布时间"": ""2008(第二批)"", ""申报地区或单位"": ""青海省泽库县"", ""保护单位"": ""泽库县文化馆（图书馆）""}]"
石雕（沅洲石雕）,传统美术,"[{""公布时间"": ""2014(第四批)"", ""申报地区或单位"": ""湖南省芷江侗族自治县"", ""保护单位"": ""芷江侗族自治县文化遗产保护中心""}]"
石雕（富平石刻）,传统美术,"[{""公布时间"": ""2014(第四批)"", ""申报地区或单位"": ""陕西省富平县"", ""保护单位"": ""富平县古石刻保护研究中心""}]"
石雕（绥德石雕）,传统美术,"[{""公布时间"": ""2014(第四批)"", ""申报地区或单位"": ""陕西省绥德县"", ""保护单位"": ""绥德县文化馆""}]"
石雕（巴林石雕）,传统美术,"[{""公布时间"": ""2021(第五批)"", ""申报地区或单位"": ""内蒙古自治区赤峰市"", ""保护单位"": ""赤峰博物院""}]"
石雕（绿松石雕）,传统美术,"[{""公布时间"": ""2021(第五批)"", ""申报地区或单位"": ""湖北省"", ""保护单位"": ""湖北省工艺美术研究所""}]"
石雕（大足石雕）,传统美术,"[{""公布时间"": ""2021(第五批)"", ""申报地区或单位"": ""重庆市大足区"", ""保护单位"": ""重庆市大足区美术馆（重庆市大足区非物质文化遗产保护中心）""}]"
玉雕（北京玉雕）,传统美术,"[{""公布时间"": ""2008(第二批)"", ""申报地区或单位"": ""北京市玉器厂"", ""保护单位"": ""北京市玉器厂有限责任公司""}]"
玉雕（苏州玉雕）,传统美术,"[{""公布时间"": ""2008(第二批)"", ""申报地区或单位"": ""江苏省苏州市"", ""保护单位"": ""苏州博物馆（苏州民俗博物馆、苏州工艺美术博物馆）""}]"
玉雕（镇平玉雕）,传统美术,"[{""公布时间"": ""2008(第二批)"", ""申报地区或单位"": ""河南省镇平县"", ""保护单位"": ""镇平县石佛寺珠宝玉雕有限公司""}]"
玉雕（广州玉雕）,传统美术,"[{""公布时间"": ""2008(第二批)"", ""申报地区或单位"": ""广东省广州市荔湾区"", ""保护单位"": ""广州市荔湾区广州玉雕协会""}]"
玉雕（阳美翡翠玉雕）,传统美术,"[{""公布时间"": ""2008(第二批)"", ""申报地区或单位"": ""广东省揭阳市"", ""保护单位"": ""揭阳产业转移工业园磐东街道阳美经济联合社""}]"
玉雕（海派玉雕）,传统美术,"[{""公布时间"": ""2011(第三批)"", ""申报地区或单位"": ""上海市"", ""保护单位"": ""上海海派玉雕文化协会""}]"
玉雕（腾冲玉雕）,传统美术,"[{""公布时间"": ""2021(第五批)"", ""申报地区或单位"": ""云南省保山市腾冲市"", ""保护单位"": ""腾冲市文化馆""}]"
木雕（曲阜楷木雕刻）,传统美术,"[{""公布时间"": ""2008(第二批)"", ""申报地区或单位"": ""山东省曲阜市"", ""保护单位"": ""曲阜市公共文化服务中心（曲阜市文化馆、曲阜市图书馆、曲阜市非物质文化遗产保护中心）""}]"
木雕（澳门神像雕刻）,传统美术,"[{""公布时间"": ""2008(第二批)"", ""申报地区或单位"": ""澳门特别行政区"", ""保护单位"": ""大昌佛像雕刻木器""}]"
木雕（武汉木雕船模）,传统美术,"[{""公布时间"": ""2008(第二批)"", ""申报地区或单位"": ""湖北省武汉市硚口区"", ""保护单位"": ""武汉市硚口区文化馆""}]"
木雕（紫檀雕刻）,传统美术,"[{""公布时间"": ""2011(第三批)"", ""申报地区或单位"": ""中国紫檀博物馆"", ""保护单位"": ""中国紫檀博物馆""}, {""公布时间"": ""2011(第三批)"", ""申报地区或单位"": ""上海市"", ""保护单位"": ""上海中国紫檀文化研究院""}]"
木雕（莆田木雕）,传统美术,"[{""公布时间"": ""2011(第三批)"", ""申报地区或单位"": ""福建省莆田市"", ""保护单位"": ""莆田市二轻工业联社""}]"
木雕（花瑰艺术）,传统美术,"[{""公布时间"": ""2011(第三批)"", ""申报地区或单位"": ""海南省澄迈县"", ""保护单位"": ""澄迈县文化馆""}]"
木雕（剑川木雕）,传统美术,"[{""公布时间"": ""2011(第三批)"", ""申报地区或单位"": ""云南省剑川县"", ""保护单位"": ""剑川县文化馆""}]"
木雕（永乐桃木雕刻）,传统美术,"[{""公布时间"": ""2014(第四批)"", ""申报地区或单位"": ""山西省芮城县"", ""保护单位"": ""芮城县理天木雕文化研究所""}]"
木雕（东固传统造像）,传统美术,"[{""公布时间"": ""2014(第四批)"", ""申报地区或单位"": ""江西省吉安市青原区"", ""保护单位"": ""吉安市青原区文化馆（区美术馆、区非物质文化遗产保护中心）""}]"
木雕（通山木雕）,传统美术,"[{""公布时间"": ""2014(第四批)"", ""申报地区或单位"": ""湖北省通山县"", ""保护单位"": ""通山县非物质文化遗产保护中心""}]"
木雕（泉州木雕）,传统美术,"[{""公布时间"": ""2021(第五批)"", ""申报地区或单位"": ""福建省泉州市"", ""保护单位"": ""泉州市艺术馆（泉州市闽南文化生态保护中心、泉州市非物质文化遗产保护中心）""}]"
木雕（曹县木雕）,传统美术,"[{""公布时间"": ""2021(第五批)"", ""申报地区或单位"": ""山东省菏泽市曹县"", ""保护单位"": ""山东省曹县云龙木雕工艺有限公司""}]"
木雕（奉节木雕）,传统美术,"[{""公布时间"": ""2021(第五批)"", ""申报地区或单位"": ""重庆市奉节县"", ""保护单位"": ""奉节县文化馆（奉节县非物质文化遗产保护中心）""}]"
木雕（藏族扎囊木雕）,传统美术,"[{""公布时间"": ""2021(第五批)"", ""申报地区或单位"": ""西藏自治区山南市"", ""保护单位"": ""扎囊县虱雕工艺农民专业合作社""}]"
核雕（光福核雕）,传统美术,"[{""公布时间"": ""2008(第二批)"", ""申报地区或单位"": ""江苏省苏州市"", ""保护单位"": ""苏州市吴中区光福镇文体教育服务中心""}]"
核雕（潍坊核雕）,传统美术,"[{""公布时间"": ""2008(第二批)"", ""申报地区或单位"": ""山东省潍坊市"", ""保护单位"": ""齐鲁文化（潍坊）生态保护区服务中心（潍坊市文化馆、潍坊市文化遗产保护中心）""}]"
核雕（广州榄雕）,传统美术,"[{""公布时间"": ""2008(第二批)"", ""申报地区或单位"": ""广东省增城市"", ""保护单位"": ""广州市增城区文化馆""}]"
核雕（大连核雕）,传统美术,"[{""公布时间"": ""2014(第四批)"", ""申报地区或单位"": ""辽宁省大连市西岗区"", ""保护单位"": ""大连市西岗区文化馆""}]"
椰雕（海南椰雕）,传统美术,"[{""公布时间"": ""2008(第二批)"", ""申报地区或单位"": ""海南省海口市"", ""保护单位"": ""海口市龙华区文化馆""}]"
葫芦雕刻（东昌葫芦雕刻）,传统美术,"[{""公布时间"": ""2008(第二批)"", ""申报地区或单位"": ""山东省聊城市"", ""保护单位"": ""聊城市东昌府区文化馆""}]"
锡雕,传统美术,"[{""公布时间"": ""2008(第二批)"", ""申报地区或单位"": ""浙江省永康市"", ""保护单位"": ""浙江荣盛达锡制品有限公司""}, {""公布时间"": ""2008(第二批)"", ""申报地区或单位"": ""山东省莱芜市"", ""保护单位"": ""济南市文化馆（济南市非物质文化遗产保护中心、济南市艺术创作研究院）""}]"
锡雕（莲花打锡）,传统美术,"[{""公布时间"": ""2014(第四批)"", ""申报地区或单位"": ""江西省莲花县"", ""保护单位"": ""莲花县文化馆""}]"
锡雕（锦州锡雕）,传统美术,"[{""公布时间"": ""2021(第五批)"", ""申报地区或单位"": ""辽宁省锦州市"", ""保护单位"": ""锦州市凌河区体育旅游服务中心""}]"
汉字书法,传统美术,"[{""公布时间"": ""2008(第二批)"", ""申报地区或单位"": ""中国文学艺术界联合会书法家协会"", ""保护单位"": ""中国文学艺术界联合会书法家协会""}, {""公布时间"": ""2008(第二批)"", ""申报地区或单位"": ""中国艺术研究院中国书法院"", ""保护单位"": ""中国艺术研究院（中国非物质文化遗产保护中心）""}]"
藏文书法（德格藏文书法）,传统美术,"[{""公布时间"": ""2008(第二批)"", ""申报地区或单位"": ""四川省德格县"", ""保护单位"": ""德格县文化馆""}]"
藏文书法（果洛德昂洒智）,传统美术,"[{""公布时间"": ""2008(第二批)"", ""申报地区或单位"": ""青海省果洛藏族自治州"", ""保护单位"": ""达日县文化馆""}]"
藏文书法（尼赤）,传统美术,"[{""公布时间"": ""2014(第四批)"", ""申报地区或单位"": ""西藏自治区"", ""保护单位"": ""西藏图书馆""}]"
木版年画（平阳木版年画）,传统美术,"[{""公布时间"": ""2008(第二批)"", ""申报地区或单位"": ""山西省临汾市"", ""保护单位"": ""临汾市平阳木版年画博物馆""}]"
木版年画（东昌府木版年画）,传统美术,"[{""公布时间"": ""2008(第二批)"", ""申报地区或单位"": ""山东省聊城市"", ""保护单位"": ""聊城市东昌府区文化馆""}]"
木版年画（张秋木版年画）,传统美术,"[{""公布时间"": ""2008(第二批)"", ""申报地区或单位"": ""山东省阳谷县"", ""保护单位"": ""阳谷县文化馆""}]"
木版年画（滑县木版年画）,传统美术,"[{""公布时间"": ""2008(第二批)"", ""申报地区或单位"": ""河南省滑县"", ""保护单位"": ""滑县人民文化馆""}]"
木版年画（夹江年画）,传统美术,"[{""公布时间"": ""2008(第二批)"", ""申报地区或单位"": ""四川省夹江县"", ""保护单位"": ""夹江县文化馆""}]"
木版年画（老河口木版年画）,传统美术,"[{""公布时间"": ""2011(第三批)"", ""申报地区或单位"": ""湖北省老河口市"", ""保护单位"": ""老河口市群众艺术馆""}]"
彩扎（凤凰纸扎）,传统美术,"[{""公布时间"": ""2008(第二批)"", ""申报地区或单位"": ""湖南省凤凰县"", ""保护单位"": ""凤凰县非物质文化遗产保护中心""}]"
彩扎（秸秆扎刻）,传统美术,"[{""公布时间"": ""2008(第二批)"", ""申报地区或单位"": ""河北省永清县"", ""保护单位"": ""永清县文化馆""}]"
彩扎（彩布拧台）,传统美术,"[{""公布时间"": ""2008(第二批)"", ""申报地区或单位"": ""河北省邯郸市"", ""保护单位"": ""邯郸市邯山区文化馆""}]"
彩扎（邳州纸塑狮子头）,传统美术,"[{""公布时间"": ""2008(第二批)"", ""申报地区或单位"": ""江苏省邳州市"", ""保护单位"": ""邳州市文化馆""}]"
彩扎（佛山狮头）,传统美术,"[{""公布时间"": ""2008(第二批)"", ""申报地区或单位"": ""广东省佛山市"", ""保护单位"": ""佛山市民间艺术研究社有限公司""}]"
彩扎（麒麟制作）,传统美术,"[{""公布时间"": ""2014(第四批)"", ""申报地区或单位"": ""广东省东莞市"", ""保护单位"": ""东莞市清溪镇文化服务中心（东莞市清溪镇体育管理服务中心）""}]"
彩扎（铜梁龙灯彩扎）,传统美术,"[{""公布时间"": ""2021(第五批)"", ""申报地区或单位"": ""重庆市铜梁区"", ""保护单位"": ""重庆市铜梁区文化馆（重庆市铜梁区龙文化发展研究中心、重庆市铜梁区非物质文化遗产保护中心）""}]"
龙档（乐清龙档）,传统美术,"[{""公布时间"": ""2008(第二批)"", ""申报地区或单位"": ""浙江省乐清市"", ""保护单位"": ""乐清市黄家龙档木雕艺术研究所""}]"
常州梳篦,传统美术,"[{""公布时间"": ""2008(第二批)"", ""申报地区或单位"": ""江苏省常州市"", ""保护单位"": ""常州梳篦厂有限公司""}]"
麦秆剪贴,传统美术,"[{""公布时间"": ""2008(第二批)"", ""申报地区或单位"": ""浙江省浦江县"", ""保护单位"": ""浦江云花工艺美术有限公司""}, {""公布时间"": ""2014(第四批)"", ""申报地区或单位"": ""黑龙江省哈尔滨市"", ""保护单位"": ""哈尔滨市工艺美术有限责任公司""}, {""公布时间"": ""2014(第四批)"", ""申报地区或单位"": ""河南省清丰县"", ""保护单位"": ""清丰县非物质文化遗产保护中心""}, {""公布时间"": ""2014(第四批)"", ""申报地区或单位"": ""湖北省仙桃市"", ""保护单位"": ""仙桃市群众艺术馆、仙桃市非物质文化遗产保护中心（仙桃市镇办文化服务管理中心）""}]"
北京绢花,传统美术,"[{""公布时间"": ""2008(第二批)"", ""申报地区或单位"": ""北京市崇文区"", ""保护单位"": ""北京市东城区东花市街道市民活动中心""}]"
北京绢人,传统美术,"[{""公布时间"": ""2021(第五批)"", ""申报地区或单位"": ""北京市东城区"", ""保护单位"": ""北京市东城区东花市街道市民活动中心""}]"
堆锦（上党堆锦）,传统美术,"[{""公布时间"": ""2008(第二批)"", ""申报地区或单位"": ""山西省长治市堆锦研究所"", ""保护单位"": ""山西省长治堆锦研究所""}, {""公布时间"": ""2008(第二批)"", ""申报地区或单位"": ""山西省长治市群众艺术馆"", ""保护单位"": ""长治市黄河工艺美术学校""}]"
湟中堆绣,传统美术,"[{""公布时间"": ""2008(第二批)"", ""申报地区或单位"": ""青海省湟中县"", ""保护单位"": ""湟中县文化馆""}]"
瓯绣,传统美术,"[{""公布时间"": ""2008(第二批)"", ""申报地区或单位"": ""浙江省温州市"", ""保护单位"": ""温州市工艺美术研究院""}]"
汴绣,传统美术,"[{""公布时间"": ""2008(第二批)"", ""申报地区或单位"": ""河南省开封市"", ""保护单位"": ""开封汴绣厂""}]"
汉绣,传统美术,"[{""公布时间"": ""2008(第二批)"", ""申报地区或单位"": ""湖北省武汉市江汉区"", ""保护单位"": ""武汉市江汉区文化馆""}]"
羌族刺绣,传统美术,"[{""公布时间"": ""2008(第二批)"", ""申报地区或单位"": ""四川省汶川县"", ""保护单位"": ""汶川县文化馆""}]"
民间绣活（高平绣活）,传统美术,"[{""公布时间"": ""2008(第二批)"", ""申报地区或单位"": ""山西省高平市"", ""保护单位"": ""高平市文化馆（高平市上党梆子研究发展中心）""}]"
民间绣活（麻柳刺绣）,传统美术,"[{""公布时间"": ""2008(第二批)"", ""申报地区或单位"": ""四川省广元市"", ""保护单位"": ""广元市朝天区文化馆""}]"
民间绣活（西秦刺绣）,传统美术,"[{""公布时间"": ""2008(第二批)"", ""申报地区或单位"": ""陕西省宝鸡市"", ""保护单位"": ""宝鸡市群众艺术馆（宝鸡市非物质文化遗产保护中心）""}]"
民间绣活（澄城刺绣）,传统美术,"[{""公布时间"": ""2008(第二批)"", ""申报地区或单位"": ""陕西省澄城县"", ""保护单位"": ""澄城县文化馆（澄城县非物质文化遗产保护中心）""}]"
民间绣活（红安绣活）,传统美术,"[{""公布时间"": ""2008(第二批)"", ""申报地区或单位"": ""湖北省红安县"", ""保护单位"": ""红安县文化馆""}]"
民间绣活（阳新布贴）,传统美术,"[{""公布时间"": ""2008(第二批)"", ""申报地区或单位"": ""湖北省阳新县"", ""保护单位"": ""阳新县文化馆""}]"
民间绣活（夏布绣）,传统美术,"[{""公布时间"": ""2014(第四批)"", ""申报地区或单位"": ""江西省新余市"", ""保护单位"": ""江西渝州绣坊有限公司""}]"
民间绣活（宁夏刺绣）,传统美术,"[{""公布时间"": ""2021(第五批)"", ""申报地区或单位"": ""宁夏回族自治区"", ""保护单位"": ""宁夏回族自治区文化馆（宁夏回族自治区非物质文化遗产保护中心、宁夏回族自治区展览馆）""}]"
彝族（撒尼）刺绣,传统美术,"[{""公布时间"": ""2008(第二批)"", ""申报地区或单位"": ""云南省石林彝族自治县"", ""保护单位"": ""石林彝族自治县阿诗玛文化传承与保护中心（石林彝族自治县阿诗玛文化研究所、石林彝族自治县非物质文化遗产保护中心）""}]"
维吾尔族刺绣,传统美术,"[{""公布时间"": ""2008(第二批)"", ""申报地区或单位"": ""新疆维吾尔自治区哈密地区"", ""保护单位"": ""哈密市文化馆""}]"
满族刺绣（岫岩满族民间刺绣）,传统美术,"[{""公布时间"": ""2008(第二批)"", ""申报地区或单位"": ""辽宁省岫岩满族自治县"", ""保护单位"": ""岫岩满族自治县文化馆""}]"
满族刺绣（锦州满族民间刺绣）,传统美术,"[{""公布时间"": ""2008(第二批)"", ""申报地区或单位"": ""辽宁省锦州市古塔区"", ""保护单位"": ""锦州市夏氏满族工艺发展有限公司""}]"
满族刺绣（长白山满族枕头顶刺绣）,传统美术,"[{""公布时间"": ""2008(第二批)"", ""申报地区或单位"": ""吉林省通化市"", ""保护单位"": ""通化师范学院""}]"
满族刺绣,传统美术,"[{""公布时间"": ""2014(第四批)"", ""申报地区或单位"": ""黑龙江省克东县"", ""保护单位"": ""克东县北方满绣艺术研究所""}, {""公布时间"": ""2014(第四批)"", ""申报地区或单位"": ""黑龙江省牡丹江市"", ""保护单位"": ""牡丹江渤海靺鞨文化发展有限公司""}]"
满族刺绣（宁安满族刺绣）,传统美术,"[{""公布时间"": ""2021(第五批)"", ""申报地区或单位"": ""黑龙江省牡丹江市宁安市"", ""保护单位"": ""宁安市文化馆""}]"
蒙古族刺绣,传统美术,"[{""公布时间"": ""2008(第二批)"", ""申报地区或单位"": ""新疆维吾尔自治区博湖县"", ""保护单位"": ""博湖县非物质文化遗产保护中心""}, {""公布时间"": ""2014(第四批)"", ""申报地区或单位"": ""内蒙古自治区苏尼特左旗"", ""保护单位"": ""苏尼特左旗文体旅游事业发展中心""}]"
蒙古族刺绣（图什业图刺绣）,传统美术,"[{""公布时间"": ""2021(第五批)"", ""申报地区或单位"": ""内蒙古自治区兴安盟科尔沁右翼中旗"", ""保护单位"": ""科尔沁右翼中旗文化馆""}]"
柯尔克孜族刺绣,传统美术,"[{""公布时间"": ""2008(第二批)"", ""申报地区或单位"": ""新疆维吾尔自治区温宿县"", ""保护单位"": ""温宿县文化馆（温宿县文工团）""}]"
哈萨克毡绣和布绣,传统美术,"[{""公布时间"": ""2008(第二批)"", ""申报地区或单位"": ""新疆生产建设兵团农六师"", ""保护单位"": ""新疆生产建设兵团第六师五家渠市文化体育广电和旅游局""}]"
料器（北京料器）,传统美术,"[{""公布时间"": ""2008(第二批)"", ""申报地区或单位"": ""北京京城百工坊艺术品有限公司"", ""保护单位"": ""北京兰香双龙商贸有限公司""}]"
料器（葡萄常料器）,传统美术,"[{""公布时间"": ""2011(第三批)"", ""申报地区或单位"": ""北京市东城区"", ""保护单位"": ""北京市东城区东花市街道市民活动中心""}]"
瓯塑,传统美术,"[{""公布时间"": ""2008(第二批)"", ""申报地区或单位"": ""浙江省温州市"", ""保护单位"": ""浙江云艺装饰有限公司""}]"
砖塑（鄄城砖塑）,传统美术,"[{""公布时间"": ""2008(第二批)"", ""申报地区或单位"": ""山东省鄄城县"", ""保护单位"": ""鄄城县文物管理所（中国鲁锦博物馆）""}]"
灰塑,传统美术,"[{""公布时间"": ""2008(第二批)"", ""申报地区或单位"": ""广东省广州市"", ""保护单位"": ""广州市花都区文化馆（广州市花都区非物质文化遗产保护中心）""}]"
糖塑（丰县糖人贡）,传统美术,"[{""公布时间"": ""2008(第二批)"", ""申报地区或单位"": ""江苏省徐州市丰县"", ""保护单位"": ""丰县文化馆""}]"
糖塑（天门糖塑）,传统美术,"[{""公布时间"": ""2008(第二批)"", ""申报地区或单位"": ""湖北省天门市"", ""保护单位"": ""天门市群众艺术馆""}]"
糖塑（成都糖画）,传统美术,"[{""公布时间"": ""2008(第二批)"", ""申报地区或单位"": ""四川省成都市"", ""保护单位"": ""成都市锦江区文化馆""}]"
瓷板画,传统美术,"[{""公布时间"": ""2008(第二批)"", ""申报地区或单位"": ""江西省南昌市"", ""保护单位"": ""南昌画院（南昌美术馆、南昌瓷板画研究中心）""}]"
软木画,传统美术,"[{""公布时间"": ""2008(第二批)"", ""申报地区或单位"": ""福建省福州市"", ""保护单位"": ""福州西园软木画协会""}]"
镶嵌（彩石镶嵌）,传统美术,"[{""公布时间"": ""2008(第二批)"", ""申报地区或单位"": ""浙江省温州市鹿城区"", ""保护单位"": ""温州崇林斋工艺品有限公司""}, {""公布时间"": ""2008(第二批)"", ""申报地区或单位"": ""浙江省温州市瓯海区"", ""保护单位"": ""温州市瓯海区文化馆""}, {""公布时间"": ""2008(第二批)"", ""申报地区或单位"": ""浙江省仙居县"", ""保护单位"": ""仙居县文化遗产保护中心""}]"
镶嵌（骨木镶嵌）,传统美术,"[{""公布时间"": ""2008(第二批)"", ""申报地区或单位"": ""浙江省宁波市"", ""保护单位"": ""宁波市鄞州紫林坊艺术馆""}]"
镶嵌（嵌瓷）,传统美术,"[{""公布时间"": ""2008(第二批)"", ""申报地区或单位"": ""广东省汕头市"", ""保护单位"": ""汕头市潮南区成田镇大寮嵌瓷工艺社""}, {""公布时间"": ""2008(第二批)"", ""申报地区或单位"": ""广东省普宁市"", ""保护单位"": ""普宁市文化馆""}]"
镶嵌（潮州嵌瓷）,传统美术,"[{""公布时间"": ""2011(第三批)"", ""申报地区或单位"": ""广东省潮州市工艺美术研究院"", ""保护单位"": ""潮州市工艺美术研究院""}]"
新会葵艺,传统美术,"[{""公布时间"": ""2008(第二批)"", ""申报地区或单位"": ""广东省江门市新会区"", ""保护单位"": ""新会区会城葵乡传统工艺品经营中心""}]"
传统插花,传统美术,"[{""公布时间"": ""2008(第二批)"", ""申报地区或单位"": ""北京林业大学"", ""保护单位"": ""北京林业大学""}]"
盆景技艺（扬派盆景技艺）,传统美术,"[{""公布时间"": ""2008(第二批)"", ""申报地区或单位"": ""江苏省扬州市"", ""保护单位"": ""扬州市瘦西湖风景区管理处""}, {""公布时间"": ""2008(第二批)"", ""申报地区或单位"": ""江苏省泰州市"", ""保护单位"": ""泰州市市政园林事业中心""}]"
盆景技艺（徽派盆景技艺）,传统美术,"[{""公布时间"": ""2008(第二批)"", ""申报地区或单位"": ""安徽省歙县"", ""保护单位"": ""歙县徽派盆景协会""}]"
盆景技艺（英石假山盆景技艺）,传统美术,"[{""公布时间"": ""2008(第二批)"", ""申报地区或单位"": ""广东省英德市"", ""保护单位"": ""英德市奇石协会""}]"
盆景技艺（苏派盆景技艺）,传统美术,"[{""公布时间"": ""2011(第三批)"", ""申报地区或单位"": ""江苏省苏州市"", ""保护单位"": ""苏州市虎丘山风景名胜区管理处""}]"
盆景技艺（川派盆景技艺）,传统美术,"[{""公布时间"": ""2011(第三批)"", ""申报地区或单位"": ""四川省盆景艺术家协会"", ""保护单位"": ""四川省盆景协会""}]"
盆景技艺（如皋盆景）,传统美术,"[{""公布时间"": ""2014(第四批)"", ""申报地区或单位"": ""江苏省如皋市"", ""保护单位"": ""如皋市花木盆景产业联合会""}]"
布老虎（黎侯虎）,传统美术,"[{""公布时间"": ""2008(第二批)"", ""申报地区或单位"": ""山西省黎城县"", ""保护单位"": ""黎城县人民文化馆""}]"
建筑彩绘（白族民居彩绘）,传统美术,"[{""公布时间"": ""2008(第二批)"", ""申报地区或单位"": ""云南省大理市"", ""保护单位"": ""大理市非物质文化遗产保护管理所""}]"
建筑彩绘（陕北匠艺丹青）,传统美术,"[{""公布时间"": ""2008(第二批)"", ""申报地区或单位"": ""陕西省"", ""保护单位"": ""榆林市公共文化服务中心（榆林市博物馆、榆林市图书馆、榆林市文化馆）""}]"
建筑彩绘（炕围画）,传统美术,"[{""公布时间"": ""2008(第二批)"", ""申报地区或单位"": ""山西省襄垣县"", ""保护单位"": ""襄垣县美术馆（襄垣县非物质文化遗产保护中心）""}]"
建筑彩绘（传统地仗彩画）,传统美术,"[{""公布时间"": ""2011(第三批)"", ""申报地区或单位"": ""辽宁省沈阳市"", ""保护单位"": ""沈阳市泰然古建筑维修学校""}]"
建筑彩绘（北京建筑彩绘）,传统美术,"[{""公布时间"": ""2021(第五批)"", ""申报地区或单位"": ""北京市西城区"", ""保护单位"": ""北京市园林古建工程有限公司""}]"
建筑彩绘（中卫建筑彩绘）,传统美术,"[{""公布时间"": ""2021(第五批)"", ""申报地区或单位"": ""宁夏回族自治区中卫市"", ""保护单位"": ""宁夏艺轩古建筑工程有限公司""}]"
棕编（新繁棕编）,传统美术,"[{""公布时间"": ""2011(第三批)"", ""申报地区或单位"": ""四川省成都市新都区"", ""保护单位"": ""成都市新都区文化馆""}]"
苗画,传统美术,"[{""公布时间"": ""2011(第三批)"", ""申报地区或单位"": ""湖南省保靖县"", ""保护单位"": ""保靖县非物质文化遗产保护中心""}]"
嘉兴灶头画,传统美术,"[{""公布时间"": ""2011(第三批)"", ""申报地区或单位"": ""浙江省嘉兴市"", ""保护单位"": ""嘉兴市文化馆（嘉兴市非物质文化遗产保护中心）""}]"
永春纸织画,传统美术,"[{""公布时间"": ""2011(第三批)"", ""申报地区或单位"": ""福建省永春县"", ""保护单位"": ""永春县美术家协会""}]"
平遥纱阁戏人,传统美术,"[{""公布时间"": ""2011(第三批)"", ""申报地区或单位"": ""山西省平遥县"", ""保护单位"": ""平遥县文化和旅游发展中心""}]"
清徐彩门楼,传统美术,"[{""公布时间"": ""2011(第三批)"", ""申报地区或单位"": ""山西省清徐县"", ""保护单位"": ""清徐县文化旅游事业发展中心（清徐县文物保护中心、清徐县文化馆）""}]"
上海绒绣,传统美术,"[{""公布时间"": ""2011(第三批)"", ""申报地区或单位"": ""上海市浦东新区"", ""保护单位"": ""上海市浦东新区绒绣协会""}]"
宁波金银彩绣,传统美术,"[{""公布时间"": ""2011(第三批)"", ""申报地区或单位"": ""浙江省宁波市鄞州区"", ""保护单位"": ""宁波金银彩绣有限公司""}]"
瑶族刺绣,传统美术,"[{""公布时间"": ""2011(第三批)"", ""申报地区或单位"": ""广东省乳源瑶族自治县"", ""保护单位"": ""乳源瑶族自治县非物质文化遗产保护中心（乳源瑶族自治县民族文化研究中心）""}]"
藏族编织、挑花刺绣工艺,传统美术,"[{""公布时间"": ""2011(第三批)"", ""申报地区或单位"": ""四川省阿坝藏族羌族自治州"", ""保护单位"": ""阿坝藏族羌族自治州藏族传统编织挑花刺绣协会""}]"
侗族刺绣,传统美术,"[{""公布时间"": ""2011(第三批)"", ""申报地区或单位"": ""贵州省锦屏县"", ""保护单位"": ""锦屏县非物质文化遗产保护中心""}]"
锡伯族刺绣,传统美术,"[{""公布时间"": ""2011(第三批)"", ""申报地区或单位"": ""新疆维吾尔自治区察布查尔锡伯自治县"", ""保护单位"": ""察布查尔锡伯自治县文化馆""}]"
宁波泥金彩漆,传统美术,"[{""公布时间"": ""2011(第三批)"", ""申报地区或单位"": ""浙江省宁海县"", ""保护单位"": ""宁波东方艺术品有限公司""}]"
京绣,传统美术,"[{""公布时间"": ""2014(第四批)"", ""申报地区或单位"": ""北京市房山区"", ""保护单位"": ""北京京都绣娘手工艺品专业合作社""}, {""公布时间"": ""2014(第四批)"", ""申报地区或单位"": ""河北省定兴县"", ""保护单位"": ""定兴县燕都刺绣工艺品制造有限公司""}]"
京绣（北京补绣）,传统美术,"[{""公布时间"": ""2021(第五批)"", ""申报地区或单位"": ""北京市朝阳区"", ""保护单位"": ""北京工美集团有限责任公司""}]"
布糊画,传统美术,"[{""公布时间"": ""2014(第四批)"", ""申报地区或单位"": ""河北省丰宁满族自治县"", ""保护单位"": ""丰宁满族自治县非物质文化遗产保护中心""}]"
抽纱（汕头抽纱）,传统美术,"[{""公布时间"": ""2014(第四批)"", ""申报地区或单位"": ""广东省汕头市"", ""保护单位"": ""中国抽纱汕头进出口有限公司""}]"
抽纱（潮州抽纱）,传统美术,"[{""公布时间"": ""2014(第四批)"", ""申报地区或单位"": ""广东省潮州市"", ""保护单位"": ""潮州市抽纱公司""}]"
水陆画,传统美术,"[{""公布时间"": ""2014(第四批)"", ""申报地区或单位"": ""河北省广平县"", ""保护单位"": ""广平县文化馆""}]"
毕摩绘画,传统美术,"[{""公布时间"": ""2014(第四批)"", ""申报地区或单位"": ""四川省美姑县"", ""保护单位"": ""美姑县文化馆""}]"
彩砂坛城绘制,传统美术,"[{""公布时间"": ""2014(第四批)"", ""申报地区或单位"": ""西藏自治区日喀则市"", ""保护单位"": ""日喀则市扎什伦布寺管理委员会""}]"
琥珀雕刻,传统美术,"[{""公布时间"": ""2014(第四批)"", ""申报地区或单位"": ""辽宁省抚顺市"", ""保护单位"": ""抚顺琥珀泉艺术品有限公司""}]"
传统玩具（郯城木旋玩具）,传统美术,"[{""公布时间"": ""2014(第四批)"", ""申报地区或单位"": ""山东省郯城县"", ""保护单位"": ""郯城县文化馆""}]"
蒙古文书法,传统美术,"[{""公布时间"": ""2014(第四批)"", ""申报地区或单位"": ""内蒙古自治区"", ""保护单位"": ""内蒙古自治区艺术研究院（内蒙古自治区非物质文化遗产保护中心）""}]"
满文、锡伯文书法,传统美术,"[{""公布时间"": ""2014(第四批)"", ""申报地区或单位"": ""新疆维吾尔自治区乌鲁木齐市"", ""保护单位"": ""察布查尔锡伯自治县文化馆""}]"
刻铜（杜氏刻铜）,传统美术,"[{""公布时间"": ""2014(第四批)"", ""申报地区或单位"": ""安徽省阜阳市"", ""保护单位"": ""安徽杜氏刻铜艺术有限公司""}]"
刻铜（饶阳刻铜）,传统美术,"[{""公布时间"": ""2021(第五批)"", ""申报地区或单位"": ""河北省衡水市饶阳县"", ""保护单位"": ""饶阳县文化馆""}]"
刻铜（贵溪錾铜雕刻）,传统美术,"[{""公布时间"": ""2021(第五批)"", ""申报地区或单位"": ""江西省鹰潭市贵溪市"", ""保护单位"": ""江西中鼎金属工艺有限公司""}]"
错金银,传统美术,"[{""公布时间"": ""2014(第四批)"", ""申报地区或单位"": ""福建省莆田市涵江区"", ""保护单位"": ""华昌珠宝有限公司""}, {""公布时间"": ""2014(第四批)"", ""申报地区或单位"": ""新疆维吾尔自治区乌鲁木齐市天山区"", ""保护单位"": ""乌鲁木齐市天山区文化馆""}]"
赏石艺术,传统美术,"[{""公布时间"": ""2014(第四批)"", ""申报地区或单位"": ""中国观赏石协会"", ""保护单位"": ""中国观赏石协会""}]"
藤编（怀远藤编）,传统美术,"[{""公布时间"": ""2021(第五批)"", ""申报地区或单位"": ""四川省成都市崇州市"", ""保护单位"": ""崇州市文化馆""}]"
藤编（汉中藤编）,传统美术,"[{""公布时间"": ""2021(第五批)"", ""申报地区或单位"": ""陕西省汉中市南郑区"", ""保护单位"": ""汉中市南郑区文化馆""}]"
蒙古族唐卡（马鬃绕线堆绣唐卡）,传统美术,"[{""公布时间"": ""2021(第五批)"", ""申报地区或单位"": ""内蒙古自治区阿拉善盟阿拉善左旗"", ""保护单位"": ""阿拉善左旗文化馆""}]"
烙画（南阳烙画）,传统美术,"[{""公布时间"": ""2021(第五批)"", ""申报地区或单位"": ""河南省南阳市卧龙区"", ""保护单位"": ""南阳市烙画厂""}]"
毛绣（察哈尔毛绣）,传统美术,"[{""公布时间"": ""2021(第五批)"", ""申报地区或单位"": ""内蒙古自治区乌兰察布市察哈尔右翼后旗"", ""保护单位"": ""察右后旗文化馆（美术馆）""}]"
发绣（东台发绣）,传统美术,"[{""公布时间"": ""2021(第五批)"", ""申报地区或单位"": ""江苏省盐城市东台市"", ""保护单位"": ""东台市发绣协会""}]"
发绣（温州发绣）,传统美术,"[{""公布时间"": ""2021(第五批)"", ""申报地区或单位"": ""浙江省温州市鹿城区"", ""保护单位"": ""温州市发绣研究所""}]"
厦门珠绣,传统美术,"[{""公布时间"": ""2021(第五批)"", ""申报地区或单位"": ""福建省厦门市"", ""保护单位"": ""厦门正人珠绣技艺传习所""}]"
鲁绣,传统美术,"[{""公布时间"": ""2021(第五批)"", ""申报地区或单位"": ""山东省"", ""保护单位"": ""山东省工艺美术协会""}]"
彝族刺绣（凉山彝族刺绣）,传统美术,"[{""公布时间"": ""2021(第五批)"", ""申报地区或单位"": ""四川省凉山彝族自治州"", ""保护单位"": ""凉山彝族自治州非物质文化遗产保护中心""}]"
布依族刺绣,传统美术,"[{""公布时间"": ""2021(第五批)"", ""申报地区或单位"": ""贵州省黔西南布依族苗族自治州"", ""保护单位"": ""黔西南州民族文化中心（黔西南州非物质文化遗产保护中心、黔西南州文物保护中心）""}]"
藏族刺绣（贵南藏族刺绣）,传统美术,"[{""公布时间"": ""2021(第五批)"", ""申报地区或单位"": ""青海省海南藏族自治州贵南县"", ""保护单位"": ""贵南县文化馆""}]"
哈萨克族刺绣,传统美术,"[{""公布时间"": ""2021(第五批)"", ""申报地区或单位"": ""新疆维吾尔自治区昌吉回族自治州木垒哈萨克自治县"", ""保护单位"": ""木垒哈萨克自治县文化馆""}]"
水晶雕刻（东海水晶雕刻）,传统美术,"[{""公布时间"": ""2021(第五批)"", ""申报地区或单位"": ""江苏省连云港市东海县"", ""保护单位"": ""江苏省水晶文化研究会""}]"
瓷刻（大丰瓷刻）,传统美术,"[{""公布时间"": ""2021(第五批)"", ""申报地区或单位"": ""江苏省盐城市大丰区"", ""保护单位"": ""盐城市大丰区瓷刻世家工艺厂""}]"
竹根雕（象山竹根雕）,传统美术,"[{""公布时间"": ""2021(第五批)"", ""申报地区或单位"": ""浙江省宁波市象山县"", ""保护单位"": ""象山德和根艺美术馆""}]"
贝雕（北海贝雕）,传统美术,"[{""公布时间"": ""2021(第五批)"", ""申报地区或单位"": ""广西壮族自治区北海市"", ""保护单位"": ""北海市恒兴珠宝有限责任公司""}]"
骨角雕（合浦角雕）,传统美术,"[{""公布时间"": ""2021(第五批)"", ""申报地区或单位"": ""广西壮族自治区北海市合浦县"", ""保护单位"": ""合浦金蝠角雕厂""}]"
皮艺（蒙古族皮艺）,传统美术,"[{""公布时间"": ""2021(第五批)"", ""申报地区或单位"": ""内蒙古自治区呼和浩特市"", ""保护单位"": ""呼和浩特市文化艺术研究院（呼和浩特市非物质文化遗产保护中心）""}]"
宜兴紫砂陶制作技艺,传统技艺,"[{""公布时间"": ""2006(第一批)"", ""申报地区或单位"": ""江苏省宜兴市"", ""保护单位"": ""宜兴市陶瓷行业协会""}]"
界首彩陶烧制技艺,传统技艺,"[{""公布时间"": ""2006(第一批)"", ""申报地区或单位"": ""安徽省界首市"", ""保护单位"": ""界首市文化馆""}]"
石湾陶塑技艺,传统技艺,"[{""公布时间"": ""2006(第一批)"", ""申报地区或单位"": ""广东省佛山市"", ""保护单位"": ""佛山市禅城区博物馆（佛山市禅城区非物质文化遗产保护中心）""}]"
黎族原始制陶技艺,传统技艺,"[{""公布时间"": ""2006(第一批)"", ""申报地区或单位"": ""海南省昌江黎族自治县"", ""保护单位"": ""昌江黎族自治县文化馆""}]"
傣族慢轮制陶技艺,传统技艺,"[{""公布时间"": ""2006(第一批)"", ""申报地区或单位"": ""云南省西双版纳傣族自治州"", ""保护单位"": ""西双版纳傣族自治州文化馆""}]"
维吾尔族模制法土陶烧制技艺,传统技艺,"[{""公布时间"": ""2006(第一批)"", ""申报地区或单位"": ""新疆维吾尔自治区英吉沙县"", ""保护单位"": ""英吉沙县文化馆""}, {""公布时间"": ""2006(第一批)"", ""申报地区或单位"": ""新疆维吾尔自治区喀什市"", ""保护单位"": ""喀什市文化馆""}, {""公布时间"": ""2006(第一批)"", ""申报地区或单位"": ""新疆维吾尔自治区吐鲁番地区"", ""保护单位"": ""新疆大漠土艺馆""}, {""公布时间"": ""2008(第二批)"", ""申报地区或单位"": ""新疆生产建设兵团"", ""保护单位"": ""新疆生产建设兵团第三师图木舒克市文化体育广电和旅游局""}]"
景德镇手工制瓷技艺,传统技艺,"[{""公布时间"": ""2006(第一批)"", ""申报地区或单位"": ""江西省景德镇市"", ""保护单位"": ""景德镇市手工制瓷技艺研究保护中心""}]"
耀州窑陶瓷烧制技艺,传统技艺,"[{""公布时间"": ""2006(第一批)"", ""申报地区或单位"": ""陕西省铜川市"", ""保护单位"": ""铜川市陶瓷研究所""}]"
龙泉青瓷烧制技艺,传统技艺,"[{""公布时间"": ""2006(第一批)"", ""申报地区或单位"": ""浙江省龙泉市"", ""保护单位"": ""龙泉市非物质文化遗产保护中心（市对外合作交流中心、龙泉青瓷文化传承生态保护区管理中心）""}]"
磁州窑烧制技艺,传统技艺,"[{""公布时间"": ""2006(第一批)"", ""申报地区或单位"": ""河北省峰峰矿区"", ""保护单位"": ""邯郸市峰峰矿区文化馆""}]"
德化瓷烧制技艺,传统技艺,"[{""公布时间"": ""2006(第一批)"", ""申报地区或单位"": ""福建省德化县"", ""保护单位"": ""德化县文化馆""}]"
澄城尧头陶瓷烧制技艺,传统技艺,"[{""公布时间"": ""2006(第一批)"", ""申报地区或单位"": ""陕西省澄城县"", ""保护单位"": ""澄城县文化馆（澄城县非物质文化遗产保护中心）""}]"
南京云锦木机妆花手工织造技艺,传统技艺,"[{""公布时间"": ""2006(第一批)"", ""申报地区或单位"": ""江苏省南京市"", ""保护单位"": ""南京云锦研究所有限公司""}, {""公布时间"": ""2011(第三批)"", ""申报地区或单位"": ""江苏汉唐织锦科技有限公司"", ""保护单位"": ""江苏汉唐织锦科技有限公司""}]"
宋锦织造技艺,传统技艺,"[{""公布时间"": ""2006(第一批)"", ""申报地区或单位"": ""江苏省苏州市"", ""保护单位"": ""苏州丝绸博物馆""}]"
苏州缂丝织造技艺,传统技艺,"[{""公布时间"": ""2006(第一批)"", ""申报地区或单位"": ""江苏省苏州市"", ""保护单位"": ""苏州王金山大师缂丝工作室有限公司""}]"
蜀锦织造技艺,传统技艺,"[{""公布时间"": ""2006(第一批)"", ""申报地区或单位"": ""四川省成都市"", ""保护单位"": ""成都蜀锦织绣有限责任公司""}]"
乌泥泾手工棉纺织技艺,传统技艺,"[{""公布时间"": ""2006(第一批)"", ""申报地区或单位"": ""上海市徐汇区"", ""保护单位"": ""上海市徐汇区华泾镇人民政府""}]"
土家族织锦技艺,传统技艺,"[{""公布时间"": ""2006(第一批)"", ""申报地区或单位"": ""湖南省湘西土家族苗族自治州"", ""保护单位"": ""湘西土家族苗族自治州非物质文化遗产保护中心""}]"
黎族传统纺染织绣技艺,传统技艺,"[{""公布时间"": ""2006(第一批)"", ""申报地区或单位"": ""海南省五指山市"", ""保护单位"": ""五指山市文化馆""}, {""公布时间"": ""2006(第一批)"", ""申报地区或单位"": ""海南省白沙黎族自治县"", ""保护单位"": ""海南省白沙黎族自治县文化馆""}, {""公布时间"": ""2006(第一批)"", ""申报地区或单位"": ""海南省保亭黎族苗族自治县"", ""保护单位"": ""保亭黎族苗族自治县文化馆""}, {""公布时间"": ""2006(第一批)"", ""申报地区或单位"": ""海南省乐东黎族自治县"", ""保护单位"": ""乐东黎族自治县文化馆""}, {""公布时间"": ""2006(第一批)"", ""申报地区或单位"": ""海南省东方市"", ""保护单位"": ""东方市文化馆""}]"
壮族织锦技艺,传统技艺,"[{""公布时间"": ""2006(第一批)"", ""申报地区或单位"": ""广西壮族自治区靖西县"", ""保护单位"": ""靖西市文化馆""}]"
藏族邦典、卡垫织造技艺,传统技艺,"[{""公布时间"": ""2006(第一批)"", ""申报地区或单位"": ""西藏自治区山南地区"", ""保护单位"": ""贡嘎县文化局（文物局）""}, {""公布时间"": ""2006(第一批)"", ""申报地区或单位"": ""西藏自治区日喀则地区"", ""保护单位"": ""江孜县文化和旅游局""}]"
加牙藏族织毯技艺,传统技艺,"[{""公布时间"": ""2006(第一批)"", ""申报地区或单位"": ""青海省湟中县"", ""保护单位"": ""湟中县文化馆""}]"
维吾尔族花毡、印花布织染技艺,传统技艺,"[{""公布时间"": ""2006(第一批)"", ""申报地区或单位"": ""新疆维吾尔自治区吐鲁番地区"", ""保护单位"": ""新疆大漠土艺馆""}]"
花毡、印花布织染技艺,传统技艺,"[{""公布时间"": ""2008(第二批)"", ""申报地区或单位"": ""新疆维吾尔自治区且末县"", ""保护单位"": ""且末县文化馆""}, {""公布时间"": ""2008(第二批)"", ""申报地区或单位"": ""新疆维吾尔自治区塔城地区"", ""保护单位"": ""伊犁哈萨克自治州塔城地区非物质文化遗产保护研究中心""}, {""公布时间"": ""2008(第二批)"", ""申报地区或单位"": ""新疆维吾尔自治区英吉沙县"", ""保护单位"": ""英吉沙县文化馆""}]"
南通蓝印花布印染技艺,传统技艺,"[{""公布时间"": ""2006(第一批)"", ""申报地区或单位"": ""江苏省南通市"", ""保护单位"": ""南通蓝印花布艺术馆""}]"
蓝印花布印染技艺,传统技艺,"[{""公布时间"": ""2008(第二批)"", ""申报地区或单位"": ""湖南省凤凰县"", ""保护单位"": ""凤凰县非物质文化遗产保护中心""}, {""公布时间"": ""2008(第二批)"", ""申报地区或单位"": ""湖南省邵阳县"", ""保护单位"": ""邵阳县文化馆""}, {""公布时间"": ""2014(第四批)"", ""申报地区或单位"": ""浙江省桐乡市"", ""保护单位"": ""桐乡市文化馆（桐乡市非物质文化遗产保护中心、桐乡市子恺画院）""}]"
苗族蜡染技艺,传统技艺,"[{""公布时间"": ""2006(第一批)"", ""申报地区或单位"": ""贵州省丹寨县"", ""保护单位"": ""丹寨县非物质文化遗产保护中心""}]"
蜡染技艺,传统技艺,"[{""公布时间"": ""2008(第二批)"", ""申报地区或单位"": ""贵州省安顺市"", ""保护单位"": ""安顺市文化馆（安顺市文化艺术培训中心）""}]"
蜡染技艺（苗族蜡染技艺）,传统技艺,"[{""公布时间"": ""2011(第三批)"", ""申报地区或单位"": ""四川省珙县"", ""保护单位"": ""珙县博物馆（珙县文物管理所，珙县非物质文化遗产保护中心）""}]"
蜡染技艺（黄平蜡染技艺）,传统技艺,"[{""公布时间"": ""2011(第三批)"", ""申报地区或单位"": ""贵州省黄平县"", ""保护单位"": ""黄平县非物质文化遗产保护中心""}]"
蜡染技艺（织金苗族蜡染）,传统技艺,"[{""公布时间"": ""2021(第五批)"", ""申报地区或单位"": ""贵州省毕节市织金县"", ""保护单位"": ""织金县文化馆""}]"
白族扎染技艺,传统技艺,"[{""公布时间"": ""2006(第一批)"", ""申报地区或单位"": ""云南省大理市"", ""保护单位"": ""大理市非物质文化遗产保护管理所""}]"
扎染技艺（自贡扎染技艺）,传统技艺,"[{""公布时间"": ""2008(第二批)"", ""申报地区或单位"": ""四川省自贡市"", ""保护单位"": ""自贡市扎染工艺有限公司""}]"
香山帮传统建筑营造技艺,传统技艺,"[{""公布时间"": ""2006(第一批)"", ""申报地区或单位"": ""江苏省苏州市"", ""保护单位"": ""苏州香山工坊建设投资发展有限公司""}]"
客家土楼营造技艺,传统技艺,"[{""公布时间"": ""2006(第一批)"", ""申报地区或单位"": ""福建省龙岩市"", ""保护单位"": ""龙岩市永定区文化馆""}, {""公布时间"": ""2011(第三批)"", ""申报地区或单位"": ""福建省南靖县"", ""保护单位"": ""南靖县非物质文化遗产保护传承展演中心""}, {""公布时间"": ""2011(第三批)"", ""申报地区或单位"": ""福建省华安县"", ""保护单位"": ""福建省华安县文化馆""}]"
客家民居营造技艺（赣南客家围屋营造技艺）,传统技艺,"[{""公布时间"": ""2014(第四批)"", ""申报地区或单位"": ""江西省龙南县"", ""保护单位"": ""江西省龙南县文化馆""}]"
景德镇传统瓷窑作坊营造技艺,传统技艺,"[{""公布时间"": ""2006(第一批)"", ""申报地区或单位"": ""江西省"", ""保护单位"": ""景德镇市手工制瓷技艺研究保护中心""}]"
侗族木构建筑营造技艺,传统技艺,"[{""公布时间"": ""2006(第一批)"", ""申报地区或单位"": ""广西壮族自治区柳州市"", ""保护单位"": ""柳州市群众艺术馆""}, {""公布时间"": ""2006(第一批)"", ""申报地区或单位"": ""广西壮族自治区三江侗族自治县"", ""保护单位"": ""三江侗族自治县文化馆（三江侗族自治县非物质文化遗产保护与发展中心）""}, {""公布时间"": ""2008(第二批)"", ""申报地区或单位"": ""贵州省黎平县"", ""保护单位"": ""黎平县非物质文化遗产保护中心""}, {""公布时间"": ""2008(第二批)"", ""申报地区或单位"": ""贵州省从江县"", ""保护单位"": ""从江县非物质文化遗产保护中心""}]"
侗族木构建筑营造技艺（通道侗族木构建筑营造技艺）,传统技艺,"[{""公布时间"": ""2021(第五批)"", ""申报地区或单位"": ""湖南省怀化市通道侗族自治县"", ""保护单位"": ""通道侗族自治县文化遗产保护中心""}]"
苗寨吊脚楼营造技艺,传统技艺,"[{""公布时间"": ""2006(第一批)"", ""申报地区或单位"": ""贵州省雷山县"", ""保护单位"": ""雷山县非物质文化遗产保护中心""}]"
苏州御窑金砖制作技艺,传统技艺,"[{""公布时间"": ""2006(第一批)"", ""申报地区或单位"": ""江苏省苏州市"", ""保护单位"": ""苏州陆慕御窑金砖厂""}]"
苗族芦笙制作技艺,传统技艺,"[{""公布时间"": ""2006(第一批)"", ""申报地区或单位"": ""贵州省雷山县"", ""保护单位"": ""雷山县非物质文化遗产保护中心""}, {""公布时间"": ""2006(第一批)"", ""申报地区或单位"": ""云南省大关县"", ""保护单位"": ""大关县文化馆""}]"
玉屏箫笛制作技艺,传统技艺,"[{""公布时间"": ""2006(第一批)"", ""申报地区或单位"": ""贵州省玉屏侗族自治县"", ""保护单位"": ""玉屏侗族自治县文化馆（玉屏侗族自治县民族文化艺术团）""}]"
阳城生铁冶铸技艺,传统技艺,"[{""公布时间"": ""2006(第一批)"", ""申报地区或单位"": ""山西省阳城县"", ""保护单位"": ""阳城县文化馆""}]"
生铁冶铸技艺（干模铸造技艺）,传统技艺,"[{""公布时间"": ""2008(第二批)"", ""申报地区或单位"": ""河北省泊头市"", ""保护单位"": ""泊头市文化馆""}]"
生铁冶铸技艺,传统技艺,"[{""公布时间"": ""2014(第四批)"", ""申报地区或单位"": ""甘肃省永靖县"", ""保护单位"": ""永靖县文化馆""}]"
南京金箔锻制技艺,传统技艺,"[{""公布时间"": ""2006(第一批)"", ""申报地区或单位"": ""江苏省南京市"", ""保护单位"": ""南京金线金箔总厂""}]"
龙泉宝剑锻制技艺,传统技艺,"[{""公布时间"": ""2006(第一批)"", ""申报地区或单位"": ""浙江省龙泉市"", ""保护单位"": ""龙泉市非物质文化遗产保护中心（市对外合作交流中心、龙泉青瓷文化传承生态保护区管理中心）""}]"
宝剑锻制技艺（棠溪宝剑锻制技艺）,传统技艺,"[{""公布时间"": ""2014(第四批)"", ""申报地区或单位"": ""河南省西平县"", ""保护单位"": ""河南棠溪宝剑集团有限公司""}]"
张小泉剪刀锻制技艺,传统技艺,"[{""公布时间"": ""2006(第一批)"", ""申报地区或单位"": ""浙江省杭州市"", ""保护单位"": ""杭州张小泉集团有限公司""}]"
剪刀锻制技艺（王麻子剪刀锻制技艺）,传统技艺,"[{""公布时间"": ""2008(第二批)"", ""申报地区或单位"": ""北京市"", ""保护单位"": ""北京栎昌王麻子工贸有限公司""}]"
芜湖铁画锻制技艺,传统技艺,"[{""公布时间"": ""2006(第一批)"", ""申报地区或单位"": ""安徽省芜湖市"", ""保护单位"": ""芜湖铁画协会""}]"
苗族银饰锻制技艺,传统技艺,"[{""公布时间"": ""2006(第一批)"", ""申报地区或单位"": ""湖南省凤凰县"", ""保护单位"": ""凤凰县传承民族工艺有限责任公司""}, {""公布时间"": ""2006(第一批)"", ""申报地区或单位"": ""贵州省雷山县"", ""保护单位"": ""雷山县非物质文化遗产保护中心""}]"
银饰制作技艺（彝族银饰制作技艺）,传统技艺,"[{""公布时间"": ""2008(第二批)"", ""申报地区或单位"": ""四川省布拖县"", ""保护单位"": ""布拖县文化馆""}]"
银饰制作技艺（苗族银饰制作技艺）,传统技艺,"[{""公布时间"": ""2008(第二批)"", ""申报地区或单位"": ""贵州省黄平县"", ""保护单位"": ""黄平县非物质文化遗产保护中心""}]"
银饰锻制技艺（畲族银器制作技艺）,传统技艺,"[{""公布时间"": ""2011(第三批)"", ""申报地区或单位"": ""福建省福安市"", ""保护单位"": ""福安市珍华堂畲族银器技术研究所""}]"
银饰锻制技艺（苗族银饰锻制技艺）,传统技艺,"[{""公布时间"": ""2011(第三批)"", ""申报地区或单位"": ""贵州省剑河县"", ""保护单位"": ""剑河县非物质文化遗产保护中心""}, {""公布时间"": ""2011(第三批)"", ""申报地区或单位"": ""贵州省台江县"", ""保护单位"": ""台江县非物质文化遗产保护中心""}]"
银饰锻制技艺（畲族银器锻制技艺）,传统技艺,"[{""公布时间"": ""2014(第四批)"", ""申报地区或单位"": ""福建省宁德市"", ""保护单位"": ""福建盈盛号金银饰品有限公司""}]"
银饰锻制技艺（鹤庆银器锻制技艺）,传统技艺,"[{""公布时间"": ""2014(第四批)"", ""申报地区或单位"": ""云南省鹤庆县"", ""保护单位"": ""鹤庆县文化馆""}]"
阿昌族户撒刀锻制技艺,传统技艺,"[{""公布时间"": ""2006(第一批)"", ""申报地区或单位"": ""云南省陇川县"", ""保护单位"": ""陇川县文化馆""}]"
保安族腰刀锻制技艺,传统技艺,"[{""公布时间"": ""2006(第一批)"", ""申报地区或单位"": ""甘肃省积石山保安族东乡族撒拉族自治县"", ""保护单位"": ""积石山保安族东乡族撒拉族自治县文化馆""}]"
景泰蓝制作技艺,传统技艺,"[{""公布时间"": ""2006(第一批)"", ""申报地区或单位"": ""北京市崇文区"", ""保护单位"": ""北京市珐琅厂有限责任公司""}, {""公布时间"": ""2014(第四批)"", ""申报地区或单位"": ""河北省大厂回族自治县"", ""保护单位"": ""大厂回族自治县京东工艺品有限公司""}]"
聚元号弓箭制作技艺,传统技艺,"[{""公布时间"": ""2006(第一批)"", ""申报地区或单位"": ""北京市朝阳区"", ""保护单位"": ""北京市朝阳区宣传文化中心""}]"
弓箭制作技艺（锡伯族弓箭制作技艺）,传统技艺,"[{""公布时间"": ""2008(第二批)"", ""申报地区或单位"": ""新疆维吾尔自治区"", ""保护单位"": ""察布查尔锡伯自治县文化馆""}]"
弓箭制作技艺（蒙古族牛角弓制作技艺）,传统技艺,"[{""公布时间"": ""2011(第三批)"", ""申报地区或单位"": ""内蒙古师范大学"", ""保护单位"": ""内蒙古师范大学""}]"
明式家具制作技艺,传统技艺,"[{""公布时间"": ""2006(第一批)"", ""申报地区或单位"": ""江苏省苏州市"", ""保护单位"": ""苏州红木雕刻厂有限公司""}]"
家具制作技艺（京作硬木家具制作技艺）,传统技艺,"[{""公布时间"": ""2008(第二批)"", ""申报地区或单位"": ""北京市崇文区"", ""保护单位"": ""北京市龙顺成中式家具有限公司""}]"
家具制作技艺（广式硬木家具制作技艺）,传统技艺,"[{""公布时间"": ""2008(第二批)"", ""申报地区或单位"": ""广东省广州市"", ""保护单位"": ""广州木雕家具工艺厂""}]"
家具制作技艺（晋作家具制作技艺）,传统技艺,"[{""公布时间"": ""2011(第三批)"", ""申报地区或单位"": ""山西省临汾市"", ""保护单位"": ""山西唐人居古典家居文化有限公司""}]"
家具制作技艺（精细木作技艺）,传统技艺,"[{""公布时间"": ""2011(第三批)"", ""申报地区或单位"": ""江苏工美红木文化艺术研究所"", ""保护单位"": ""江苏工美红木文化艺术研究所""}]"
家具制作技艺（仙游古典家具制作技艺）,传统技艺,"[{""公布时间"": ""2014(第四批)"", ""申报地区或单位"": ""福建省仙游县"", ""保护单位"": ""福建省古典工艺家具协会""}]"
家具制作技艺（北京木雕小器作）,传统技艺,"[{""公布时间"": ""2021(第五批)"", ""申报地区或单位"": ""北京市东城区"", ""保护单位"": ""北京市工艺木刻厂有限责任公司""}]"
蒙古族勒勒车制作技艺,传统技艺,"[{""公布时间"": ""2006(第一批)"", ""申报地区或单位"": ""内蒙古自治区东乌珠穆沁旗"", ""保护单位"": ""东乌珠穆沁旗文化馆""}, {""公布时间"": ""2008(第二批)"", ""申报地区或单位"": ""内蒙古自治区阿鲁科尔沁旗"", ""保护单位"": ""阿鲁科尔沁旗文化馆""}]"
拉萨甲米水磨坊制作技艺,传统技艺,"[{""公布时间"": ""2006(第一批)"", ""申报地区或单位"": ""西藏自治区"", ""保护单位"": ""西藏嘎吉林旅游开发有限公司""}]"
兰州黄河大水车制作技艺,传统技艺,"[{""公布时间"": ""2006(第一批)"", ""申报地区或单位"": ""甘肃省兰州市"", ""保护单位"": ""兰州市西固区文化馆""}]"
万安罗盘制作技艺,传统技艺,"[{""公布时间"": ""2006(第一批)"", ""申报地区或单位"": ""安徽省休宁县"", ""保护单位"": ""休宁县万安吴鲁衡罗经老店有限公司""}]"
雕漆技艺,传统技艺,"[{""公布时间"": ""2006(第一批)"", ""申报地区或单位"": ""北京市崇文区"", ""保护单位"": ""北京文乾刚雕漆艺术设计有限责任公司""}, {""公布时间"": ""2008(第二批)"", ""申报地区或单位"": ""甘肃省天水市秦州区"", ""保护单位"": ""天水飞天雕漆工艺家俱有限责任公司""}]"
平遥推光漆器髹饰技艺,传统技艺,"[{""公布时间"": ""2006(第一批)"", ""申报地区或单位"": ""山西省平遥县"", ""保护单位"": ""平遥县文化和旅游发展中心""}]"
扬州漆器髹饰技艺,传统技艺,"[{""公布时间"": ""2006(第一批)"", ""申报地区或单位"": ""江苏省扬州市"", ""保护单位"": ""扬州漆器厂有限责任公司""}]"
天台山干漆夹苎技艺,传统技艺,"[{""公布时间"": ""2006(第一批)"", ""申报地区或单位"": ""浙江省天台县"", ""保护单位"": ""台州传统艺术博物院""}]"
福州脱胎漆器髹饰技艺,传统技艺,"[{""公布时间"": ""2006(第一批)"", ""申报地区或单位"": ""福建省福州市"", ""保护单位"": ""福州市漆艺研究会""}]"
厦门漆线雕技艺,传统技艺,"[{""公布时间"": ""2006(第一批)"", ""申报地区或单位"": ""福建省厦门市"", ""保护单位"": ""厦门惟艺漆线雕艺术有限公司""}]"
成都漆艺,传统技艺,"[{""公布时间"": ""2006(第一批)"", ""申报地区或单位"": ""四川省成都市"", ""保护单位"": ""成都漆器工艺厂有限责任公司""}]"
茅台酒酿制技艺,传统技艺,"[{""公布时间"": ""2006(第一批)"", ""申报地区或单位"": ""贵州省"", ""保护单位"": ""中国贵州茅台酒厂（集团）有限责任公司""}]"
泸州老窖酒酿制技艺,传统技艺,"[{""公布时间"": ""2006(第一批)"", ""申报地区或单位"": ""四川省泸州市"", ""保护单位"": ""泸州老窖股份有限公司""}]"
杏花村汾酒酿制技艺,传统技艺,"[{""公布时间"": ""2006(第一批)"", ""申报地区或单位"": ""山西省汾阳市"", ""保护单位"": ""山西杏花村汾酒集团有限责任公司""}]"
绍兴黄酒酿制技艺,传统技艺,"[{""公布时间"": ""2006(第一批)"", ""申报地区或单位"": ""浙江省绍兴市"", ""保护单位"": ""绍兴市黄酒行业协会""}]"
清徐老陈醋酿制技艺,传统技艺,"[{""公布时间"": ""2006(第一批)"", ""申报地区或单位"": ""山西省清徐县"", ""保护单位"": ""山西水塔醋业股份有限公司""}]"
老陈醋酿制技艺（美和居老陈醋酿制技艺）,传统技艺,"[{""公布时间"": ""2008(第二批)"", ""申报地区或单位"": ""山西省太原市"", ""保护单位"": ""山西老陈醋集团有限公司""}]"
酿醋技艺（小米醋酿造技艺）,传统技艺,"[{""公布时间"": ""2014(第四批)"", ""申报地区或单位"": ""山西省襄汾县"", ""保护单位"": ""山西三盛合酿造有限公司""}]"
酿醋技艺（独流老醋酿造技艺）,传统技艺,"[{""公布时间"": ""2021(第五批)"", ""申报地区或单位"": ""天津市静海区"", ""保护单位"": ""天津市天立独流老醋股份有限公司""}]"
酿醋技艺（保宁醋传统酿造工艺）,传统技艺,"[{""公布时间"": ""2021(第五批)"", ""申报地区或单位"": ""四川省南充市"", ""保护单位"": ""四川保宁醋有限公司""}]"
酿醋技艺（赤水晒醋制作技艺）,传统技艺,"[{""公布时间"": ""2021(第五批)"", ""申报地区或单位"": ""贵州省遵义市赤水市"", ""保护单位"": ""赤水市文化馆""}]"
酿醋技艺（吴忠老醋酿制技艺）,传统技艺,"[{""公布时间"": ""2021(第五批)"", ""申报地区或单位"": ""宁夏回族自治区吴忠市"", ""保护单位"": ""吴忠市文化馆""}]"
镇江恒顺香醋酿制技艺,传统技艺,"[{""公布时间"": ""2006(第一批)"", ""申报地区或单位"": ""江苏省镇江市"", ""保护单位"": ""江苏恒顺醋业股份有限公司""}]"
武夷岩茶（大红袍）制作技艺,传统技艺,"[{""公布时间"": ""2006(第一批)"", ""申报地区或单位"": ""福建省武夷山市"", ""保护单位"": ""武夷山市文化馆""}]"
自贡井盐深钻汲制技艺,传统技艺,"[{""公布时间"": ""2006(第一批)"", ""申报地区或单位"": ""四川省自贡市"", ""保护单位"": ""四川久大盐业(集团)公司""}, {""公布时间"": ""2006(第一批)"", ""申报地区或单位"": ""四川省大英县"", ""保护单位"": ""大英县文物管理所（大英县汉陶博物馆）""}]"
宣纸制作技艺,传统技艺,"[{""公布时间"": ""2006(第一批)"", ""申报地区或单位"": ""安徽省泾县"", ""保护单位"": ""中国宣纸股份有限公司""}]"
铅山连四纸制作技艺,传统技艺,"[{""公布时间"": ""2006(第一批)"", ""申报地区或单位"": ""江西省铅山县"", ""保护单位"": ""铅山连四纸发展有限公司""}]"
皮纸制作技艺,传统技艺,"[{""公布时间"": ""2006(第一批)"", ""申报地区或单位"": ""贵州省贵阳市"", ""保护单位"": ""贵阳市乌当区文化遗产保护服务中心（贵阳市乌当区非物质文化遗产保护服务中心）""}, {""公布时间"": ""2006(第一批)"", ""申报地区或单位"": ""贵州省贞丰县"", ""保护单位"": ""贞丰县文化馆""}, {""公布时间"": ""2006(第一批)"", ""申报地区或单位"": ""贵州省丹寨县"", ""保护单位"": ""丹寨县非物质文化遗产保护中心""}]"
皮纸制作技艺（龙游皮纸制作技艺）,传统技艺,"[{""公布时间"": ""2011(第三批)"", ""申报地区或单位"": ""浙江省龙游县"", ""保护单位"": ""浙江龙游辰港宣纸有限公司""}]"
皮纸制作技艺（平阳麻笺制作技艺）,传统技艺,"[{""公布时间"": ""2014(第四批)"", ""申报地区或单位"": ""山西省襄汾县"", ""保护单位"": ""襄汾县邓庄丁陶麻笺社""}]"
傣族、纳西族手工造纸技艺,传统技艺,"[{""公布时间"": ""2006(第一批)"", ""申报地区或单位"": ""云南省临沧市"", ""保护单位"": ""临沧市非物质文化遗产保护中心""}, {""公布时间"": ""2006(第一批)"", ""申报地区或单位"": ""云南省香格里拉县"", ""保护单位"": ""香格里拉市文化遗产管理所""}]"
藏族造纸技艺,传统技艺,"[{""公布时间"": ""2006(第一批)"", ""申报地区或单位"": ""西藏自治区"", ""保护单位"": ""拉萨彩泉福利民族手工业有限公司""}]"
维吾尔族桑皮纸制作技艺,传统技艺,"[{""公布时间"": ""2006(第一批)"", ""申报地区或单位"": ""新疆维吾尔自治区吐鲁番地区"", ""保护单位"": ""新疆大漠土艺馆""}]"
桑皮纸制作技艺,传统技艺,"[{""公布时间"": ""2008(第二批)"", ""申报地区或单位"": ""安徽省潜山县"", ""保护单位"": ""潜山市文化馆""}, {""公布时间"": ""2008(第二批)"", ""申报地区或单位"": ""安徽省岳西县"", ""保护单位"": ""岳西县文化馆""}]"
竹纸制作技艺,传统技艺,"[{""公布时间"": ""2006(第一批)"", ""申报地区或单位"": ""浙江省富阳市"", ""保护单位"": ""杭州市富阳区富阳竹纸文化保护与传承发展促进会""}, {""公布时间"": ""2006(第一批)"", ""申报地区或单位"": ""四川省夹江县"", ""保护单位"": ""夹江县文化馆""}, {""公布时间"": ""2008(第二批)"", ""申报地区或单位"": ""福建省将乐县"", ""保护单位"": ""将乐县文化馆""}]"
竹纸制作技艺（泽雅屏纸制作技艺）,传统技艺,"[{""公布时间"": ""2014(第四批)"", ""申报地区或单位"": ""浙江省温州市瓯海区"", ""保护单位"": ""温州市瓯海区文化馆""}]"
竹纸制作技艺（蔡伦古法造纸技艺）,传统技艺,"[{""公布时间"": ""2014(第四批)"", ""申报地区或单位"": ""湖南省耒阳市"", ""保护单位"": ""耒阳市蔡伦纪念馆""}]"
竹纸制作技艺（滩头手工抄纸技艺）,传统技艺,"[{""公布时间"": ""2014(第四批)"", ""申报地区或单位"": ""湖南省隆回县"", ""保护单位"": ""隆回县非物质文化遗产保护中心""}]"
湖笔制作技艺,传统技艺,"[{""公布时间"": ""2006(第一批)"", ""申报地区或单位"": ""浙江省湖州市"", ""保护单位"": ""湖州市善琏湖笔厂""}]"
徽墨制作技艺,传统技艺,"[{""公布时间"": ""2006(第一批)"", ""申报地区或单位"": ""安徽省绩溪县"", ""保护单位"": ""安徽省绩溪胡开文墨业有限公司""}, {""公布时间"": ""2006(第一批)"", ""申报地区或单位"": ""安徽省歙县"", ""保护单位"": ""歙县老胡开文墨业有限公司""}, {""公布时间"": ""2006(第一批)"", ""申报地区或单位"": ""安徽省黄山市屯溪区"", ""保护单位"": ""安徽省黄山市屯溪胡开文墨厂""}]"
徽墨制作技艺（曹素功墨锭制作技艺）,传统技艺,"[{""公布时间"": ""2011(第三批)"", ""申报地区或单位"": ""上海市黄浦区"", ""保护单位"": ""上海周虎臣曹素功笔墨有限公司""}]"
歙砚制作技艺,传统技艺,"[{""公布时间"": ""2006(第一批)"", ""申报地区或单位"": ""安徽省歙县"", ""保护单位"": ""安徽省歙县工艺厂""}, {""公布时间"": ""2006(第一批)"", ""申报地区或单位"": ""江西省婺源县"", ""保护单位"": ""婺源县文化馆""}]"
端砚制作技艺,传统技艺,"[{""公布时间"": ""2006(第一批)"", ""申报地区或单位"": ""广东省肇庆市"", ""保护单位"": ""肇庆市端砚协会""}]"
金星砚制作技艺,传统技艺,"[{""公布时间"": ""2006(第一批)"", ""申报地区或单位"": ""江西省星子县"", ""保护单位"": ""庐山市文化馆""}]"
木版水印技艺,传统技艺,"[{""公布时间"": ""2006(第一批)"", ""申报地区或单位"": ""北京市荣宝斋"", ""保护单位"": ""荣宝斋""}, {""公布时间"": ""2008(第二批)"", ""申报地区或单位"": ""上海书画出版社"", ""保护单位"": ""上海朵云轩集团有限公司""}, {""公布时间"": ""2014(第四批)"", ""申报地区或单位"": ""浙江省杭州市下城区"", ""保护单位"": ""杭州十竹斋艺术馆""}]"
雕版印刷技艺,传统技艺,"[{""公布时间"": ""2006(第一批)"", ""申报地区或单位"": ""江苏省扬州市"", ""保护单位"": ""扬州广陵古籍刻印社有限公司""}, {""公布时间"": ""2008(第二批)"", ""申报地区或单位"": ""福建省连城县"", ""保护单位"": ""连城县文化馆""}]"
雕版印刷技艺（杭州雕版印刷技艺）,传统技艺,"[{""公布时间"": ""2011(第三批)"", ""申报地区或单位"": ""浙江省杭州市西湖区"", ""保护单位"": ""杭州黄小建雕版艺术工作室""}]"
雕版印刷技艺（同仁刻版印刷技艺）,传统技艺,"[{""公布时间"": ""2011(第三批)"", ""申报地区或单位"": ""青海省同仁县"", ""保护单位"": ""同仁县文化馆""}]"
金陵刻经印刷技艺,传统技艺,"[{""公布时间"": ""2006(第一批)"", ""申报地区或单位"": ""江苏省南京市"", ""保护单位"": ""金陵刻经处""}]"
德格印经院藏族雕版印刷技艺,传统技艺,"[{""公布时间"": ""2006(第一批)"", ""申报地区或单位"": ""四川省德格县"", ""保护单位"": ""德格县文化馆""}]"
藏族雕版印刷技艺（波罗古泽刻版制作技艺）,传统技艺,"[{""公布时间"": ""2008(第二批)"", ""申报地区或单位"": ""西藏自治区江达县"", ""保护单位"": ""江达县文化和旅游局""}]"
制扇技艺,传统技艺,"[{""公布时间"": ""2006(第一批)"", ""申报地区或单位"": ""江苏省苏州市"", ""保护单位"": ""苏州如意檀香扇有限公司""}]"
制扇技艺（王星记扇）,传统技艺,"[{""公布时间"": ""2008(第二批)"", ""申报地区或单位"": ""浙江省杭州市"", ""保护单位"": ""杭州王星记扇业有限公司""}]"
制扇技艺（荣昌折扇）,传统技艺,"[{""公布时间"": ""2008(第二批)"", ""申报地区或单位"": ""重庆市荣昌县"", ""保护单位"": ""重庆市荣昌区文物保护管理所（重庆市荣昌区填川移民文化研究中心、重庆市荣昌区文化遗产保护中心）""}]"
制扇技艺（龚扇）,传统技艺,"[{""公布时间"": ""2008(第二批)"", ""申报地区或单位"": ""四川省自贡市"", ""保护单位"": ""自贡市龚扇竹编工艺厂""}]"
制扇技艺（王氏制扇）,传统技艺,"[{""公布时间"": ""2021(第五批)"", ""申报地区或单位"": ""安徽省宣城市广德市"", ""保护单位"": ""安徽明德竹木工艺制品有限公司""}]"
制扇技艺（岳州扇制作技艺）,传统技艺,"[{""公布时间"": ""2021(第五批)"", ""申报地区或单位"": ""湖南省岳阳市岳阳县"", ""保护单位"": ""岳阳县文化馆""}]"
剧装戏具制作技艺,传统技艺,"[{""公布时间"": ""2006(第一批)"", ""申报地区或单位"": ""江苏省苏州市"", ""保护单位"": ""苏州剧装戏具合作公司""}, {""公布时间"": ""2008(第二批)"", ""申报地区或单位"": ""北京剧装厂"", ""保护单位"": ""北京剧装厂有限责任公司""}]"
剧装戏具制作技艺（戏曲盔头制作技艺）,传统技艺,"[{""公布时间"": ""2021(第五批)"", ""申报地区或单位"": ""北京市西城区"", ""保护单位"": ""北京紫霞妙初戏曲文化有限责任公司""}]"
剧装戏具制作技艺（戏剧靴子制作技艺）,传统技艺,"[{""公布时间"": ""2021(第五批)"", ""申报地区或单位"": ""天津市河东区"", ""保护单位"": ""天津市河东区文化馆（天津市河东区文物保护中心）""}]"
桦树皮制作技艺,传统技艺,"[{""公布时间"": ""2006(第一批)"", ""申报地区或单位"": ""内蒙古自治区鄂伦春自治旗"", ""保护单位"": ""鄂伦春自治旗文化馆（鄂伦春自治旗美术馆）""}, {""公布时间"": ""2006(第一批)"", ""申报地区或单位"": ""黑龙江省"", ""保护单位"": ""饶河县非物质文化遗产保护中心""}]"
桦树皮制作技艺（鄂温克族桦树皮制作技艺）,传统技艺,"[{""公布时间"": ""2008(第二批)"", ""申报地区或单位"": ""内蒙古自治区根河市"", ""保护单位"": ""根河市文化馆""}]"
桦树皮制作技艺（鄂伦春族桦树皮船制作技艺）,传统技艺,"[{""公布时间"": ""2008(第二批)"", ""申报地区或单位"": ""黑龙江省大兴安岭地区"", ""保护单位"": ""大兴安岭地区群众艺术馆""}]"
黎族树皮布制作技艺,传统技艺,"[{""公布时间"": ""2006(第一批)"", ""申报地区或单位"": ""海南省保亭黎族苗族自治县"", ""保护单位"": ""保亭黎族苗族自治县文化馆""}]"
赫哲族鱼皮制作技艺,传统技艺,"[{""公布时间"": ""2006(第一批)"", ""申报地区或单位"": ""黑龙江省"", ""保护单位"": ""同江市非物质文化遗产保护中心""}]"
浏阳花炮制作技艺,传统技艺,"[{""公布时间"": ""2006(第一批)"", ""申报地区或单位"": ""湖南省浏阳市"", ""保护单位"": ""浏阳市烟花爆竹总会""}]"
烟火爆竹制作技艺（南张井老虎火）,传统技艺,"[{""公布时间"": ""2008(第二批)"", ""申报地区或单位"": ""河北省井陉县"", ""保护单位"": ""井陉县文化馆""}]"
烟火爆竹制作技艺（万载花炮制作技艺）,传统技艺,"[{""公布时间"": ""2008(第二批)"", ""申报地区或单位"": ""江西省万载县"", ""保护单位"": ""江西省万载县南天烟花爆竹制作有限公司""}]"
烟火爆竹制作技艺（萍乡烟花制作技艺）,传统技艺,"[{""公布时间"": ""2008(第二批)"", ""申报地区或单位"": ""江西省上栗县"", ""保护单位"": ""上栗县文化馆""}]"
烟火爆竹制作技艺（蒲城杆火技艺）,传统技艺,"[{""公布时间"": ""2008(第二批)"", ""申报地区或单位"": ""陕西省蒲城县"", ""保护单位"": ""蒲城县文化馆""}]"
烟火爆竹制作技艺（架花烟火爆竹制作技艺）,传统技艺,"[{""公布时间"": ""2008(第二批)"", ""申报地区或单位"": ""陕西省洋县"", ""保护单位"": ""陕西洋县纸坊花炮有限公司""}]"
黎族钻木取火技艺,传统技艺,"[{""公布时间"": ""2006(第一批)"", ""申报地区或单位"": ""海南省保亭黎族苗族自治县"", ""保护单位"": ""保亭黎族苗族自治县文化馆""}]"
风筝制作技艺（南通板鹞风筝）,传统技艺,"[{""公布时间"": ""2006(第一批)"", ""申报地区或单位"": ""江苏省南通市"", ""保护单位"": ""南通市文化馆（南通市非物质文化遗产保护中心）""}]"
风筝制作技艺（潍坊风筝）,传统技艺,"[{""公布时间"": ""2006(第一批)"", ""申报地区或单位"": ""山东省潍坊市"", ""保护单位"": ""潍坊市寒亭区文化馆""}]"
风筝制作技艺（拉萨风筝）,传统技艺,"[{""公布时间"": ""2006(第一批)"", ""申报地区或单位"": ""西藏自治区拉萨市"", ""保护单位"": ""西藏自治区群众艺术馆（西藏自治区非物质文化遗产保护中心）""}]"
风筝制作技艺（北京风筝哈制作技艺）,传统技艺,"[{""公布时间"": ""2008(第二批)"", ""申报地区或单位"": ""北京市海淀区"", ""保护单位"": ""北京汉风至和文化发展有限公司""}]"
风筝制作技艺（天津风筝魏制作技艺）,传统技艺,"[{""公布时间"": ""2008(第二批)"", ""申报地区或单位"": ""天津市南开区"", ""保护单位"": ""风筝魏（天津）文化传媒有限公司""}]"
风筝制作技艺（北京风筝制作技艺）,传统技艺,"[{""公布时间"": ""2011(第三批)"", ""申报地区或单位"": ""北京市东城区"", ""保护单位"": ""北京市东城区体育馆路街道市民活动中心""}, {""公布时间"": ""2011(第三批)"", ""申报地区或单位"": ""北京市海淀区"", ""保护单位"": ""北京市海淀区上庄地区民间工艺文化发展中心""}]"
凉茶,传统技艺,"[{""公布时间"": ""2006(第一批)"", ""申报地区或单位"": ""广东省文化厅"", ""保护单位"": ""广东省食品行业协会""}, {""公布时间"": ""2006(第一批)"", ""申报地区或单位"": ""香港特别行政区民政事务局"", ""保护单位"": ""香港特别行政区政府文化体育及旅游局""}, {""公布时间"": ""2006(第一批)"", ""申报地区或单位"": ""澳门特别行政区文化局"", ""保护单位"": ""澳门特别行政区政府文化局""}]"
琉璃烧制技艺,传统技艺,"[{""公布时间"": ""2008(第二批)"", ""申报地区或单位"": ""北京市门头沟区"", ""保护单位"": ""北京明珠琉璃制品有限公司""}, {""公布时间"": ""2008(第二批)"", ""申报地区或单位"": ""山西省"", ""保护单位"": ""山西省非物质文化遗产保护中心""}, {""公布时间"": ""2014(第四批)"", ""申报地区或单位"": ""山东省淄博市博山区"", ""保护单位"": ""淄博爱美琉璃制造有限公司""}, {""公布时间"": ""2014(第四批)"", ""申报地区或单位"": ""山东省曲阜市"", ""保护单位"": ""曲阜市琉璃瓦厂有限公司""}]"
临清贡砖烧制技艺,传统技艺,"[{""公布时间"": ""2008(第二批)"", ""申报地区或单位"": ""山东省临清市"", ""保护单位"": ""临清市文化馆""}]"
定瓷烧制技艺,传统技艺,"[{""公布时间"": ""2008(第二批)"", ""申报地区或单位"": ""河北省曲阳县"", ""保护单位"": ""河北省曲阳陈氏定窑瓷业有限公司""}]"
钧瓷烧制技艺,传统技艺,"[{""公布时间"": ""2008(第二批)"", ""申报地区或单位"": ""河南省禹州市"", ""保护单位"": ""禹州市杨志钧窑有限公司""}]"
唐三彩烧制技艺,传统技艺,"[{""公布时间"": ""2008(第二批)"", ""申报地区或单位"": ""河南省洛阳市"", ""保护单位"": ""洛阳九朝文物复制品有限公司""}]"
醴陵釉下五彩瓷烧制技艺,传统技艺,"[{""公布时间"": ""2008(第二批)"", ""申报地区或单位"": ""湖南省醴陵市"", ""保护单位"": ""醴陵市文化馆""}]"
枫溪瓷烧制技艺,传统技艺,"[{""公布时间"": ""2008(第二批)"", ""申报地区或单位"": ""广东省潮州市枫溪区"", ""保护单位"": ""潮州市枫溪区文化工作办公室""}]"
广彩瓷烧制技艺,传统技艺,"[{""公布时间"": ""2008(第二批)"", ""申报地区或单位"": ""广东省广州市"", ""保护单位"": ""广州市番禺莲花彩瓷实业有限公司""}]"
陶器烧制技艺（钦州坭兴陶烧制技艺）,传统技艺,"[{""公布时间"": ""2008(第二批)"", ""申报地区或单位"": ""广西壮族自治区钦州市"", ""保护单位"": ""广西钦州坭兴陶艺有限公司""}]"
陶器烧制技艺（藏族黑陶烧制技艺）,传统技艺,"[{""公布时间"": ""2008(第二批)"", ""申报地区或单位"": ""四川省稻城县"", ""保护单位"": ""稻城县文化和图书馆""}, {""公布时间"": ""2008(第二批)"", ""申报地区或单位"": ""云南省迪庆藏族自治州"", ""保护单位"": ""香格里拉市文化遗产管理所""}, {""公布时间"": ""2008(第二批)"", ""申报地区或单位"": ""青海省囊谦县"", ""保护单位"": ""囊谦藏黑陶文化研究开发有限公司""}]"
陶器烧制技艺（牙舟陶器烧制技艺）,传统技艺,"[{""公布时间"": ""2008(第二批)"", ""申报地区或单位"": ""贵州省平塘县"", ""保护单位"": ""平塘县文学艺术研究所（平塘县非物质文化遗产保护中心）""}]"
陶器烧制技艺（建水紫陶烧制技艺）,传统技艺,"[{""公布时间"": ""2008(第二批)"", ""申报地区或单位"": ""云南省建水县"", ""保护单位"": ""建水县非物质文化遗产保护中心""}]"
陶器烧制技艺（荥经砂器烧制技艺）,传统技艺,"[{""公布时间"": ""2008(第二批)"", ""申报地区或单位"": ""四川省荥经县"", ""保护单位"": ""荥经县非物质文化遗产保护中心""}]"
陶器烧制技艺（黎族泥片制陶技艺）,传统技艺,"[{""公布时间"": ""2011(第三批)"", ""申报地区或单位"": ""海南省白沙黎族自治县"", ""保护单位"": ""海南省白沙黎族自治县文化馆""}]"
陶器烧制技艺（荣昌陶器制作技艺）,传统技艺,"[{""公布时间"": ""2011(第三批)"", ""申报地区或单位"": ""重庆市荣昌县"", ""保护单位"": ""重庆市荣昌区安富街道文化服务中心""}]"
陶器烧制技艺（平定砂器制作技艺）,传统技艺,"[{""公布时间"": ""2014(第四批)"", ""申报地区或单位"": ""山西省平定县"", ""保护单位"": ""平定县冠窑砂器陶艺有限公司""}]"
陶器烧制技艺（平定黑釉刻花陶瓷制作技艺）,传统技艺,"[{""公布时间"": ""2014(第四批)"", ""申报地区或单位"": ""山西省平定县"", ""保护单位"": ""山西晟陶瓷业有限公司""}]"
陶器烧制技艺（宜兴均陶制作技艺）,传统技艺,"[{""公布时间"": ""2014(第四批)"", ""申报地区或单位"": ""江苏省宜兴市"", ""保护单位"": ""宜兴均陶工艺有限公司""}]"
陶器烧制技艺（德州黑陶烧制技艺）,传统技艺,"[{""公布时间"": ""2014(第四批)"", ""申报地区或单位"": ""山东省德州市"", ""保护单位"": ""德州梁子黑陶文化有限公司""}]"
陶器烧制技艺（枫溪手拉朱泥壶制作技艺）,传统技艺,"[{""公布时间"": ""2014(第四批)"", ""申报地区或单位"": ""广东省潮州市"", ""保护单位"": ""潮州市枫溪区文化工作办公室""}]"
陶器烧制技艺（痘姆陶器烧制技艺）,传统技艺,"[{""公布时间"": ""2021(第五批)"", ""申报地区或单位"": ""安徽省安庆市潜山市"", ""保护单位"": ""潜山市天柱陶瓷有限公司""}]"
蚕丝织造技艺（余杭清水丝绵制作技艺）,传统技艺,"[{""公布时间"": ""2008(第二批)"", ""申报地区或单位"": ""浙江省杭州市余杭区"", ""保护单位"": ""杭州市临平区塘栖镇塘北股份经济合作社""}]"
蚕丝织造技艺（杭罗织造技艺）,传统技艺,"[{""公布时间"": ""2008(第二批)"", ""申报地区或单位"": ""浙江省杭州市福兴丝绸厂"", ""保护单位"": ""杭州福兴丝绸有限公司""}]"
蚕丝织造技艺（双林绫绢织造技艺）,传统技艺,"[{""公布时间"": ""2008(第二批)"", ""申报地区或单位"": ""浙江省湖州市"", ""保护单位"": ""湖州云鹤双林绫绢有限公司""}]"
蚕丝织造技艺（杭州织锦技艺）,传统技艺,"[{""公布时间"": ""2011(第三批)"", ""申报地区或单位"": ""浙江省杭州市"", ""保护单位"": ""杭州都锦生实业有限公司""}]"
蚕丝织造技艺（辑里湖丝手工制作技艺）,传统技艺,"[{""公布时间"": ""2011(第三批)"", ""申报地区或单位"": ""浙江省湖州市南浔区"", ""保护单位"": ""湖州市南浔区文化馆""}]"
蚕丝织造技艺（潞绸织造技艺）,传统技艺,"[{""公布时间"": ""2014(第四批)"", ""申报地区或单位"": ""山西省高平市"", ""保护单位"": ""山西吉利尔潞绸集团织造股份有限公司""}]"
传统棉纺织技艺,传统技艺,"[{""公布时间"": ""2008(第二批)"", ""申报地区或单位"": ""河北省魏县"", ""保护单位"": ""魏县文化馆""}, {""公布时间"": ""2008(第二批)"", ""申报地区或单位"": ""河北省肥乡县"", ""保护单位"": ""邯郸市肥乡区文化馆（区公共图书馆）""}, {""公布时间"": ""2008(第二批)"", ""申报地区或单位"": ""新疆维吾尔自治区伽师县"", ""保护单位"": ""伽师县文化馆""}]"
传统棉纺织技艺（南通色织土布技艺）,传统技艺,"[{""公布时间"": ""2011(第三批)"", ""申报地区或单位"": ""江苏省南通市"", ""保护单位"": ""南通百草千花土布研究所""}]"
传统棉纺织技艺（余姚土布制作技艺）,传统技艺,"[{""公布时间"": ""2011(第三批)"", ""申报地区或单位"": ""浙江省余姚市"", ""保护单位"": ""余姚市小曹娥镇朗海村股份经济合作社""}]"
传统棉纺织技艺（维吾尔族帕拉孜纺织技艺）,传统技艺,"[{""公布时间"": ""2011(第三批)"", ""申报地区或单位"": ""新疆维吾尔自治区拜城县"", ""保护单位"": ""拜城县文化馆（克孜尔歌舞团、电影放映中心）""}]"
传统棉纺织技艺（威县土布纺织技艺）,传统技艺,"[{""公布时间"": ""2014(第四批)"", ""申报地区或单位"": ""河北省威县"", ""保护单位"": ""威县老纺车粗布制品有限公司""}]"
传统棉纺织技艺（傈僳族火草织布技艺）,传统技艺,"[{""公布时间"": ""2014(第四批)"", ""申报地区或单位"": ""四川省德昌县"", ""保护单位"": ""德昌县文化馆（德昌县非物质文化遗产保护中心、德昌县美术馆、德昌县傈僳族文化研究中心）""}]"
传统棉纺织技艺（惠畅土布制作技艺）,传统技艺,"[{""公布时间"": ""2021(第五批)"", ""申报地区或单位"": ""山西省运城市永济市"", ""保护单位"": ""永济市惠畅文化创意有限公司""}]"
传统棉纺织技艺（枣阳粗布制作技艺）,传统技艺,"[{""公布时间"": ""2021(第五批)"", ""申报地区或单位"": ""湖北省襄阳市枣阳市"", ""保护单位"": ""枣阳市文化馆""}]"
毛纺织及擀制技艺（彝族毛纺织及擀制技艺）,传统技艺,"[{""公布时间"": ""2008(第二批)"", ""申报地区或单位"": ""四川省昭觉县"", ""保护单位"": ""昭觉县彝族服饰文化研究中心""}]"
毛纺织及擀制技艺（藏族牛羊毛编织技艺）,传统技艺,"[{""公布时间"": ""2008(第二批)"", ""申报地区或单位"": ""四川省色达县"", ""保护单位"": ""色达县文化馆""}]"
毛纺织及擀制技艺（东乡族擀毡技艺）,传统技艺,"[{""公布时间"": ""2008(第二批)"", ""申报地区或单位"": ""甘肃省东乡族自治县"", ""保护单位"": ""东乡族自治县文化馆""}]"
毛纺织及擀制技艺（维吾尔族花毡制作技艺）,传统技艺,"[{""公布时间"": ""2011(第三批)"", ""申报地区或单位"": ""新疆维吾尔自治区柯坪县"", ""保护单位"": ""柯坪县文化馆（文工团）""}]"
毛纺织及擀制技艺（泽帖尔编制技艺）,传统技艺,"[{""公布时间"": ""2021(第五批)"", ""申报地区或单位"": ""西藏自治区山南市"", ""保护单位"": ""乃东区民族哗叽手工编织专业合作社""}]"
夏布织造技艺,传统技艺,"[{""公布时间"": ""2008(第二批)"", ""申报地区或单位"": ""江西省万载县"", ""保护单位"": ""万载县双志夏布厂""}, {""公布时间"": ""2008(第二批)"", ""申报地区或单位"": ""重庆市荣昌县"", ""保护单位"": ""重庆市荣昌区文物保护管理所（重庆市荣昌区填川移民文化研究中心、重庆市荣昌区文化遗产保护中心）""}]"
鲁锦织造技艺,传统技艺,"[{""公布时间"": ""2008(第二批)"", ""申报地区或单位"": ""山东省鄄城县"", ""保护单位"": ""鄄城县鲁锦工艺品有限责任公司""}, {""公布时间"": ""2008(第二批)"", ""申报地区或单位"": ""山东省嘉祥县"", ""保护单位"": ""嘉祥县公共文化服务中心（嘉祥县图书馆、嘉祥县文化馆）""}]"
侗锦织造技艺,传统技艺,"[{""公布时间"": ""2008(第二批)"", ""申报地区或单位"": ""湖南省通道侗族自治县"", ""保护单位"": ""通道侗族自治县文化遗产保护中心""}]"
苗族织锦技艺,传统技艺,"[{""公布时间"": ""2008(第二批)"", ""申报地区或单位"": ""贵州省麻江县"", ""保护单位"": ""麻江县非物质文化遗产保护中心""}, {""公布时间"": ""2008(第二批)"", ""申报地区或单位"": ""贵州省雷山县"", ""保护单位"": ""雷山县非物质文化遗产保护中心""}, {""公布时间"": ""2011(第三批)"", ""申报地区或单位"": ""贵州省台江县"", ""保护单位"": ""台江县非物质文化遗产保护中心""}, {""公布时间"": ""2011(第三批)"", ""申报地区或单位"": ""贵州省凯里市"", ""保护单位"": ""凯里市非物质文化遗产保护中心""}]"
傣族织锦技艺,传统技艺,"[{""公布时间"": ""2008(第二批)"", ""申报地区或单位"": ""云南省西双版纳傣族自治州"", ""保护单位"": ""西双版纳傣族自治州文化馆""}]"
香云纱染整技艺,传统技艺,"[{""公布时间"": ""2008(第二批)"", ""申报地区或单位"": ""广东省佛山市顺德区"", ""保护单位"": ""佛山市顺德区伦教街道文化站""}]"
枫香印染技艺,传统技艺,"[{""公布时间"": ""2008(第二批)"", ""申报地区或单位"": ""贵州省惠水县"", ""保护单位"": ""惠水县文化遗产保护中心""}, {""公布时间"": ""2008(第二批)"", ""申报地区或单位"": ""贵州省麻江县"", ""保护单位"": ""麻江县非物质文化遗产保护中心""}]"
新疆维吾尔族艾德莱斯绸织染技艺,传统技艺,"[{""公布时间"": ""2008(第二批)"", ""申报地区或单位"": ""新疆维吾尔自治区洛浦县"", ""保护单位"": ""洛浦县文化馆""}]"
地毯织造技艺（北京宫毯织造技艺）,传统技艺,"[{""公布时间"": ""2008(第二批)"", ""申报地区或单位"": ""北京市"", ""保护单位"": ""北京华方地毯艺术有限公司""}]"
地毯织造技艺（阿拉善地毯织造技艺）,传统技艺,"[{""公布时间"": ""2008(第二批)"", ""申报地区或单位"": ""内蒙古自治区阿拉善左旗"", ""保护单位"": ""阿拉善左旗文化馆""}]"
地毯织造技艺（维吾尔族地毯织造技艺）,传统技艺,"[{""公布时间"": ""2008(第二批)"", ""申报地区或单位"": ""新疆维吾尔自治区洛浦县"", ""保护单位"": ""洛浦县时代地毯厂""}]"
地毯织造技艺（阆中丝毯织造技艺）,传统技艺,"[{""公布时间"": ""2014(第四批)"", ""申报地区或单位"": ""四川省阆中市"", ""保护单位"": ""四川银河地毯有限公司""}]"
地毯织造技艺（天水丝毯织造技艺）,传统技艺,"[{""公布时间"": ""2014(第四批)"", ""申报地区或单位"": ""甘肃省天水市秦州区"", ""保护单位"": ""天水市秦州区文化馆""}]"
地毯织造技艺（如皋丝毯织造技艺）,传统技艺,"[{""公布时间"": ""2021(第五批)"", ""申报地区或单位"": ""江苏省南通市如皋市"", ""保护单位"": ""如皋市博艺丝毯有限公司""}]"
地毯织造技艺（宁夏手工毯织造技艺）,传统技艺,"[{""公布时间"": ""2021(第五批)"", ""申报地区或单位"": ""宁夏回族自治区"", ""保护单位"": ""宁夏回族自治区文化馆（宁夏回族自治区非物质文化遗产保护中心、宁夏回族自治区展览馆）""}]"
滩羊皮鞣制工艺,传统技艺,"[{""公布时间"": ""2008(第二批)"", ""申报地区或单位"": ""山西省交城县"", ""保护单位"": ""交城县义泉泰皮业有限公司""}]"
滩羊皮鞣制工艺（二毛皮制作技艺）,传统技艺,"[{""公布时间"": ""2014(第四批)"", ""申报地区或单位"": ""宁夏回族自治区"", ""保护单位"": ""宁夏回族自治区文化馆（宁夏回族自治区非物质文化遗产保护中心、宁夏回族自治区展览馆）""}]"
鄂伦春族狍皮制作技艺,传统技艺,"[{""公布时间"": ""2008(第二批)"", ""申报地区或单位"": ""内蒙古自治区鄂伦春自治旗"", ""保护单位"": ""鄂伦春自治旗文化馆（鄂伦春自治旗美术馆）""}, {""公布时间"": ""2008(第二批)"", ""申报地区或单位"": ""黑龙江省黑河市爱辉区"", ""保护单位"": ""黑河市爱辉区文物研究中心""}]"
盛锡福皮帽制作技艺,传统技艺,"[{""公布时间"": ""2008(第二批)"", ""申报地区或单位"": ""北京市东城区"", ""保护单位"": ""北京盛锡福帽业有限责任公司""}]"
维吾尔族卡拉库尔胎羔皮帽制作技艺,传统技艺,"[{""公布时间"": ""2008(第二批)"", ""申报地区或单位"": ""新疆维吾尔自治区沙雅县"", ""保护单位"": ""沙雅县文化馆""}]"
内联升千层底布鞋制作技艺,传统技艺,"[{""公布时间"": ""2008(第二批)"", ""申报地区或单位"": ""北京市"", ""保护单位"": ""北京内联升鞋业有限公司""}]"
手工制鞋技艺（老美华手工制鞋技艺）,传统技艺,"[{""公布时间"": ""2011(第三批)"", ""申报地区或单位"": ""天津市和平区"", ""保护单位"": ""天津老美华鞋店有限责任公司""}]"
手工制鞋技艺（唐昌布鞋制作技艺）,传统技艺,"[{""公布时间"": ""2021(第五批)"", ""申报地区或单位"": ""四川省成都市郫都区"", ""保护单位"": ""四川宁昌鞋业有限公司""}]"
黄金溜槽堆石砌灶冶炼技艺,传统技艺,"[{""公布时间"": ""2008(第二批)"", ""申报地区或单位"": ""山东省招远市"", ""保护单位"": ""招远市阜山镇九曲蒋家村村民委员会""}]"
金银细工制作技艺,传统技艺,"[{""公布时间"": ""2008(第二批)"", ""申报地区或单位"": ""上海市黄浦区"", ""保护单位"": ""上海老凤祥有限公司""}, {""公布时间"": ""2008(第二批)"", ""申报地区或单位"": ""江苏省南京市"", ""保护单位"": ""江苏宝庆珠宝有限公司""}, {""公布时间"": ""2008(第二批)"", ""申报地区或单位"": ""江苏省江都市"", ""保护单位"": ""扬州市江都区工艺美术家协会""}, {""公布时间"": ""2014(第四批)"", ""申报地区或单位"": ""山西省稷山县"", ""保护单位"": ""稷山县杰忠金银铜器传统制作研究中心""}]"
斑铜制作技艺,传统技艺,"[{""公布时间"": ""2008(第二批)"", ""申报地区或单位"": ""云南省曲靖市"", ""保护单位"": ""曲靖市文化馆""}]"
铜雕技艺,传统技艺,"[{""公布时间"": ""2008(第二批)"", ""申报地区或单位"": ""浙江省杭州市"", ""保护单位"": ""杭州金星铜工程有限公司""}]"
藏族金属锻造技艺（藏族锻铜技艺）,传统技艺,"[{""公布时间"": ""2008(第二批)"", ""申报地区或单位"": ""四川省白玉县"", ""保护单位"": ""白玉县文化旅游服务中心（白玉县文化馆）""}, {""公布时间"": ""2008(第二批)"", ""申报地区或单位"": ""西藏自治区南木林县"", ""保护单位"": ""南木林县文化和旅游局""}]"
藏族金属锻造技艺（藏刀锻制技艺）,传统技艺,"[{""公布时间"": ""2008(第二批)"", ""申报地区或单位"": ""西藏自治区拉孜县"", ""保护单位"": ""拉孜县文化和旅游局（拉孜县文物局）""}, {""公布时间"": ""2008(第二批)"", ""申报地区或单位"": ""青海省玉树藏族自治州"", ""保护单位"": ""玉树藏族自治州文化馆""}]"
藏族金属锻制技艺（扎西吉彩金银锻铜技艺）,传统技艺,"[{""公布时间"": ""2011(第三批)"", ""申报地区或单位"": ""西藏自治区日喀则地区"", ""保护单位"": ""日喀则市桑珠孜区文化和旅游局""}]"
成都银花丝制作技艺,传统技艺,"[{""公布时间"": ""2008(第二批)"", ""申报地区或单位"": ""四川省成都市青羊区"", ""保护单位"": ""成都金银制品有限责任公司""}]"
维吾尔族传统小刀制作技艺,传统技艺,"[{""公布时间"": ""2008(第二批)"", ""申报地区或单位"": ""新疆维吾尔自治区英吉沙县"", ""保护单位"": ""英吉沙县文化馆""}]"
蒙古族马具制作技艺,传统技艺,"[{""公布时间"": ""2008(第二批)"", ""申报地区或单位"": ""内蒙古自治区科尔沁左翼后旗"", ""保护单位"": ""科尔沁左翼后旗文化馆""}]"
民族乐器制作技艺（长子响铜乐器制作技艺）,传统技艺,"[{""公布时间"": ""2008(第二批)"", ""申报地区或单位"": ""山西省长子县"", ""保护单位"": ""长子县西南呈玖兴炉响铜乐器厂""}]"
民族乐器制作技艺（朝鲜族民族乐器制作技艺）,传统技艺,"[{""公布时间"": ""2008(第二批)"", ""申报地区或单位"": ""吉林省延边朝鲜族自治州"", ""保护单位"": ""延吉市民族乐器研究所""}]"
民族乐器制作技艺（苏州民族乐器制作技艺）,传统技艺,"[{""公布时间"": ""2008(第二批)"", ""申报地区或单位"": ""江苏省苏州市"", ""保护单位"": ""苏州民族乐器一厂有限公司""}]"
民族乐器制作技艺（漳州蔡福美传统制鼓技艺）,传统技艺,"[{""公布时间"": ""2008(第二批)"", ""申报地区或单位"": ""福建省漳州市"", ""保护单位"": ""漳州市蔡福美工艺品有限公司""}]"
民族乐器制作技艺（维吾尔族乐器制作技艺）,传统技艺,"[{""公布时间"": ""2008(第二批)"", ""申报地区或单位"": ""新疆维吾尔自治区疏附县"", ""保护单位"": ""疏附县文化馆""}, {""公布时间"": ""2008(第二批)"", ""申报地区或单位"": ""新疆维吾尔自治区新和县"", ""保护单位"": ""新和县文化馆（文工团）""}]"
民族乐器制作技艺（宏音斋笙管制作技艺）,传统技艺,"[{""公布时间"": ""2011(第三批)"", ""申报地区或单位"": ""北京市海淀区"", ""保护单位"": ""北京宏音斋民族文化发展中心""}]"
民族乐器制作技艺（蒙古族拉弦乐器制作技艺）,传统技艺,"[{""公布时间"": ""2011(第三批)"", ""申报地区或单位"": ""内蒙古自治区科尔沁右翼中旗"", ""保护单位"": ""科尔沁右翼中旗文化馆""}]"
民族乐器制作技艺（马头琴制作技艺）,传统技艺,"[{""公布时间"": ""2011(第三批)"", ""申报地区或单位"": ""吉林省前郭尔罗斯蒙古族自治县"", ""保护单位"": ""前郭尔罗斯蒙古族自治县文化工作总站（前郭县非物质文化遗产保护中心）""}]"
民族乐器制作技艺（上海民族乐器制作技艺）,传统技艺,"[{""公布时间"": ""2011(第三批)"", ""申报地区或单位"": ""上海市闵行区"", ""保护单位"": ""上海民族乐器一厂有限公司""}]"
民族乐器制作技艺（苗族芦笙制作技艺）,传统技艺,"[{""公布时间"": ""2011(第三批)"", ""申报地区或单位"": ""贵州省凯里市"", ""保护单位"": ""凯里市非物质文化遗产保护中心""}]"
民族乐器制作技艺（傣族象脚鼓制作技艺）,传统技艺,"[{""公布时间"": ""2011(第三批)"", ""申报地区或单位"": ""云南省临沧市临翔区"", ""保护单位"": ""临沧市临翔区文化馆""}]"
民族乐器制作技艺（扎念琴制作技艺）,传统技艺,"[{""公布时间"": ""2014(第四批)"", ""申报地区或单位"": ""西藏自治区拉孜县"", ""保护单位"": ""拉孜县文化和旅游局（拉孜县文物局）""}]"
民族乐器制作技艺（京胡制作技艺）,传统技艺,"[{""公布时间"": ""2021(第五批)"", ""申报地区或单位"": ""北京市西城区"", ""保护单位"": ""北京市西城区非物质文化遗产保护中心""}]"
民族乐器制作技艺（坛下乡铜锣传统制作技艺）,传统技艺,"[{""公布时间"": ""2021(第五批)"", ""申报地区或单位"": ""湖南省衡阳市耒阳市"", ""保护单位"": ""耒阳市坛下冬元锣鼓厂""}]"
花丝镶嵌制作技艺,传统技艺,"[{""公布时间"": ""2008(第二批)"", ""申报地区或单位"": ""北京市通州区"", ""保护单位"": ""北京东方艺珍花丝镶嵌厂""}, {""公布时间"": ""2008(第二批)"", ""申报地区或单位"": ""河北省大厂回族自治县"", ""保护单位"": ""大厂回族自治县良盛达花丝镶嵌特艺有限公司""}]"
金漆镶嵌髹饰技艺,传统技艺,"[{""公布时间"": ""2008(第二批)"", ""申报地区或单位"": ""北京市"", ""保护单位"": ""北京金漆镶嵌有限责任公司""}]"
漆器髹饰技艺（徽州漆器髹饰技艺）,传统技艺,"[{""公布时间"": ""2008(第二批)"", ""申报地区或单位"": ""安徽省黄山市屯溪区"", ""保护单位"": ""黄山市徽漆工艺有限公司""}]"
漆器髹饰技艺（重庆漆器髹饰技艺）,传统技艺,"[{""公布时间"": ""2008(第二批)"", ""申报地区或单位"": ""重庆市"", ""保护单位"": ""重庆市文化研究院（重庆市非物质文化遗产保护中心、重庆市文化行业特有工种职业技能鉴定站）""}]"
漆器髹饰技艺（绛州剔犀技艺）,传统技艺,"[{""公布时间"": ""2011(第三批)"", ""申报地区或单位"": ""山西省新绛县"", ""保护单位"": ""新绛县绛州漆器研究所""}]"
漆器髹饰技艺（鄱阳脱胎漆器髹饰技艺）,传统技艺,"[{""公布时间"": ""2011(第三批)"", ""申报地区或单位"": ""江西省鄱阳县"", ""保护单位"": ""鄱阳县文化馆""}]"
漆器髹饰技艺（潍坊嵌银髹漆技艺）,传统技艺,"[{""公布时间"": ""2011(第三批)"", ""申报地区或单位"": ""山东省潍坊市"", ""保护单位"": ""齐鲁文化（潍坊）生态保护区服务中心（潍坊市文化馆、潍坊市文化遗产保护中心）""}]"
漆器髹饰技艺（楚式漆器髹饰技艺）,传统技艺,"[{""公布时间"": ""2011(第三批)"", ""申报地区或单位"": ""湖北省荆州市"", ""保护单位"": ""荆州市群众艺术馆（荆州市艺术研究所）""}]"
漆器髹饰技艺（阳江漆器髹饰技艺）,传统技艺,"[{""公布时间"": ""2011(第三批)"", ""申报地区或单位"": ""广东省阳江市"", ""保护单位"": ""阳江漆艺院有限公司""}]"
漆器髹饰技艺（稷山螺钿漆器髹饰技艺）,传统技艺,"[{""公布时间"": ""2014(第四批)"", ""申报地区或单位"": ""山西省稷山县"", ""保护单位"": ""稷山螺钿漆器研究中心""}]"
彝族漆器髹饰技艺,传统技艺,"[{""公布时间"": ""2008(第二批)"", ""申报地区或单位"": ""四川省喜德县"", ""保护单位"": ""凉山彝族自治州民政民族工艺厂""}, {""公布时间"": ""2008(第二批)"", ""申报地区或单位"": ""贵州省大方县"", ""保护单位"": ""大方县文化遗产保护中心""}]"
纸笺加工技艺,传统技艺,"[{""公布时间"": ""2008(第二批)"", ""申报地区或单位"": ""安徽省巢湖市"", ""保护单位"": ""安徽省掇英轩书画用品有限公司""}]"
宣笔制作技艺,传统技艺,"[{""公布时间"": ""2008(第二批)"", ""申报地区或单位"": ""安徽省宣城市"", ""保护单位"": ""宣城市书画院""}]"
楮皮纸制作技艺,传统技艺,"[{""公布时间"": ""2008(第二批)"", ""申报地区或单位"": ""陕西省西安市长安区"", ""保护单位"": ""西安市长安区文化馆""}]"
白沙茅龙笔制作技艺,传统技艺,"[{""公布时间"": ""2008(第二批)"", ""申报地区或单位"": ""广东省江门市"", ""保护单位"": ""江门市文化馆（江门市非物质文化遗产保护中心、江门市艺术研究室）""}]"
砚台制作技艺（易水砚制作技艺）,传统技艺,"[{""公布时间"": ""2008(第二批)"", ""申报地区或单位"": ""河北省易县"", ""保护单位"": ""河北易水砚有限公司""}]"
砚台制作技艺（澄泥砚制作技艺）,传统技艺,"[{""公布时间"": ""2008(第二批)"", ""申报地区或单位"": ""山西省新绛县"", ""保护单位"": ""新绛县绛州澄泥砚研究中心""}]"
砚台制作技艺（洮砚制作技艺）,传统技艺,"[{""公布时间"": ""2008(第二批)"", ""申报地区或单位"": ""甘肃省卓尼县"", ""保护单位"": ""卓尼县洮砚开发协会""}, {""公布时间"": ""2008(第二批)"", ""申报地区或单位"": ""甘肃省岷县"", ""保护单位"": ""岷县文化馆""}]"
砚台制作技艺（贺兰砚制作技艺）,传统技艺,"[{""公布时间"": ""2011(第三批)"", ""申报地区或单位"": ""宁夏回族自治区银川市"", ""保护单位"": ""银川市文化艺术馆（银川市群众艺术馆）""}]"
砚台制作技艺（松花石砚制作技艺）,传统技艺,"[{""公布时间"": ""2014(第四批)"", ""申报地区或单位"": ""辽宁省本溪市"", ""保护单位"": ""本溪市文化事业发展服务中心""}]"
砚台制作技艺（潭柘紫石砚雕刻技艺）,传统技艺,"[{""公布时间"": ""2021(第五批)"", ""申报地区或单位"": ""北京市门头沟区"", ""保护单位"": ""北京潭柘紫石砚有限公司""}]"
砚台制作技艺（修水贡砚制作技艺）,传统技艺,"[{""公布时间"": ""2021(第五批)"", ""申报地区或单位"": ""江西省九江市修水县"", ""保护单位"": ""修水县品升砚台有限公司""}]"
砚台制作技艺（石城砚制作技艺）,传统技艺,"[{""公布时间"": ""2021(第五批)"", ""申报地区或单位"": ""江西省赣州市石城县"", ""保护单位"": ""江西省石城县文化馆""}]"
砚台制作技艺（思州石砚制作技艺）,传统技艺,"[{""公布时间"": ""2021(第五批)"", ""申报地区或单位"": ""贵州省黔东南苗族侗族自治州岑巩县"", ""保护单位"": ""岑巩县非物质文化遗产保护中心""}]"
印泥制作技艺（上海鲁庵印泥）,传统技艺,"[{""公布时间"": ""2008(第二批)"", ""申报地区或单位"": ""上海市静安区"", ""保护单位"": ""上海市静安区文物史料馆（中国劳动组合书记部旧址陈列馆）""}]"
印泥制作技艺（漳州八宝印泥）,传统技艺,"[{""公布时间"": ""2008(第二批)"", ""申报地区或单位"": ""福建省漳州市"", ""保护单位"": ""漳州市八宝印泥厂""}]"
木活字印刷技术,传统技艺,"[{""公布时间"": ""2008(第二批)"", ""申报地区或单位"": ""浙江省瑞安市"", ""保护单位"": ""瑞安市活字印刷协会""}]"
装裱修复技艺（古字画装裱修复技艺）,传统技艺,"[{""公布时间"": ""2008(第二批)"", ""申报地区或单位"": ""北京市荣宝斋"", ""保护单位"": ""荣宝斋""}, {""公布时间"": ""2008(第二批)"", ""申报地区或单位"": ""故宫博物院"", ""保护单位"": ""故宫博物院""}]"
装裱修复技艺（古籍修复技艺）,传统技艺,"[{""公布时间"": ""2008(第二批)"", ""申报地区或单位"": ""国家图书馆"", ""保护单位"": ""国家图书馆""}, {""公布时间"": ""2008(第二批)"", ""申报地区或单位"": ""中国书店"", ""保护单位"": ""中国书店有限责任公司""}]"
装裱修复技艺（苏州书画装裱修复技艺）,传统技艺,"[{""公布时间"": ""2011(第三批)"", ""申报地区或单位"": ""江苏省苏州市"", ""保护单位"": ""苏州博物馆（苏州民俗博物馆、苏州工艺美术博物馆）""}]"
装裱修复技艺（天津古籍修复技艺）,传统技艺,"[{""公布时间"": ""2021(第五批)"", ""申报地区或单位"": ""天津市"", ""保护单位"": ""天津图书馆（天津市少年儿童图书馆、天津市古籍保护中心）""}]"
装裱修复技艺（天一阁古籍修复技艺）,传统技艺,"[{""公布时间"": ""2021(第五批)"", ""申报地区或单位"": ""浙江省宁波市"", ""保护单位"": ""宁波市天一阁博物院（宁波市保国寺古建筑博物馆）""}]"
传统木船制造技艺,传统技艺,"[{""公布时间"": ""2008(第二批)"", ""申报地区或单位"": ""江苏省兴化市"", ""保护单位"": ""兴化市竹泓木船文化产业有限公司""}, {""公布时间"": ""2008(第二批)"", ""申报地区或单位"": ""浙江省舟山市普陀区"", ""保护单位"": ""浙江岑家木船文化发展有限公司""}]"
水密隔舱福船制造技艺,传统技艺,"[{""公布时间"": ""2008(第二批)"", ""申报地区或单位"": ""福建省晋江市"", ""保护单位"": ""晋江市文化馆""}, {""公布时间"": ""2008(第二批)"", ""申报地区或单位"": ""福建省宁德市蕉城区"", ""保护单位"": ""宁德市蕉城区水密隔舱福船研究会""}, {""公布时间"": ""2014(第四批)"", ""申报地区或单位"": ""福建省泉州市泉港区"", ""保护单位"": ""泉州市泉港区文化馆""}]"
龙舟制作技艺,传统技艺,"[{""公布时间"": ""2008(第二批)"", ""申报地区或单位"": ""广东省东莞市"", ""保护单位"": ""东莞市中堂镇文化服务中心（东莞市中堂镇体育管理服务中心）""}]"
伞制作技艺（西湖绸伞）,传统技艺,"[{""公布时间"": ""2008(第二批)"", ""申报地区或单位"": ""浙江省杭州市"", ""保护单位"": ""杭州宋记绸伞有限公司""}]"
伞制作技艺（油纸伞制作技艺）,传统技艺,"[{""公布时间"": ""2008(第二批)"", ""申报地区或单位"": ""四川省泸州市江阳区"", ""保护单位"": ""泸州市江阳区分水伞厂""}]"
伞制作技艺（甲路纸伞制作技艺）,传统技艺,"[{""公布时间"": ""2021(第五批)"", ""申报地区或单位"": ""江西省上饶市婺源县"", ""保护单位"": ""婺源县文化馆""}]"
藏香制作技艺,传统技艺,"[{""公布时间"": ""2008(第二批)"", ""申报地区或单位"": ""西藏自治区尼木县"", ""保护单位"": ""尼木县文化和旅游局（尼木县文物局）""}, {""公布时间"": ""2008(第二批)"", ""申报地区或单位"": ""西藏自治区墨竹工卡县"", ""保护单位"": ""西藏拉萨市墨竹工卡县直孔替寺管理委员会""}]"
藏香制作技艺（敏珠林寺藏香制作技艺）,传统技艺,"[{""公布时间"": ""2021(第五批)"", ""申报地区或单位"": ""西藏自治区山南市"", ""保护单位"": ""西藏扎囊县文化局（西藏扎囊县文物局）""}]"
贝叶经制作技艺,传统技艺,"[{""公布时间"": ""2008(第二批)"", ""申报地区或单位"": ""云南省西双版纳傣族自治州"", ""保护单位"": ""西双版纳傣族自治州文化馆""}]"
土碱烧制技艺,传统技艺,"[{""公布时间"": ""2008(第二批)"", ""申报地区或单位"": ""新疆生产建设兵团"", ""保护单位"": ""新疆生产建设兵团第六师五家渠市文化体育广电和旅游局""}]"
蒸馏酒传统酿造技艺（北京二锅头酒传统酿造技艺）,传统技艺,"[{""公布时间"": ""2008(第二批)"", ""申报地区或单位"": ""北京红星股份有限公司"", ""保护单位"": ""北京红星股份有限公司""}, {""公布时间"": ""2008(第二批)"", ""申报地区或单位"": ""北京顺鑫农业股份有限公司"", ""保护单位"": ""北京顺鑫农业股份有限公司牛栏山酒厂""}]"
蒸馏酒传统酿造技艺（衡水老白干传统酿造技艺）,传统技艺,"[{""公布时间"": ""2008(第二批)"", ""申报地区或单位"": ""河北省衡水市"", ""保护单位"": ""河北衡水老白干酒业股份有限公司""}]"
蒸馏酒传统酿造技艺（山庄老酒传统酿造技艺）,传统技艺,"[{""公布时间"": ""2008(第二批)"", ""申报地区或单位"": ""河北省平泉县"", ""保护单位"": ""承德避暑山庄企业集团股份有限公司""}]"
蒸馏酒传统酿造技艺（板城烧锅酒传统五甑酿造技艺）,传统技艺,"[{""公布时间"": ""2008(第二批)"", ""申报地区或单位"": ""河北省承德县"", ""保护单位"": ""承德乾隆醉酒业有限责任公司""}]"
蒸馏酒传统酿造技艺（梨花春白酒传统酿造技艺）,传统技艺,"[{""公布时间"": ""2008(第二批)"", ""申报地区或单位"": ""山西省朔州市"", ""保护单位"": ""山西梨花春酿酒集团有限公司""}]"
蒸馏酒传统酿造技艺（老龙口白酒传统酿造技艺）,传统技艺,"[{""公布时间"": ""2008(第二批)"", ""申报地区或单位"": ""辽宁省沈阳市"", ""保护单位"": ""沈阳天江老龙口酿造有限公司""}]"
蒸馏酒传统酿造技艺（大泉源酒传统酿造技艺）,传统技艺,"[{""公布时间"": ""2008(第二批)"", ""申报地区或单位"": ""吉林省通化县"", ""保护单位"": ""吉林省大泉源酒业有限公司""}]"
蒸馏酒传统酿造技艺（宝丰酒传统酿造技艺）,传统技艺,"[{""公布时间"": ""2008(第二批)"", ""申报地区或单位"": ""河南省宝丰县"", ""保护单位"": ""宝丰酒业有限公司""}]"
蒸馏酒传统酿造技艺（五粮液酒传统酿造技艺）,传统技艺,"[{""公布时间"": ""2008(第二批)"", ""申报地区或单位"": ""四川省宜宾市"", ""保护单位"": ""四川省宜宾五粮液集团有限公司""}]"
蒸馏酒传统酿造技艺（水井坊酒传统酿造技艺）,传统技艺,"[{""公布时间"": ""2008(第二批)"", ""申报地区或单位"": ""四川省成都市"", ""保护单位"": ""水井坊股份有限公司""}]"
蒸馏酒传统酿造技艺（剑南春酒传统酿造技艺）,传统技艺,"[{""公布时间"": ""2008(第二批)"", ""申报地区或单位"": ""四川省绵竹市"", ""保护单位"": ""四川剑南春集团有限责任公司""}]"
蒸馏酒传统酿造技艺（古蔺郎酒传统酿造技艺）,传统技艺,"[{""公布时间"": ""2008(第二批)"", ""申报地区或单位"": ""四川省古蔺县"", ""保护单位"": ""四川省古蔺郎酒厂有限公司""}]"
蒸馏酒传统酿造技艺（沱牌曲酒传统酿造技艺）,传统技艺,"[{""公布时间"": ""2008(第二批)"", ""申报地区或单位"": ""四川省射洪县"", ""保护单位"": ""舍得酒业股份有限公司""}]"
蒸馏酒传统酿造技艺（洋河酒酿造技艺）,传统技艺,"[{""公布时间"": ""2021(第五批)"", ""申报地区或单位"": ""江苏省宿迁市"", ""保护单位"": ""江苏洋河酒厂股份有限公司""}]"
蒸馏酒传统酿造技艺（古井贡酒酿造技艺）,传统技艺,"[{""公布时间"": ""2021(第五批)"", ""申报地区或单位"": ""安徽省亳州市"", ""保护单位"": ""安徽古井集团有限责任公司""}]"
蒸馏酒传统酿造技艺（景芝酒传统酿造技艺）,传统技艺,"[{""公布时间"": ""2021(第五批)"", ""申报地区或单位"": ""山东省潍坊市安丘市"", ""保护单位"": ""山东景芝白酒有限公司""}]"
蒸馏酒传统酿造技艺（董酒酿制技艺）,传统技艺,"[{""公布时间"": ""2021(第五批)"", ""申报地区或单位"": ""贵州省遵义市汇川区"", ""保护单位"": ""贵州董酒股份有限公司""}]"
蒸馏酒传统酿造技艺（西凤酒酿造技艺）,传统技艺,"[{""公布时间"": ""2021(第五批)"", ""申报地区或单位"": ""陕西省宝鸡市凤翔区"", ""保护单位"": ""陕西西凤酒股份有限公司""}]"
蒸馏酒传统酿造技艺（青海青稞酒传统酿造技艺）,传统技艺,"[{""公布时间"": ""2021(第五批)"", ""申报地区或单位"": ""青海省海东市互助土族自治县"", ""保护单位"": ""青海互助青稞酒股份有限公司""}]"
酿造酒传统酿造技艺（封缸酒传统酿造技艺）,传统技艺,"[{""公布时间"": ""2008(第二批)"", ""申报地区或单位"": ""江苏省金坛市"", ""保护单位"": ""常州市金坛区非物质文化遗产保护中心（常州市金坛区书画院）""}, {""公布时间"": ""2008(第二批)"", ""申报地区或单位"": ""江苏省丹阳市"", ""保护单位"": ""江苏省丹阳酒厂有限公司""}]"
酿造酒传统酿造技艺（金华酒传统酿造技艺）,传统技艺,"[{""公布时间"": ""2008(第二批)"", ""申报地区或单位"": ""浙江省金华市"", ""保护单位"": ""金华酒行业协会""}]"
酿造酒传统酿造技艺（刘伶醉酒酿造技艺）,传统技艺,"[{""公布时间"": ""2021(第五批)"", ""申报地区或单位"": ""河北省保定市徐水区"", ""保护单位"": ""刘伶醉酿酒股份有限公司""}]"
酿造酒传统酿造技艺（红粬黄酒酿造技艺）,传统技艺,"[{""公布时间"": ""2021(第五批)"", ""申报地区或单位"": ""福建省宁德市屏南县"", ""保护单位"": ""福建惠泽龙酒业股份有限公司""}]"
配制酒传统酿造技艺（菊花白酒传统酿造技艺）,传统技艺,"[{""公布时间"": ""2008(第二批)"", ""申报地区或单位"": ""北京仁和酒业有限责任公司"", ""保护单位"": ""北京仁和酒业有限责任公司""}]"
花茶制作技艺（张一元茉莉花茶制作技艺）,传统技艺,"[{""公布时间"": ""2008(第二批)"", ""申报地区或单位"": ""北京张一元茶叶有限责任公司"", ""保护单位"": ""北京张一元茶叶有限责任公司""}]"
花茶制作技艺（吴裕泰茉莉花茶制作技艺）,传统技艺,"[{""公布时间"": ""2011(第三批)"", ""申报地区或单位"": ""北京市东城区"", ""保护单位"": ""北京吴裕泰茶业股份有限公司""}]"
花茶制作技艺（福州茉莉花茶窨制工艺）,传统技艺,"[{""公布时间"": ""2014(第四批)"", ""申报地区或单位"": ""福建省福州市仓山区"", ""保护单位"": ""福州海峡茶业交流协会""}]"
绿茶制作技艺（西湖龙井）,传统技艺,"[{""公布时间"": ""2008(第二批)"", ""申报地区或单位"": ""浙江省杭州市"", ""保护单位"": ""杭州市西湖区龙井茶产业协会""}]"
绿茶制作技艺（婺州举岩）,传统技艺,"[{""公布时间"": ""2008(第二批)"", ""申报地区或单位"": ""浙江省金华市"", ""保护单位"": ""浙江采云间茶业有限公司""}]"
绿茶制作技艺（黄山毛峰）,传统技艺,"[{""公布时间"": ""2008(第二批)"", ""申报地区或单位"": ""安徽省黄山市徽州区"", ""保护单位"": ""谢裕大茶业股份有限公司""}]"
绿茶制作技艺（太平猴魁）,传统技艺,"[{""公布时间"": ""2008(第二批)"", ""申报地区或单位"": ""安徽省黄山市黄山区"", ""保护单位"": ""黄山区茶业协会""}]"
绿茶制作技艺（六安瓜片）,传统技艺,"[{""公布时间"": ""2008(第二批)"", ""申报地区或单位"": ""安徽省六安市裕安区"", ""保护单位"": ""六安市裕安区茶叶产业协会""}]"
绿茶制作技艺（碧螺春制作技艺）,传统技艺,"[{""公布时间"": ""2011(第三批)"", ""申报地区或单位"": ""江苏省苏州市吴中区"", ""保护单位"": ""苏州市吴中区洞庭山碧螺春茶业协会""}]"
绿茶制作技艺（紫笋茶制作技艺）,传统技艺,"[{""公布时间"": ""2011(第三批)"", ""申报地区或单位"": ""浙江省长兴县"", ""保护单位"": ""长兴县紫笋茶文化研究会""}]"
绿茶制作技艺（安吉白茶制作技艺）,传统技艺,"[{""公布时间"": ""2011(第三批)"", ""申报地区或单位"": ""浙江省安吉县"", ""保护单位"": ""安吉白茶小镇茶产业商会""}]"
绿茶制作技艺（赣南客家擂茶制作技艺）,传统技艺,"[{""公布时间"": ""2014(第四批)"", ""申报地区或单位"": ""江西省全南县"", ""保护单位"": ""全南县文化馆""}]"
绿茶制作技艺（婺源绿茶制作技艺）,传统技艺,"[{""公布时间"": ""2014(第四批)"", ""申报地区或单位"": ""江西省婺源县"", ""保护单位"": ""婺源县文化馆""}]"
绿茶制作技艺（信阳毛尖茶制作技艺）,传统技艺,"[{""公布时间"": ""2014(第四批)"", ""申报地区或单位"": ""河南省信阳市"", ""保护单位"": ""信阳市茶叶商会""}]"
绿茶制作技艺（恩施玉露制作技艺）,传统技艺,"[{""公布时间"": ""2014(第四批)"", ""申报地区或单位"": ""湖北省恩施市"", ""保护单位"": ""恩施玉露茶产业协会""}]"
绿茶制作技艺（都匀毛尖茶制作技艺）,传统技艺,"[{""公布时间"": ""2014(第四批)"", ""申报地区或单位"": ""贵州省都匀市"", ""保护单位"": ""都匀市文物保护研究中心""}]"
绿茶制作技艺（雨花茶制作技艺）,传统技艺,"[{""公布时间"": ""2021(第五批)"", ""申报地区或单位"": ""江苏省南京市"", ""保护单位"": ""南京盛峰茶业有限公司""}]"
绿茶制作技艺（蒙山茶传统制作技艺）,传统技艺,"[{""公布时间"": ""2021(第五批)"", ""申报地区或单位"": ""四川省雅安市"", ""保护单位"": ""雅安市名山区非物质文化遗产保护中心""}]"
红茶制作技艺（祁门红茶制作技艺）,传统技艺,"[{""公布时间"": ""2008(第二批)"", ""申报地区或单位"": ""安徽省祁门县"", ""保护单位"": ""祁门县祁门红茶协会""}]"
红茶制作技艺（滇红茶制作技艺）,传统技艺,"[{""公布时间"": ""2014(第四批)"", ""申报地区或单位"": ""云南省凤庆县"", ""保护单位"": ""云南滇红集团股份有限公司""}]"
红茶制作技艺（坦洋工夫茶制作技艺）,传统技艺,"[{""公布时间"": ""2021(第五批)"", ""申报地区或单位"": ""福建省宁德市福安市"", ""保护单位"": ""福安市茶业协会""}]"
红茶制作技艺（宁红茶制作技艺）,传统技艺,"[{""公布时间"": ""2021(第五批)"", ""申报地区或单位"": ""江西省九江市修水县"", ""保护单位"": ""江西省宁红有限责任公司""}]"
乌龙茶制作技艺（铁观音制作技艺）,传统技艺,"[{""公布时间"": ""2008(第二批)"", ""申报地区或单位"": ""福建省安溪县"", ""保护单位"": ""安溪县茶文化研究中心""}]"
乌龙茶制作技艺（漳平水仙茶制作技艺）,传统技艺,"[{""公布时间"": ""2021(第五批)"", ""申报地区或单位"": ""福建省龙岩市"", ""保护单位"": ""漳平市文化馆""}]"
普洱茶制作技艺（贡茶制作技艺）,传统技艺,"[{""公布时间"": ""2008(第二批)"", ""申报地区或单位"": ""云南省宁洱哈尼族彝族自治县"", ""保护单位"": ""宁洱哈尼族彝族自治县文化馆""}]"
普洱茶制作技艺（大益茶制作技艺）,传统技艺,"[{""公布时间"": ""2008(第二批)"", ""申报地区或单位"": ""云南省勐海县"", ""保护单位"": ""勐海茶厂（普通合伙）""}]"
黑茶制作技艺（千两茶制作技艺）,传统技艺,"[{""公布时间"": ""2008(第二批)"", ""申报地区或单位"": ""湖南省安化县"", ""保护单位"": ""安化县文化馆""}]"
黑茶制作技艺（茯砖茶制作技艺）,传统技艺,"[{""公布时间"": ""2008(第二批)"", ""申报地区或单位"": ""湖南省益阳市"", ""保护单位"": ""益阳茶厂有限公司""}]"
黑茶制作技艺（南路边茶制作技艺）,传统技艺,"[{""公布时间"": ""2008(第二批)"", ""申报地区或单位"": ""四川省雅安市"", ""保护单位"": ""雅安市非物质文化遗产和茶马古道研究保护中心""}]"
黑茶制作技艺（下关沱茶制作技艺）,传统技艺,"[{""公布时间"": ""2011(第三批)"", ""申报地区或单位"": ""云南省大理白族自治州"", ""保护单位"": ""云南下关沱茶（集团）股份有限公司""}]"
黑茶制作技艺（赵李桥砖茶制作技艺）,传统技艺,"[{""公布时间"": ""2014(第四批)"", ""申报地区或单位"": ""湖北省赤壁市"", ""保护单位"": ""湖北省赵李桥茶厂有限责任公司""}]"
黑茶制作技艺（六堡茶制作技艺）,传统技艺,"[{""公布时间"": ""2014(第四批)"", ""申报地区或单位"": ""广西壮族自治区苍梧县"", ""保护单位"": ""苍梧县文化馆""}]"
黑茶制作技艺（长盛川青砖茶制作技艺）,传统技艺,"[{""公布时间"": ""2021(第五批)"", ""申报地区或单位"": ""湖北省宜昌市伍家岗区"", ""保护单位"": ""鑫鼎生物科技有限公司""}]"
黑茶制作技艺（咸阳茯茶制作技艺）,传统技艺,"[{""公布时间"": ""2021(第五批)"", ""申报地区或单位"": ""陕西省咸阳市"", ""保护单位"": ""咸阳市群众艺术馆""}]"
晒盐技艺（海盐晒制技艺）,传统技艺,"[{""公布时间"": ""2008(第二批)"", ""申报地区或单位"": ""浙江省象山县"", ""保护单位"": ""宁波信丰泰盐业科技有限公司""}, {""公布时间"": ""2008(第二批)"", ""申报地区或单位"": ""海南省儋州市"", ""保护单位"": ""儋州市文化馆""}]"
晒盐技艺（井盐晒制技艺）,传统技艺,"[{""公布时间"": ""2008(第二批)"", ""申报地区或单位"": ""西藏自治区芒康县"", ""保护单位"": ""西藏自治区昌都市芒康县文化局""}]"
晒盐技艺（淮盐制作技艺）,传统技艺,"[{""公布时间"": ""2014(第四批)"", ""申报地区或单位"": ""江苏省连云港市"", ""保护单位"": ""连云港市工业投资集团有限公司""}]"
晒盐技艺（卤水制盐技艺）,传统技艺,"[{""公布时间"": ""2014(第四批)"", ""申报地区或单位"": ""山东省寿光市"", ""保护单位"": ""山东夙沙生态发展有限公司""}]"
晒盐技艺（运城河东制盐技艺）,传统技艺,"[{""公布时间"": ""2021(第五批)"", ""申报地区或单位"": ""山西省运城市"", ""保护单位"": ""山西焦煤运城盐化集团有限责任公司""}]"
酱油酿造技艺（钱万隆酱油酿造技艺）,传统技艺,"[{""公布时间"": ""2008(第二批)"", ""申报地区或单位"": ""上海市浦东新区"", ""保护单位"": ""上海钱万隆酿造厂""}]"
酱油酿造技艺（先市酱油酿造技艺）,传统技艺,"[{""公布时间"": ""2014(第四批)"", ""申报地区或单位"": ""四川省合江县"", ""保护单位"": ""合江县先市酿造食品有限公司""}]"
豆瓣传统制作技艺（郫县豆瓣传统制作技艺）,传统技艺,"[{""公布时间"": ""2008(第二批)"", ""申报地区或单位"": ""四川省郫县"", ""保护单位"": ""成都市郫都区食品工业协会""}]"
豆豉酿制技艺（永川豆豉酿制技艺）,传统技艺,"[{""公布时间"": ""2008(第二批)"", ""申报地区或单位"": ""重庆市"", ""保护单位"": ""重庆市永川豆豉食品有限公司""}]"
豆豉酿制技艺（潼川豆豉酿制技艺）,传统技艺,"[{""公布时间"": ""2008(第二批)"", ""申报地区或单位"": ""四川省三台县"", ""保护单位"": ""潼川农产品开发有限责任公司""}]"
腐乳酿造技艺（王致和腐乳酿造技艺）,传统技艺,"[{""公布时间"": ""2008(第二批)"", ""申报地区或单位"": ""北京市海淀区"", ""保护单位"": ""北京王致和食品有限公司""}]"
酱菜制作技艺（六必居酱菜制作技艺）,传统技艺,"[{""公布时间"": ""2008(第二批)"", ""申报地区或单位"": ""北京六必居食品有限公司"", ""保护单位"": ""北京六必居食品有限公司""}]"
榨菜传统制作技艺（涪陵榨菜传统制作技艺）,传统技艺,"[{""公布时间"": ""2008(第二批)"", ""申报地区或单位"": ""重庆市涪陵区"", ""保护单位"": ""重庆市涪陵辣妹子集团有限公司""}]"
传统面食制作技艺（龙须拉面和刀削面制作技艺）,传统技艺,"[{""公布时间"": ""2008(第二批)"", ""申报地区或单位"": ""山西省全晋会馆"", ""保护单位"": ""山西全晋饮食文化有限公司""}]"
传统面食制作技艺（抿尖面和猫耳朵制作技艺）,传统技艺,"[{""公布时间"": ""2008(第二批)"", ""申报地区或单位"": ""山西省晋韵楼"", ""保护单位"": ""太原清徐人家晋韵楼餐饮文化发展有限公司""}]"
传统面食制作技艺（天津“狗不理”包子制作技艺）,传统技艺,"[{""公布时间"": ""2011(第三批)"", ""申报地区或单位"": ""天津市和平区"", ""保护单位"": ""狗不理集团股份有限公司""}]"
传统面食制作技艺（稷山传统面点制作技艺）,传统技艺,"[{""公布时间"": ""2011(第三批)"", ""申报地区或单位"": ""山西省稷山县"", ""保护单位"": ""稷山赵氏四味坊传统面点传习中心""}]"
传统面食制作技艺（桂发祥十八街麻花制作技艺）,传统技艺,"[{""公布时间"": ""2014(第四批)"", ""申报地区或单位"": ""天津市河西区"", ""保护单位"": ""天津桂发祥十八街麻花食品股份有限公司""}]"
传统面食制作技艺（南翔小笼馒头制作技艺）,传统技艺,"[{""公布时间"": ""2014(第四批)"", ""申报地区或单位"": ""上海市嘉定区"", ""保护单位"": ""上海南翔老街建设发展有限公司""}]"
传统面食制作技艺（太谷饼制作技艺）,传统技艺,"[{""公布时间"": ""2021(第五批)"", ""申报地区或单位"": ""山西省晋中市太谷区"", ""保护单位"": ""山西鑫炳记食业股份有限公司""}]"
传统面食制作技艺（李连贵熏肉大饼制作技艺）,传统技艺,"[{""公布时间"": ""2021(第五批)"", ""申报地区或单位"": ""吉林省四平市"", ""保护单位"": ""四平李连贵饮食服务股份有限公司""}]"
传统面食制作技艺（邵永丰麻饼制作技艺）,传统技艺,"[{""公布时间"": ""2021(第五批)"", ""申报地区或单位"": ""浙江省衢州市柯城区"", ""保护单位"": ""浙江邵永丰成正食品有限公司""}]"
传统面食制作技艺（缙云烧饼制作技艺）,传统技艺,"[{""公布时间"": ""2021(第五批)"", ""申报地区或单位"": ""浙江省丽水市缙云县"", ""保护单位"": ""缙云县缙云烧饼协会""}]"
传统面食制作技艺（老孙家羊肉泡馍制作技艺）,传统技艺,"[{""公布时间"": ""2021(第五批)"", ""申报地区或单位"": ""陕西省"", ""保护单位"": ""西安饮食股份有限公司老孙家饭庄""}]"
传统面食制作技艺（西安贾三灌汤包子制作技艺）,传统技艺,"[{""公布时间"": ""2021(第五批)"", ""申报地区或单位"": ""陕西省"", ""保护单位"": ""西安贾三清真灌汤包子馆""}]"
传统面食制作技艺（兰州牛肉面制作技艺）,传统技艺,"[{""公布时间"": ""2021(第五批)"", ""申报地区或单位"": ""甘肃省兰州市"", ""保护单位"": ""兰州市文化馆""}]"
传统面食制作技艺（中宁蒿子面制作技艺）,传统技艺,"[{""公布时间"": ""2021(第五批)"", ""申报地区或单位"": ""宁夏回族自治区中卫市中宁县"", ""保护单位"": ""中宁县文化馆""}]"
传统面食制作技艺（馕制作技艺）,传统技艺,"[{""公布时间"": ""2021(第五批)"", ""申报地区或单位"": ""新疆维吾尔自治区"", ""保护单位"": ""新疆维吾尔自治区艺术研究所（新疆维吾尔自治区非物质文化遗产保护研究中心）""}]"
传统面食制作技艺（塔塔尔族传统糕点制作技艺）,传统技艺,"[{""公布时间"": ""2021(第五批)"", ""申报地区或单位"": ""新疆维吾尔自治区塔城地区塔城市"", ""保护单位"": ""伊犁哈萨克自治州塔城地区塔塔尔族文化协会""}]"
茶点制作技艺（富春茶点制作技艺）,传统技艺,"[{""公布时间"": ""2008(第二批)"", ""申报地区或单位"": ""江苏省扬州市"", ""保护单位"": ""扬州富春饮服集团有限公司富春茶社""}]"
周村烧饼制作技艺,传统技艺,"[{""公布时间"": ""2008(第二批)"", ""申报地区或单位"": ""山东省淄博市"", ""保护单位"": ""山东周村烧饼有限公司""}]"
月饼传统制作技艺（郭杜林晋式月饼制作技艺）,传统技艺,"[{""公布时间"": ""2008(第二批)"", ""申报地区或单位"": ""山西省太原市"", ""保护单位"": ""太原双合成食品有限公司""}]"
月饼传统制作技艺（安琪广式月饼制作技艺）,传统技艺,"[{""公布时间"": ""2008(第二批)"", ""申报地区或单位"": ""广东省安琪食品有限公司"", ""保护单位"": "" 深圳安琪食品有限公司""}]"
素食制作技艺（功德林素食制作技艺）,传统技艺,"[{""公布时间"": ""2008(第二批)"", ""申报地区或单位"": ""上海功德林素食有限公司"", ""保护单位"": ""上海功德林素食有限公司""}]"
素食制作技艺（绿柳居素食烹制技艺）,传统技艺,"[{""公布时间"": ""2021(第五批)"", ""申报地区或单位"": ""江苏省南京市"", ""保护单位"": ""南京金都饮食服务有限公司""}]"
同盛祥牛羊肉泡馍制作技艺,传统技艺,"[{""公布时间"": ""2008(第二批)"", ""申报地区或单位"": ""陕西省西安市"", ""保护单位"": ""西安饮食股份有限公司同盛祥饭庄""}]"
火腿制作技艺（金华火腿腌制技艺）,传统技艺,"[{""公布时间"": ""2008(第二批)"", ""申报地区或单位"": ""浙江省金华市"", ""保护单位"": ""金华火腿行业协会""}]"
火腿制作技艺（宣威火腿制作技艺）,传统技艺,"[{""公布时间"": ""2011(第三批)"", ""申报地区或单位"": ""云南省宣威县"", ""保护单位"": ""宣威市文化馆""}]"
烤鸭技艺（全聚德挂炉烤鸭技艺）,传统技艺,"[{""公布时间"": ""2008(第二批)"", ""申报地区或单位"": ""北京市全聚德（集团）股份有限公司"", ""保护单位"": ""中国全聚德（集团）股份有限公司""}]"
烤鸭技艺（便宜坊焖炉烤鸭技艺）,传统技艺,"[{""公布时间"": ""2008(第二批)"", ""申报地区或单位"": ""北京便宜坊烤鸭集团有限公司"", ""保护单位"": ""北京便宜坊烤鸭集团有限公司""}]"
牛羊肉烹制技艺（东来顺涮羊肉制作技艺）,传统技艺,"[{""公布时间"": ""2008(第二批)"", ""申报地区或单位"": ""北京市东来顺集团有限责任公司"", ""保护单位"": ""北京东来顺集团有限责任公司""}]"
牛羊肉烹制技艺（鸿宾楼全羊席制作技艺）,传统技艺,"[{""公布时间"": ""2008(第二批)"", ""申报地区或单位"": ""北京市鸿宾楼餐饮有限责任公司"", ""保护单位"": ""北京华天饮食控股集团有限公司""}]"
牛羊肉烹制技艺（月盛斋酱烧牛羊肉制作技艺）,传统技艺,"[{""公布时间"": ""2008(第二批)"", ""申报地区或单位"": ""北京月盛斋清真食品有限公司"", ""保护单位"": ""北京月盛斋清真食品有限公司""}]"
牛羊肉烹制技艺（北京烤肉制作技艺）,传统技艺,"[{""公布时间"": ""2008(第二批)"", ""申报地区或单位"": ""北京市聚德华天控股有限公司"", ""保护单位"": ""北京华天饮食控股集团有限公司""}]"
牛羊肉烹制技艺（冠云平遥牛肉传统加工技艺）,传统技艺,"[{""公布时间"": ""2008(第二批)"", ""申报地区或单位"": ""山西省冠云平遥牛肉集团有限公司"", ""保护单位"": ""山西省平遥牛肉集团有限公司""}]"
牛羊肉烹制技艺（烤全羊技艺）,传统技艺,"[{""公布时间"": ""2008(第二批)"", ""申报地区或单位"": ""内蒙古自治区阿拉善盟"", ""保护单位"": ""内蒙古阿拉善宾馆有限责任公司""}]"
牛羊肉烹制技艺（宁夏手抓羊肉制作技艺）,传统技艺,"[{""公布时间"": ""2021(第五批)"", ""申报地区或单位"": ""宁夏回族自治区吴忠市"", ""保护单位"": ""吴忠市文化馆""}]"
天福号酱肘子制作技艺,传统技艺,"[{""公布时间"": ""2008(第二批)"", ""申报地区或单位"": ""北京天福号食品有限公司"", ""保护单位"": ""北京天福号食品有限公司""}]"
酱肉制作技艺（亓氏酱香源肉食酱制技艺）,传统技艺,"[{""公布时间"": ""2014(第四批)"", ""申报地区或单位"": ""山东省莱芜市莱城区"", ""保护单位"": ""山东省亓氏酱香源食品有限公司""}]"
六味斋酱肉传统制作技艺,传统技艺,"[{""公布时间"": ""2008(第二批)"", ""申报地区或单位"": ""山西省太原六味斋实业有限公司"", ""保护单位"": ""太原六味斋实业有限公司""}]"
都一处烧麦制作技艺,传统技艺,"[{""公布时间"": ""2008(第二批)"", ""申报地区或单位"": ""北京便宜坊烤鸭集团有限公司"", ""保护单位"": ""北京便宜坊烤鸭集团有限公司""}]"
聚春园佛跳墙制作技艺,传统技艺,"[{""公布时间"": ""2008(第二批)"", ""申报地区或单位"": ""福建省福州市"", ""保护单位"": ""福州聚春园集团有限公司""}]"
真不同洛阳水席制作技艺,传统技艺,"[{""公布时间"": ""2008(第二批)"", ""申报地区或单位"": ""河南省洛阳市"", ""保护单位"": ""洛阳酒家有限责任公司""}]"
官式古建筑营造技艺（北京故宫）,传统技艺,"[{""公布时间"": ""2008(第二批)"", ""申报地区或单位"": ""故宫博物院"", ""保护单位"": ""故宫博物院""}]"
木拱桥传统营造技艺,传统技艺,"[{""公布时间"": ""2008(第二批)"", ""申报地区或单位"": ""浙江省庆元县"", ""保护单位"": ""庆元县文化馆""}, {""公布时间"": ""2008(第二批)"", ""申报地区或单位"": ""浙江省泰顺县"", ""保护单位"": ""泰顺县非物质文化遗产保护中心（泰顺县廊桥申遗和保护研究中心）""}, {""公布时间"": ""2008(第二批)"", ""申报地区或单位"": ""福建省寿宁县"", ""保护单位"": ""寿宁县文化馆""}, {""公布时间"": ""2008(第二批)"", ""申报地区或单位"": ""福建省屏南县"", ""保护单位"": ""屏南县木拱廊桥保护协会""}]"
石桥营造技艺,传统技艺,"[{""公布时间"": ""2008(第二批)"", ""申报地区或单位"": ""浙江省绍兴市"", ""保护单位"": ""绍兴市古桥学会""}]"
婺州传统民居营造技艺（诸葛村古村落营造技艺）,传统技艺,"[{""公布时间"": ""2008(第二批)"", ""申报地区或单位"": ""浙江省兰溪市"", ""保护单位"": ""兰溪市诸葛旅游发展有限公司""}]"
婺州传统民居营造技艺（俞源村古建筑群营造技艺）,传统技艺,"[{""公布时间"": ""2008(第二批)"", ""申报地区或单位"": ""浙江省武义县"", ""保护单位"": ""武义县文化馆（武义县非物质文化遗产保护馆）""}]"
婺州传统民居营造技艺（东阳卢宅营造技艺）,传统技艺,"[{""公布时间"": ""2008(第二批)"", ""申报地区或单位"": ""浙江省东阳市"", ""保护单位"": ""东阳市非物质文化遗产保护中心""}]"
婺州传统民居营造技艺（浦江郑义门营造技艺）,传统技艺,"[{""公布时间"": ""2008(第二批)"", ""申报地区或单位"": ""浙江省浦江县"", ""保护单位"": ""浦江县非物质文化遗产保护中心""}]"
徽派传统民居营造技艺,传统技艺,"[{""公布时间"": ""2008(第二批)"", ""申报地区或单位"": ""安徽省黄山市"", ""保护单位"": ""安徽省徽州古典园林建设有限公司""}]"
闽南传统民居营造技艺,传统技艺,"[{""公布时间"": ""2008(第二批)"", ""申报地区或单位"": ""福建省泉州市鲤城区"", ""保护单位"": ""泉州市鲤城区文化馆""}, {""公布时间"": ""2008(第二批)"", ""申报地区或单位"": ""福建省惠安县"", ""保护单位"": ""惠安县文化馆""}, {""公布时间"": ""2008(第二批)"", ""申报地区或单位"": ""福建省南安市"", ""保护单位"": ""南安市博物馆""}, {""公布时间"": ""2014(第四批)"", ""申报地区或单位"": ""福建省厦门市湖里区"", ""保护单位"": ""厦门市湖里区闽南传统建筑营造技艺传习中心""}]"
窑洞营造技艺,传统技艺,"[{""公布时间"": ""2008(第二批)"", ""申报地区或单位"": ""山西省平陆县"", ""保护单位"": ""平陆县文化馆""}, {""公布时间"": ""2008(第二批)"", ""申报地区或单位"": ""甘肃省庆阳市"", ""保护单位"": ""庆阳市西峰区文化馆""}]"
窑洞营造技艺（地坑院营造技艺）,传统技艺,"[{""公布时间"": ""2011(第三批)"", ""申报地区或单位"": ""河南省陕县"", ""保护单位"": ""三门峡市陕州区文化馆""}]"
窑洞营造技艺（陕北窑洞营造技艺）,传统技艺,"[{""公布时间"": ""2011(第三批)"", ""申报地区或单位"": ""陕西省延安市宝塔区"", ""保护单位"": ""延安市宝塔区文化馆""}]"
蒙古包营造技艺,传统技艺,"[{""公布时间"": ""2008(第二批)"", ""申报地区或单位"": ""内蒙古自治区文学艺术界联合会"", ""保护单位"": ""内蒙古自治区艺术研究院（内蒙古自治区非物质文化遗产保护中心）""}, {""公布时间"": ""2008(第二批)"", ""申报地区或单位"": ""内蒙古自治区西乌珠穆沁旗"", ""保护单位"": ""西乌珠穆沁旗文化旅游事业发展中心""}, {""公布时间"": ""2008(第二批)"", ""申报地区或单位"": ""内蒙古自治区陈巴尔虎旗"", ""保护单位"": ""陈巴尔虎旗文化馆""}, {""公布时间"": ""2021(第五批)"", ""申报地区或单位"": ""青海省黄南藏族自治州河南蒙古族自治县"", ""保护单位"": ""河南蒙古族自治县文化馆""}]"
黎族船型屋营造技艺,传统技艺,"[{""公布时间"": ""2008(第二批)"", ""申报地区或单位"": ""海南省东方市"", ""保护单位"": ""东方市文化馆""}]"
哈萨克族毡房营造技艺,传统技艺,"[{""公布时间"": ""2008(第二批)"", ""申报地区或单位"": ""新疆维吾尔自治区塔城地区"", ""保护单位"": ""伊犁哈萨克自治州塔城地区非物质文化遗产保护研究中心""}]"
俄罗斯族民居营造技艺,传统技艺,"[{""公布时间"": ""2008(第二批)"", ""申报地区或单位"": ""新疆维吾尔自治区塔城地区"", ""保护单位"": ""塔城市文化馆""}]"
撒拉族篱笆楼营造技艺,传统技艺,"[{""公布时间"": ""2008(第二批)"", ""申报地区或单位"": ""青海省循化撒拉族自治县"", ""保护单位"": ""循化撒拉族自治县文化馆""}]"
藏族碉楼营造技艺,传统技艺,"[{""公布时间"": ""2008(第二批)"", ""申报地区或单位"": ""四川省丹巴县"", ""保护单位"": ""丹巴县文化馆""}]"
碉楼营造技艺（羌族碉楼营造技艺）,传统技艺,"[{""公布时间"": ""2011(第三批)"", ""申报地区或单位"": ""四川省汶川县"", ""保护单位"": ""汶川县文化馆""}, {""公布时间"": ""2011(第三批)"", ""申报地区或单位"": ""四川省茂县"", ""保护单位"": ""茂县文化馆""}]"
碉楼营造技艺（藏族碉楼营造技艺）,传统技艺,"[{""公布时间"": ""2011(第三批)"", ""申报地区或单位"": ""青海省班玛县"", ""保护单位"": ""班玛县文化馆""}]"
越窑青瓷烧制技艺,传统技艺,"[{""公布时间"": ""2011(第三批)"", ""申报地区或单位"": ""浙江省上虞市"", ""保护单位"": ""绍兴上虞三雄陶瓷有限公司""}, {""公布时间"": ""2011(第三批)"", ""申报地区或单位"": ""浙江省杭州市"", ""保护单位"": ""杭州市西湖区贵山窑陶瓷艺术研究室""}, {""公布时间"": ""2011(第三批)"", ""申报地区或单位"": ""浙江省慈溪市"", ""保护单位"": ""慈溪市越窑青瓷有限公司""}]"
建窑建盏烧制技艺,传统技艺,"[{""公布时间"": ""2011(第三批)"", ""申报地区或单位"": ""福建省南平市"", ""保护单位"": ""福建南平市星辰天目陶瓷研究所""}]"
汝瓷烧制技艺,传统技艺,"[{""公布时间"": ""2011(第三批)"", ""申报地区或单位"": ""河南省汝州市"", ""保护单位"": ""汝州市非物质文化遗产保护中心""}, {""公布时间"": ""2011(第三批)"", ""申报地区或单位"": ""河南省宝丰县"", ""保护单位"": ""宝丰县人民文化馆""}]"
淄博陶瓷烧制技艺,传统技艺,"[{""公布时间"": ""2011(第三批)"", ""申报地区或单位"": ""山东省淄博市"", ""保护单位"": ""淄博泰山瓷业有限公司""}]"
长沙窑铜官陶瓷烧制技艺,传统技艺,"[{""公布时间"": ""2011(第三批)"", ""申报地区或单位"": ""湖南省长沙市望城区"", ""保护单位"": ""长沙市望城区铜官陶瓷行业协会""}]"
蓝夹缬技艺,传统技艺,"[{""公布时间"": ""2011(第三批)"", ""申报地区或单位"": ""浙江省温州市"", ""保护单位"": ""温州市非物质文化遗产保护中心""}]"
中式服装制作技艺（龙凤旗袍手工制作技艺）,传统技艺,"[{""公布时间"": ""2011(第三批)"", ""申报地区或单位"": ""上海市静安区"", ""保护单位"": ""上海龙凤中式服装有限公司""}]"
中式服装制作技艺（亨生奉帮裁缝技艺）,传统技艺,"[{""公布时间"": ""2011(第三批)"", ""申报地区或单位"": ""上海市静安区"", ""保护单位"": ""上海亨生西服有限公司""}]"
中式服装制作技艺（培罗蒙奉帮裁缝技艺）,传统技艺,"[{""公布时间"": ""2011(第三批)"", ""申报地区或单位"": ""上海市黄浦区"", ""保护单位"": ""上海培罗蒙西服有限公司""}]"
中式服装制作技艺（振兴祥中式服装制作技艺）,传统技艺,"[{""公布时间"": ""2011(第三批)"", ""申报地区或单位"": ""浙江省杭州市"", ""保护单位"": ""杭州利民中式服装股份有限公司""}]"
中式服装制作技艺（满族旗袍制作技艺）,传统技艺,"[{""公布时间"": ""2021(第五批)"", ""申报地区或单位"": ""吉林省吉林市"", ""保护单位"": ""吉林市艺术研究所（吉林市非物质文化遗产保护研究中心）""}]"
中式服装制作技艺（红帮裁缝技艺）,传统技艺,"[{""公布时间"": ""2021(第五批)"", ""申报地区或单位"": ""浙江省宁波市奉化区"", ""保护单位"": ""宁波市奉化区服装商会""}]"
中式服装制作技艺（香港中式长衫制作技艺）,传统技艺,"[{""公布时间"": ""2021(第五批)"", ""申报地区或单位"": ""香港特别行政区"", ""保护单位"": ""香港长衫协会""}]"
铅锡刻镂技艺,传统技艺,"[{""公布时间"": ""2011(第三批)"", ""申报地区或单位"": ""湖北省荆州市"", ""保护单位"": ""荆州市群众艺术馆（荆州市艺术研究所）""}]"
乌铜走银制作技艺,传统技艺,"[{""公布时间"": ""2011(第三批)"", ""申报地区或单位"": ""云南省石屏县"", ""保护单位"": ""石屏县文化馆""}]"
银铜器制作及鎏金技艺,传统技艺,"[{""公布时间"": ""2011(第三批)"", ""申报地区或单位"": ""青海省湟中县"", ""保护单位"": ""湟中县银铜器协会""}]"
银铜器制作及鎏金技艺（朔州传统鎏金技艺）,传统技艺,"[{""公布时间"": ""2021(第五批)"", ""申报地区或单位"": ""山西省朔州市朔城区"", ""保护单位"": ""朔州市朔城区鎏金工艺品经销部""}]"
银铜器制作及鎏金技艺（乌拉特铜银器制作技艺）,传统技艺,"[{""公布时间"": ""2021(第五批)"", ""申报地区或单位"": ""内蒙古自治区巴彦淖尔市乌拉特中旗"", ""保护单位"": ""乌拉特中旗文化馆""}]"
青铜器修复及复制技艺,传统技艺,"[{""公布时间"": ""2011(第三批)"", ""申报地区或单位"": ""故宫博物院"", ""保护单位"": ""故宫博物院""}]"
青铜器修复及复制技艺（上海青铜器修复技艺）,传统技艺,"[{""公布时间"": ""2021(第五批)"", ""申报地区或单位"": ""上海市"", ""保护单位"": ""上海博物馆""}]"
国画颜料制作技艺（姜思序堂国画颜料制作技艺）,传统技艺,"[{""公布时间"": ""2011(第三批)"", ""申报地区或单位"": ""江苏省苏州市"", ""保护单位"": ""苏州姜思序堂国画颜料有限公司""}]"
藏族矿植物颜料制作技艺,传统技艺,"[{""公布时间"": ""2011(第三批)"", ""申报地区或单位"": ""西藏自治区拉萨市"", ""保护单位"": ""拉萨市城关区古艺建筑美术公司""}]"
毛笔制作技艺（周虎臣毛笔制作技艺）,传统技艺,"[{""公布时间"": ""2011(第三批)"", ""申报地区或单位"": ""上海市黄浦区"", ""保护单位"": ""上海周虎臣曹素功笔墨有限公司""}]"
毛笔制作技艺（扬州毛笔制作技艺）,传统技艺,"[{""公布时间"": ""2011(第三批)"", ""申报地区或单位"": ""江苏省江都市"", ""保护单位"": ""扬州市江都区国画笔厂""}]"
毛笔制作技艺（徽笔制作技艺）,传统技艺,"[{""公布时间"": ""2014(第四批)"", ""申报地区或单位"": ""安徽省黄山市屯溪区"", ""保护单位"": ""黄山市徽笔工艺研究所""}]"
毛笔制作技艺（文港毛笔制作技艺）,传统技艺,"[{""公布时间"": ""2021(第五批)"", ""申报地区或单位"": ""江西省南昌市进贤县"", ""保护单位"": ""进贤县文港文房四宝协会""}]"
衡水法帖雕版拓印技艺,传统技艺,"[{""公布时间"": ""2011(第三批)"", ""申报地区或单位"": ""河北省衡水市桃城区"", ""保护单位"": ""衡水市桃城区法帖博物馆""}]"
古书画临摹复制技艺,传统技艺,"[{""公布时间"": ""2011(第三批)"", ""申报地区或单位"": ""故宫博物院"", ""保护单位"": ""故宫博物院""}]"
白茶制作技艺（福鼎白茶制作技艺）,传统技艺,"[{""公布时间"": ""2011(第三批)"", ""申报地区或单位"": ""福建省福鼎市"", ""保护单位"": ""福鼎市茶业协会""}]"
仿膳（清廷御膳）制作技艺,传统技艺,"[{""公布时间"": ""2011(第三批)"", ""申报地区或单位"": ""北京市西城区"", ""保护单位"": ""北京市仿膳饭庄有限责任公司""}]"
直隶官府菜烹饪技艺,传统技艺,"[{""公布时间"": ""2011(第三批)"", ""申报地区或单位"": ""河北省保定市"", ""保护单位"": ""保定直隶官府菜研究会""}]"
孔府菜烹饪技艺,传统技艺,"[{""公布时间"": ""2011(第三批)"", ""申报地区或单位"": ""山东省曲阜市"", ""保护单位"": ""曲阜市公共文化服务中心（曲阜市文化馆、曲阜市图书馆、曲阜市非物质文化遗产保护中心）""}]"
五芳斋粽子制作技艺,传统技艺,"[{""公布时间"": ""2011(第三批)"", ""申报地区或单位"": ""浙江省嘉兴市"", ""保护单位"": ""浙江五芳斋实业股份有限公司""}]"
北京四合院传统营造技艺,传统技艺,"[{""公布时间"": ""2011(第三批)"", ""申报地区或单位"": ""中国艺术研究院"", ""保护单位"": ""中国艺术研究院""}]"
雁门民居营造技艺,传统技艺,"[{""公布时间"": ""2011(第三批)"", ""申报地区或单位"": ""山西省忻州市"", ""保护单位"": ""山西杨氏古建筑工程有限公司""}]"
石库门里弄建筑营造技艺,传统技艺,"[{""公布时间"": ""2011(第三批)"", ""申报地区或单位"": ""上海市黄浦区"", ""保护单位"": ""上海美达建筑工程有限公司""}]"
土家族吊脚楼营造技艺,传统技艺,"[{""公布时间"": ""2011(第三批)"", ""申报地区或单位"": ""湖北省咸丰县"", ""保护单位"": ""咸丰县文化遗产保护中心""}, {""公布时间"": ""2011(第三批)"", ""申报地区或单位"": ""湖南省永顺县"", ""保护单位"": ""永顺县非物质文化遗产保护中心""}, {""公布时间"": ""2011(第三批)"", ""申报地区或单位"": ""重庆市石柱土家族自治县"", ""保护单位"": ""石柱土家族自治县文化生态保护管理中心""}]"
维吾尔族民居建筑技艺（阿依旺赛来民居营造技艺）,传统技艺,"[{""公布时间"": ""2011(第三批)"", ""申报地区或单位"": ""新疆维吾尔自治区和田地区"", ""保护单位"": ""和田地区文化馆""}]"
邢窑陶瓷烧制技艺,传统技艺,"[{""公布时间"": ""2014(第四批)"", ""申报地区或单位"": ""河北省邢台市"", ""保护单位"": ""邢台市邢瓷烧制技艺研究院""}]"
婺州窑陶瓷烧制技艺,传统技艺,"[{""公布时间"": ""2014(第四批)"", ""申报地区或单位"": ""浙江省金华市婺城区"", ""保护单位"": ""金华婺州窑陶瓷研究所""}]"
婺州窑陶瓷烧制技艺（婺州窑衢州白瓷烧制技艺）,传统技艺,"[{""公布时间"": ""2021(第五批)"", ""申报地区或单位"": ""浙江省衢州市柯城区"", ""保护单位"": ""衢州火神瓷业有限公司""}]"
吉州窑陶瓷烧制技艺,传统技艺,"[{""公布时间"": ""2014(第四批)"", ""申报地区或单位"": ""江西省吉安市"", ""保护单位"": ""吉安市吉州窑瓷烧制技艺研究院""}]"
登封窑陶瓷烧制技艺,传统技艺,"[{""公布时间"": ""2014(第四批)"", ""申报地区或单位"": ""河南省登封市"", ""保护单位"": ""登封窑瓷苑科技有限公司""}]"
当阳峪绞胎瓷烧制技艺,传统技艺,"[{""公布时间"": ""2014(第四批)"", ""申报地区或单位"": ""河南省焦作市"", ""保护单位"": ""焦作市文化馆（焦作市非物质文化遗产保护中心）""}]"
潮州彩瓷烧制技艺,传统技艺,"[{""公布时间"": ""2014(第四批)"", ""申报地区或单位"": ""广东省潮州市"", ""保护单位"": ""潮州市工艺美术研究院""}]"
陶瓷微书,传统技艺,"[{""公布时间"": ""2014(第四批)"", ""申报地区或单位"": ""广东省汕头市"", ""保护单位"": ""汕头市王芝文陶瓷微书艺术馆""}]"
古陶瓷修复技艺,传统技艺,"[{""公布时间"": ""2014(第四批)"", ""申报地区或单位"": ""上海市长宁区"", ""保护单位"": ""上海高古陶瓷修复有限公司""}, {""公布时间"": ""2021(第五批)"", ""申报地区或单位"": ""上海市"", ""保护单位"": ""上海博物馆""}]"
藏族鎏钴技艺,传统技艺,"[{""公布时间"": ""2014(第四批)"", ""申报地区或单位"": ""青海省"", ""保护单位"": ""青海藏医药文化博物馆""}]"
铜器制作技艺（大同铜器制作技艺）,传统技艺,"[{""公布时间"": ""2014(第四批)"", ""申报地区或单位"": ""山西省大同市城区"", ""保护单位"": ""大同市天艺昌工艺品有限责任公司""}]"
铜器制作技艺（喀什维吾尔族铜器制作技艺）,传统技艺,"[{""公布时间"": ""2021(第五批)"", ""申报地区或单位"": ""新疆维吾尔自治区喀什地区喀什市"", ""保护单位"": ""喀什市文化馆""}]"
古代钟表修复技艺,传统技艺,"[{""公布时间"": ""2014(第四批)"", ""申报地区或单位"": ""故宫博物院"", ""保护单位"": ""故宫博物院""}]"
传统香制作技艺（药香制作技艺）,传统技艺,"[{""公布时间"": ""2014(第四批)"", ""申报地区或单位"": ""北京市西城区"", ""保护单位"": ""北京东天佑香业文化传播发展有限公司""}]"
传统香制作技艺（莞香制作技艺）,传统技艺,"[{""公布时间"": ""2014(第四批)"", ""申报地区或单位"": ""广东省东莞市"", ""保护单位"": ""东莞市尚正堂莞香发展有限公司""}]"
传统香制作技艺（清苑传统制香技艺）,传统技艺,"[{""公布时间"": ""2021(第五批)"", ""申报地区或单位"": ""河北省保定市清苑区"", ""保护单位"": ""河北古城香业集团股份有限公司""}]"
传统香制作技艺（福建香制作技艺）,传统技艺,"[{""公布时间"": ""2021(第五批)"", ""申报地区或单位"": ""福建省"", ""保护单位"": ""福建省艺术馆（福建省非物质文化遗产保护中心）""}]"
一得阁墨汁制作技艺,传统技艺,"[{""公布时间"": ""2014(第四批)"", ""申报地区或单位"": ""北京市西城区"", ""保护单位"": ""北京一得阁墨业有限责任公司""}]"
奶制品制作技艺（察干伊德）,传统技艺,"[{""公布时间"": ""2014(第四批)"", ""申报地区或单位"": ""内蒙古自治区正蓝旗"", ""保护单位"": ""正蓝旗文体旅游广电事业发展中心""}]"
辽菜传统烹饪技艺,传统技艺,"[{""公布时间"": ""2014(第四批)"", ""申报地区或单位"": ""辽宁省沈阳市"", ""保护单位"": ""沈阳鹿鸣春饭店有限公司""}]"
泡菜制作技艺（朝鲜族泡菜制作技艺）,传统技艺,"[{""公布时间"": ""2014(第四批)"", ""申报地区或单位"": ""吉林省延吉市"", ""保护单位"": ""延吉友谊有限公司""}]"
老汤精配制,传统技艺,"[{""公布时间"": ""2014(第四批)"", ""申报地区或单位"": ""黑龙江省哈尔滨市阿城区"", ""保护单位"": ""哈尔滨粒粒香食品股份有限公司""}]"
上海本帮菜肴传统烹饪技艺,传统技艺,"[{""公布时间"": ""2014(第四批)"", ""申报地区或单位"": ""上海市黄浦区"", ""保护单位"": ""上海老饭店""}]"
传统制糖技艺（义乌红糖制作技艺）,传统技艺,"[{""公布时间"": ""2014(第四批)"", ""申报地区或单位"": ""浙江省义乌市"", ""保护单位"": ""义乌市五亭现代农业开发有限公司""}]"
豆腐传统制作技艺,传统技艺,"[{""公布时间"": ""2014(第四批)"", ""申报地区或单位"": ""安徽省淮南市"", ""保护单位"": ""淮南市八公山豆制品有限责任公司""}, {""公布时间"": ""2014(第四批)"", ""申报地区或单位"": ""安徽省寿县"", ""保护单位"": ""安徽八公山豆制品有限公司""}, {""公布时间"": ""2021(第五批)"", ""申报地区或单位"": ""山东省泰安市泰山区"", ""保护单位"": ""泰安市东岳泰山豆腐宴文化研究院""}]"
德州扒鸡制作技艺,传统技艺,"[{""公布时间"": ""2014(第四批)"", ""申报地区或单位"": ""山东省德州市"", ""保护单位"": ""山东德州扒鸡股份有限公司""}]"
龙口粉丝传统制作技艺,传统技艺,"[{""公布时间"": ""2014(第四批)"", ""申报地区或单位"": ""山东省招远市"", ""保护单位"": ""烟台双塔食品股份有限公司""}]"
蒙自过桥米线制作技艺,传统技艺,"[{""公布时间"": ""2014(第四批)"", ""申报地区或单位"": ""云南省蒙自市"", ""保护单位"": ""蒙自市文化馆""}]"
坎儿井开凿技艺,传统技艺,"[{""公布时间"": ""2014(第四批)"", ""申报地区或单位"": ""新疆维吾尔自治区吐鲁番市"", ""保护单位"": ""吐鲁番市高昌区文化馆""}]"
古建筑模型制作技艺,传统技艺,"[{""公布时间"": ""2014(第四批)"", ""申报地区或单位"": ""山西省太原市"", ""保护单位"": ""山西古典艺术研究院(有限公司）""}]"
传统造园技艺（扬州园林营造技艺）,传统技艺,"[{""公布时间"": ""2014(第四批)"", ""申报地区或单位"": ""江苏省扬州市"", ""保护单位"": ""扬州古典园林建设有限公司""}]"
古戏台营造技艺,传统技艺,"[{""公布时间"": ""2014(第四批)"", ""申报地区或单位"": ""江西省乐平市"", ""保护单位"": ""乐平市文化馆""}]"
庐陵传统民居营造技艺,传统技艺,"[{""公布时间"": ""2014(第四批)"", ""申报地区或单位"": ""江西省泰和县"", ""保护单位"": ""泰和县文化馆""}]"
古建筑修复技艺,传统技艺,"[{""公布时间"": ""2014(第四批)"", ""申报地区或单位"": ""甘肃省永靖县"", ""保护单位"": ""甘肃古典建设集团有限公司""}]"
八义窑红绿彩瓷烧制技艺,传统技艺,"[{""公布时间"": ""2021(第五批)"", ""申报地区或单位"": ""山西省长治市上党区"", ""保护单位"": ""山西长治八义窑红绿彩陶瓷文化有限公司""}]"
鲁山窑烧制技艺（鲁山花瓷烧制技艺）,传统技艺,"[{""公布时间"": ""2021(第五批)"", ""申报地区或单位"": ""河南省平顶山市鲁山县"", ""保护单位"": ""鲁山县文化馆""}]"
北京蒙镶技艺,传统技艺,"[{""公布时间"": ""2021(第五批)"", ""申报地区或单位"": ""北京市东城区"", ""保护单位"": ""北京吴中凤蒙镶艺术品有限公司""}]"
缂丝织造技艺（定州缂丝织造技艺）,传统技艺,"[{""公布时间"": ""2021(第五批)"", ""申报地区或单位"": ""河北省保定市定州市"", ""保护单位"": ""定州市文化馆""}]"
花边制作技艺（萧山花边制作技艺）,传统技艺,"[{""公布时间"": ""2021(第五批)"", ""申报地区或单位"": ""浙江省杭州市萧山区"", ""保护单位"": ""杭州市萧山区文化馆（杭州市萧山区非物质文化遗产保护中心）""}]"
彩带编织技艺（畲族彩带编织技艺）,传统技艺,"[{""公布时间"": ""2021(第五批)"", ""申报地区或单位"": ""浙江省丽水市景宁畲族自治县"", ""保护单位"": ""景宁畲族自治县文物和非遗保护中心""}]"
丝绸染织技艺（周村丝绸染织技艺）,传统技艺,"[{""公布时间"": ""2021(第五批)"", ""申报地区或单位"": ""山东省淄博市周村区"", ""保护单位"": ""淄博凯利丝绸有限公司""}]"
佤族织锦技艺,传统技艺,"[{""公布时间"": ""2021(第五批)"", ""申报地区或单位"": ""云南省普洱市西盟佤族自治县"", ""保护单位"": ""西盟佤族自治县文化馆""}]"
铸铁技艺（永康铸铁技艺）,传统技艺,"[{""公布时间"": ""2021(第五批)"", ""申报地区或单位"": ""浙江省金华市永康市"", ""保护单位"": ""永康一本堂艺术品有限公司""}]"
青铜器制作技艺（青铜编钟制作技艺）,传统技艺,"[{""公布时间"": ""2021(第五批)"", ""申报地区或单位"": ""湖北省随州市曾都区"", ""保护单位"": ""随州市曾侯乙编钟编磬文化有限公司""}]"
刀剑锻制技艺（七台河刀剑锻制技艺）,传统技艺,"[{""公布时间"": ""2021(第五批)"", ""申报地区或单位"": ""黑龙江省七台河市"", ""保护单位"": ""七台河市英雄工艺刀剑锻造有限公司""}]"
银胎掐丝珐琅器制作技艺（永胜珐琅银器制作技艺）,传统技艺,"[{""公布时间"": ""2021(第五批)"", ""申报地区或单位"": ""云南省丽江市永胜县"", ""保护单位"": ""永胜县文化馆""}]"
金镶玉制作技艺（郏县金镶玉制作技艺）,传统技艺,"[{""公布时间"": ""2021(第五批)"", ""申报地区或单位"": ""河南省平顶山市郏县"", ""保护单位"": ""郏县文化馆""}]"
制漆技艺（坝漆制作技艺）,传统技艺,"[{""公布时间"": ""2021(第五批)"", ""申报地区或单位"": ""湖北省恩施土家族苗族自治州利川市"", ""保护单位"": ""利川市德隆生漆科技有限责任公司""}]"
书画毡制作技艺（定兴书画毡制作技艺）,传统技艺,"[{""公布时间"": ""2021(第五批)"", ""申报地区或单位"": ""河北省保定市定兴县"", ""保护单位"": ""定兴县何中堂文化用品制造有限公司""}]"
简牍制作技艺（楚简制作技艺）,传统技艺,"[{""公布时间"": ""2021(第五批)"", ""申报地区或单位"": ""湖北省荆州市"", ""保护单位"": ""荆州市楚韵阁简牍艺术研发中心""}]"
麻纸制作技艺（西和麻纸制作技艺）,传统技艺,"[{""公布时间"": ""2021(第五批)"", ""申报地区或单位"": ""甘肃省陇南市西和县"", ""保护单位"": ""西和县非物质文化遗产保护中心""}]"
传统书籍装帧技艺,传统技艺,"[{""公布时间"": ""2021(第五批)"", ""申报地区或单位"": ""国家图书馆"", ""保护单位"": ""国家图书馆""}]"
宫廷传统囊匣制作技艺,传统技艺,"[{""公布时间"": ""2021(第五批)"", ""申报地区或单位"": ""故宫博物院"", ""保护单位"": ""故宫博物院""}]"
脂粉制作技艺（谢馥春脂粉制作技艺）,传统技艺,"[{""公布时间"": ""2021(第五批)"", ""申报地区或单位"": ""江苏省扬州市"", ""保护单位"": ""江苏谢馥春国妆股份有限公司""}]"
骨器制作技艺（白沙黎族骨器制作技艺）,传统技艺,"[{""公布时间"": ""2021(第五批)"", ""申报地区或单位"": ""海南省白沙黎族自治县"", ""保护单位"": ""海南省白沙黎族自治县文化馆""}]"
云南围棋子（云子、永子）制作技艺,传统技艺,"[{""公布时间"": ""2021(第五批)"", ""申报地区或单位"": ""云南省"", ""保护单位"": ""云南省非物质文化遗产保护中心""}]"
擦擦制作技艺（拉萨擦擦制作技艺）,传统技艺,"[{""公布时间"": ""2021(第五批)"", ""申报地区或单位"": ""西藏自治区拉萨市"", ""保护单位"": ""拉萨贡德泥塑文化艺术发展有限公司""}]"
葫芦制作技艺（天津葫芦制作技艺）,传统技艺,"[{""公布时间"": ""2021(第五批)"", ""申报地区或单位"": ""天津市宝坻区"", ""保护单位"": ""葫芦庐（天津）文化传播有限公司""}]"
葫芦制作技艺（文水葫芦制作技艺）,传统技艺,"[{""公布时间"": ""2021(第五批)"", ""申报地区或单位"": ""山西省吕梁市文水县"", ""保护单位"": ""文水县石安葫芦种植加工协会""}]"
严东关五加皮酿酒技艺,传统技艺,"[{""公布时间"": ""2021(第五批)"", ""申报地区或单位"": ""浙江省杭州市建德市"", ""保护单位"": ""浙江致中和实业有限公司""}]"
黄茶制作技艺（君山银针茶制作技艺）,传统技艺,"[{""公布时间"": ""2021(第五批)"", ""申报地区或单位"": ""湖南省岳阳市君山区"", ""保护单位"": ""岳阳市君山区文化馆""}]"
德昂族酸茶制作技艺,传统技艺,"[{""公布时间"": ""2021(第五批)"", ""申报地区或单位"": ""云南省德宏傣族景颇族自治州芒市"", ""保护单位"": ""芒市文化馆（芒市非物质文化遗产保护中心）""}]"
中餐烹饪技艺与食俗,传统技艺,"[{""公布时间"": ""2021(第五批)"", ""申报地区或单位"": ""中国烹饪协会"", ""保护单位"": ""中国烹饪协会""}]"
徽菜烹饪技艺,传统技艺,"[{""公布时间"": ""2021(第五批)"", ""申报地区或单位"": ""安徽省"", ""保护单位"": ""安徽省文化馆""}]"
潮州菜烹饪技艺,传统技艺,"[{""公布时间"": ""2021(第五批)"", ""申报地区或单位"": ""广东省潮州市"", ""保护单位"": ""潮州市文化馆""}]"
川菜烹饪技艺,传统技艺,"[{""公布时间"": ""2021(第五批)"", ""申报地区或单位"": ""四川省"", ""保护单位"": ""四川旅游学院""}]"
食用油传统制作技艺（大名小磨香油制作技艺）,传统技艺,"[{""公布时间"": ""2021(第五批)"", ""申报地区或单位"": ""河北省邯郸市大名县"", ""保护单位"": ""大名县文化馆""}]"
果脯蜜饯制作技艺（北京果脯传统制作技艺）,传统技艺,"[{""公布时间"": ""2021(第五批)"", ""申报地区或单位"": ""北京市怀柔区"", ""保护单位"": ""北京红螺食品有限公司""}]"
果脯蜜饯制作技艺（雕花蜜饯制作技艺）,传统技艺,"[{""公布时间"": ""2021(第五批)"", ""申报地区或单位"": ""湖南省怀化市靖州苗族侗族自治县"", ""保护单位"": ""靖州苗族侗族自治县博物馆（靖州苗族侗族自治县非物质文化遗产保护中心）""}]"
梨膏糖制作技艺（上海梨膏糖制作技艺）,传统技艺,"[{""公布时间"": ""2021(第五批)"", ""申报地区或单位"": ""上海市黄浦区"", ""保护单位"": ""上海梨膏糖食品厂""}]"
小吃制作技艺（沙县小吃制作技艺）,传统技艺,"[{""公布时间"": ""2021(第五批)"", ""申报地区或单位"": ""福建省三明市"", ""保护单位"": ""沙县小吃同业公会""}]"
小吃制作技艺（逍遥胡辣汤制作技艺）,传统技艺,"[{""公布时间"": ""2021(第五批)"", ""申报地区或单位"": ""河南省周口市西华县"", ""保护单位"": ""西华县非物质文化遗产保护中心""}]"
小吃制作技艺（火宫殿臭豆腐制作技艺）,传统技艺,"[{""公布时间"": ""2021(第五批)"", ""申报地区或单位"": ""湖南省长沙市"", ""保护单位"": ""长沙饮食集团长沙火宫殿有限公司""}]"
米粉制作技艺（沙河粉传统制作技艺）,传统技艺,"[{""公布时间"": ""2021(第五批)"", ""申报地区或单位"": ""广东省广州市"", ""保护单位"": ""广州市耀华沙河粉村饮食有限公司""}]"
米粉制作技艺（柳州螺蛳粉制作技艺）,传统技艺,"[{""公布时间"": ""2021(第五批)"", ""申报地区或单位"": ""广西壮族自治区柳州市"", ""保护单位"": ""柳州市群众艺术馆""}]"
米粉制作技艺（桂林米粉制作技艺）,传统技艺,"[{""公布时间"": ""2021(第五批)"", ""申报地区或单位"": ""广西壮族自治区桂林市"", ""保护单位"": ""桂林市戏剧创作研究院（桂林市非物质文化遗产保护传承中心）""}]"
龟苓膏配制技艺,传统技艺,"[{""公布时间"": ""2021(第五批)"", ""申报地区或单位"": ""广西壮族自治区梧州市"", ""保护单位"": ""广西梧州双钱实业有限公司""}]"
凯里酸汤鱼制作技艺,传统技艺,"[{""公布时间"": ""2021(第五批)"", ""申报地区或单位"": ""贵州省黔东南苗族侗族自治州凯里市"", ""保护单位"": ""凯里市非物质文化遗产保护中心""}]"
土生葡人美食烹饪技艺,传统技艺,"[{""公布时间"": ""2021(第五批)"", ""申报地区或单位"": ""澳门特别行政区"", ""保护单位"": ""澳门旅游学院""}]"
水碓营造技艺（景德镇瓷业水碓营造技艺）,传统技艺,"[{""公布时间"": ""2021(第五批)"", ""申报地区或单位"": ""江西省景德镇市浮梁县"", ""保护单位"": ""浮梁县文物管理所（浮梁县博物馆）""}]"
盘炕技艺（桓仁盘炕技艺）,传统技艺,"[{""公布时间"": ""2021(第五批)"", ""申报地区或单位"": ""辽宁省本溪市"", ""保护单位"": ""桓仁满族自治县文化旅游发展服务中心""}]"
潮汕古建筑营造技艺,传统技艺,"[{""公布时间"": ""2021(第五批)"", ""申报地区或单位"": ""广东省汕头市龙湖区"", ""保护单位"": ""广东纪传英古建筑营造有限公司""}]"
彝族传统建筑营造技艺（凉山彝族传统民居营造技艺）,传统技艺,"[{""公布时间"": ""2021(第五批)"", ""申报地区或单位"": ""四川省凉山彝族自治州"", ""保护单位"": ""美姑县文化馆""}]"
传统帐篷编制技艺（巴青牛毛帐篷编制技艺）,传统技艺,"[{""公布时间"": ""2021(第五批)"", ""申报地区或单位"": ""西藏自治区那曲市"", ""保护单位"": ""西藏那曲巴青县文化和旅游局""}]"
传统帐篷编制技艺（青海藏族黑牛毛帐篷制作技艺）,传统技艺,"[{""公布时间"": ""2021(第五批)"", ""申报地区或单位"": ""青海省海西蒙古族藏族自治州天峻县"", ""保护单位"": ""天峻县文化馆（天峻县图书馆、天峻县非物质文化遗产传承保护中心）""}]"
关中传统民居营造技艺,传统技艺,"[{""公布时间"": ""2021(第五批)"", ""申报地区或单位"": ""陕西省"", ""保护单位"": ""西安关中民俗艺术博物院""}]"
固原传统建筑营造技艺,传统技艺,"[{""公布时间"": ""2021(第五批)"", ""申报地区或单位"": ""宁夏回族自治区固原市"", ""保护单位"": ""宁夏大原古建筑文化艺术有限公司""}]"
中医生命与疾病认知方法,传统医药,"[{""公布时间"": ""2006(第一批)"", ""申报地区或单位"": ""中国中医科学院"", ""保护单位"": ""中国中医科学院中国医史文献研究所""}]"
中医诊法,传统医药,"[{""公布时间"": ""2006(第一批)"", ""申报地区或单位"": ""中国中医科学院"", ""保护单位"": ""中国中医科学院中医基础理论研究所""}]"
中医诊法（葛氏捏筋拍打疗法）,传统医药,"[{""公布时间"": ""2011(第三批)"", ""申报地区或单位"": ""北京市海淀区"", ""保护单位"": ""首都医科大学附属北京世纪坛医院（北京铁路总医院）""}]"
中医诊法（王氏脊椎疗法）,传统医药,"[{""公布时间"": ""2011(第三批)"", ""申报地区或单位"": ""北京市西城区"", ""保护单位"": ""北京达康神韵技术发展公司""}]"
中医诊法（道虎壁王氏中医妇科）,传统医药,"[{""公布时间"": ""2011(第三批)"", ""申报地区或单位"": ""山西省平遥县"", ""保护单位"": ""平遥县道虎壁王氏妇科保护协会""}]"
中医诊法（朱氏推拿疗法）,传统医药,"[{""公布时间"": ""2011(第三批)"", ""申报地区或单位"": ""上海市"", ""保护单位"": ""华东医院""}]"
中医诊法（张一帖内科疗法）,传统医药,"[{""公布时间"": ""2011(第三批)"", ""申报地区或单位"": ""安徽省黄山市"", ""保护单位"": ""歙县新安国医博物馆""}]"
中医诊疗法（清华池传统修脚术）,传统医药,"[{""公布时间"": ""2014(第四批)"", ""申报地区或单位"": ""北京市西城区"", ""保护单位"": ""北京翔达投资管理有限公司""}]"
中医诊疗法（中医络病诊疗方法）,传统医药,"[{""公布时间"": ""2014(第四批)"", ""申报地区或单位"": ""河北省石家庄市"", ""保护单位"": ""河北以岭医院""}]"
中医诊疗法（脏腑推拿疗法）,传统医药,"[{""公布时间"": ""2014(第四批)"", ""申报地区或单位"": ""河北省保定市"", ""保护单位"": ""保定得复医药科技有限公司""}]"
中医诊疗法（顾氏外科疗法）,传统医药,"[{""公布时间"": ""2014(第四批)"", ""申报地区或单位"": ""上海市"", ""保护单位"": ""上海中医药大学附属龙华医院""}]"
中医诊疗法（古本易筋经十二势导引法）,传统医药,"[{""公布时间"": ""2014(第四批)"", ""申报地区或单位"": ""上海市"", ""保护单位"": ""上海传承导引医学研究所""}]"
中医诊疗法（丁氏痔科医术）,传统医药,"[{""公布时间"": ""2014(第四批)"", ""申报地区或单位"": ""江苏省南京市秦淮区"", ""保护单位"": ""南京市中医院""}]"
中医诊疗法（扬州传统修脚术）,传统医药,"[{""公布时间"": ""2014(第四批)"", ""申报地区或单位"": ""江苏省扬州市"", ""保护单位"": ""扬州陆琴脚艺三把刀发展有限公司""}]"
中医诊疗法（董氏儿科医术）,传统医药,"[{""公布时间"": ""2014(第四批)"", ""申报地区或单位"": ""浙江省宁波市海曙区"", ""保护单位"": ""宁波市中医院""}]"
中医诊疗法（西园喉科医术）,传统医药,"[{""公布时间"": ""2014(第四批)"", ""申报地区或单位"": ""安徽省歙县"", ""保护单位"": ""黄山市西园喉科药物研究所""}]"
中医诊疗法（买氏中医外治法）,传统医药,"[{""公布时间"": ""2014(第四批)"", ""申报地区或单位"": ""河南省周口市川汇区"", ""保护单位"": ""周口市买氏中医文化研究会""}]"
中医诊疗法（毛氏济世堂脱骨疽疗法）,传统医药,"[{""公布时间"": ""2014(第四批)"", ""申报地区或单位"": ""河南省新蔡县"", ""保护单位"": ""新蔡县毛氏济世堂药业有限公司""}]"
中医诊疗法（镇氏风湿病马钱子疗法）,传统医药,"[{""公布时间"": ""2014(第四批)"", ""申报地区或单位"": ""湖北省咸宁市咸安区"", ""保护单位"": ""咸宁麻塘风湿病医院有限公司""}]"
中医诊疗法（一指禅推拿）,传统医药,"[{""公布时间"": ""2014(第四批)"", ""申报地区或单位"": ""广东省珠海市"", ""保护单位"": ""珠海市香洲区一指禅推拿中医门诊部""}]"
中医诊疗法（贾氏点穴疗法）,传统医药,"[{""公布时间"": ""2014(第四批)"", ""申报地区或单位"": ""广东省深圳市"", ""保护单位"": ""深圳华武非物质文化遗产点穴疗法保护中心""}]"
中医诊疗法（孔伯华中医世家医术）,传统医药,"[{""公布时间"": ""2021(第五批)"", ""申报地区或单位"": ""北京市朝阳区"", ""保护单位"": ""孔医堂（北京）科技有限责任公司""}]"
中医诊疗法（津沽脏腑推拿）,传统医药,"[{""公布时间"": ""2021(第五批)"", ""申报地区或单位"": ""天津市南开区"", ""保护单位"": ""天津中医药大学第一附属医院""}]"
中医诊疗法（摸骨正脊术）,传统医药,"[{""公布时间"": ""2021(第五批)"", ""申报地区或单位"": ""山西省晋中市灵石县"", ""保护单位"": ""山西郭华整脊有限公司""}]"
中医诊疗法（丁氏推拿疗法）,传统医药,"[{""公布时间"": ""2021(第五批)"", ""申报地区或单位"": ""上海市"", ""保护单位"": ""上海中医药大学附属岳阳中西医结合医院""}]"
中医诊疗法（朱氏妇科疗法）,传统医药,"[{""公布时间"": ""2021(第五批)"", ""申报地区或单位"": ""上海市"", ""保护单位"": ""上海中医药大学附属岳阳中西医结合医院""}]"
中医诊疗法（绍派伤寒）,传统医药,"[{""公布时间"": ""2021(第五批)"", ""申报地区或单位"": ""浙江省绍兴市"", ""保护单位"": ""绍兴市中医院""}]"
中医诊疗法（祁门蛇伤疗法）,传统医药,"[{""公布时间"": ""2021(第五批)"", ""申报地区或单位"": ""安徽省黄山市祁门县"", ""保护单位"": ""安徽省祁门县蛇伤研究所""}]"
中医诊疗法（南少林理筋整脊疗法）,传统医药,"[{""公布时间"": ""2021(第五批)"", ""申报地区或单位"": ""福建省"", ""保护单位"": ""海峡南少林手法医学协会""}]"
中医诊疗法（张氏经络收放疗法）,传统医药,"[{""公布时间"": ""2021(第五批)"", ""申报地区或单位"": ""河南省新乡市红旗区"", ""保护单位"": ""新乡经络收放医院""}]"
中医诊疗法（宋氏中医外科疗法）,传统医药,"[{""公布时间"": ""2021(第五批)"", ""申报地区或单位"": ""河南省平顶山市汝州市"", ""保护单位"": ""汝州市金庚康复医院""}]"
中医诊疗法（陈氏蜂疗法）,传统医药,"[{""公布时间"": ""2021(第五批)"", ""申报地区或单位"": ""湖南省郴州市"", ""保护单位"": ""郴州市北湖区文化馆""}]"
中医诊疗法（李仲愚杵针疗法）,传统医药,"[{""公布时间"": ""2021(第五批)"", ""申报地区或单位"": ""四川省"", ""保护单位"": ""成都中医药大学附属医院（四川省中医医院）""}]"
中医诊疗法（海西民间青盐药用技艺）,传统医药,"[{""公布时间"": ""2021(第五批)"", ""申报地区或单位"": ""青海省海西蒙古族藏族自治州"", ""保护单位"": ""海西州文化馆（海西州非物质文化遗产传承保护中心、海西州民族文化体育活动中心）""}]"
中医诊疗法（应氏奇穴疗法）,传统医药,"[{""公布时间"": ""2021(第五批)"", ""申报地区或单位"": ""中国民族医药学会"", ""保护单位"": ""中国民族医药学会""}]"
中药炮制技术,传统医药,"[{""公布时间"": ""2006(第一批)"", ""申报地区或单位"": ""中国中医科学院"", ""保护单位"": ""中国中医科学院中药研究所""}, {""公布时间"": ""2006(第一批)"", ""申报地区或单位"": ""中国中药协会"", ""保护单位"": ""中国中药协会""}]"
中药炮制技术（四大怀药种植与炮制）,传统医药,"[{""公布时间"": ""2008(第二批)"", ""申报地区或单位"": ""河南省焦作市"", ""保护单位"": ""焦作市文化馆（焦作市非物质文化遗产保护中心）""}]"
中药炮制技术（中药炮制技艺）,传统医药,"[{""公布时间"": ""2008(第二批)"", ""申报地区或单位"": ""四川省成都市"", ""保护单位"": ""成都中医药大学""}]"
中药炮制技艺（人参炮制技艺）,传统医药,"[{""公布时间"": ""2014(第四批)"", ""申报地区或单位"": ""吉林省通化市"", ""保护单位"": ""康美新开河（吉林）药业有限公司""}, {""公布时间"": ""2014(第四批)"", ""申报地区或单位"": ""吉林省通化市"", ""保护单位"": ""通化福参源特产产品有限公司""}]"
中药炮制技艺（武义寿仙谷中药炮制技艺）,传统医药,"[{""公布时间"": ""2014(第四批)"", ""申报地区或单位"": ""浙江省武义县"", ""保护单位"": ""金华寿仙谷药业有限公司""}]"
中药炮制技艺（樟树中药炮制技艺）,传统医药,"[{""公布时间"": ""2014(第四批)"", ""申报地区或单位"": ""江西省樟树市"", ""保护单位"": ""江西樟树天齐堂中药饮片有限公司""}]"
中药炮制技艺（汉派彭银亭中药炮制技艺）,传统医药,"[{""公布时间"": ""2021(第五批)"", ""申报地区或单位"": ""湖北省武汉市江岸区"", ""保护单位"": ""武汉市中医医院""}]"
中药炮制技艺（新会陈皮炮制技艺）,传统医药,"[{""公布时间"": ""2021(第五批)"", ""申报地区或单位"": ""广东省江门市新会区"", ""保护单位"": ""江门市新会区新会陈皮行业协会""}]"
中药炮制技艺（岷县当归加工技艺）,传统医药,"[{""公布时间"": ""2021(第五批)"", ""申报地区或单位"": ""甘肃省定西市岷县"", ""保护单位"": ""甘肃岷县当归研究院""}]"
中医传统制剂方法,传统医药,"[{""公布时间"": ""2006(第一批)"", ""申报地区或单位"": ""中国中医科学院"", ""保护单位"": ""中国中医科学院中药研究所""}, {""公布时间"": ""2006(第一批)"", ""申报地区或单位"": ""中国中药协会"", ""保护单位"": ""中国中药协会""}]"
中医传统制剂方法（龟龄集传统制作技艺）,传统医药,"[{""公布时间"": ""2008(第二批)"", ""申报地区或单位"": ""山西省太谷县"", ""保护单位"": ""山西广誉远国药有限公司""}]"
中医传统制剂方法（雷允上六神丸制作技艺）,传统医药,"[{""公布时间"": ""2008(第二批)"", ""申报地区或单位"": ""江苏省苏州市"", ""保护单位"": ""雷允上药业集团有限公司""}]"
中医传统制剂方法（东阿阿胶制作技艺）,传统医药,"[{""公布时间"": ""2008(第二批)"", ""申报地区或单位"": ""山东省东阿县"", ""保护单位"": ""东阿阿胶股份有限公司""}, {""公布时间"": ""2008(第二批)"", ""申报地区或单位"": ""山东省平阴县"", ""保护单位"": ""山东福牌阿胶股份有限公司""}]"
中医传统制剂方法（廖氏化风丹制作技艺）,传统医药,"[{""公布时间"": ""2008(第二批)"", ""申报地区或单位"": ""贵州省遵义市红花岗区"", ""保护单位"": ""贵州万胜药业有限责任公司""}, {""公布时间"": ""2008(第二批)"", ""申报地区或单位"": ""贵州省遵义市汇川区"", ""保护单位"": ""遵义廖元和堂药业有限公司""}]"
中医传统制剂方法（达仁堂清宫寿桃丸传统制作技艺）,传统医药,"[{""公布时间"": ""2011(第三批)"", ""申报地区或单位"": ""天津中新药业集团股份有限公司达仁堂制药厂"", ""保护单位"": ""天津中新药业集团股份有限公司""}]"
中医传统制剂方法（定坤丹制作技艺）,传统医药,"[{""公布时间"": ""2011(第三批)"", ""申报地区或单位"": ""山西省太谷县"", ""保护单位"": ""山西广誉远国药有限公司""}]"
中医传统制剂方法（六神丸制作技艺）,传统医药,"[{""公布时间"": ""2011(第三批)"", ""申报地区或单位"": ""上海市黄浦区"", ""保护单位"": ""上海雷允上药业有限公司""}]"
中医传统制剂方法（致和堂膏滋药制作技艺）,传统医药,"[{""公布时间"": ""2011(第三批)"", ""申报地区或单位"": ""江苏省江阴市"", ""保护单位"": ""江苏大众医药连锁有限公司""}]"
中医传统制剂方法（季德胜蛇药制作技艺）,传统医药,"[{""公布时间"": ""2011(第三批)"", ""申报地区或单位"": ""江苏省南通市"", ""保护单位"": ""精华制药集团股份有限公司""}]"
中医传统制剂方法（朱养心传统膏药制作技艺）,传统医药,"[{""公布时间"": ""2011(第三批)"", ""申报地区或单位"": ""浙江省杭州市"", ""保护单位"": ""杭州朱养心药业有限公司""}]"
中医传统制剂方法（漳州片仔癀制作技艺）,传统医药,"[{""公布时间"": ""2011(第三批)"", ""申报地区或单位"": ""福建省漳州市"", ""保护单位"": ""漳州片仔癀药业股份有限公司""}]"
中医传统制剂方法（夏氏丹药制作技艺）,传统医药,"[{""公布时间"": ""2011(第三批)"", ""申报地区或单位"": ""湖北省京山县"", ""保护单位"": ""京山市文化馆""}]"
中医传统制剂方法（马应龙眼药制作技艺）,传统医药,"[{""公布时间"": ""2011(第三批)"", ""申报地区或单位"": ""湖北省武汉市武昌区"", ""保护单位"": ""马应龙药业集团股份有限公司""}]"
中医传统制剂方法（罗浮山百草油制作技艺）,传统医药,"[{""公布时间"": ""2011(第三批)"", ""申报地区或单位"": ""广东省博罗县"", ""保护单位"": ""广东罗浮山国药股份有限公司""}]"
中医传统制剂方法（保滋堂保婴丹制作技艺）,传统医药,"[{""公布时间"": ""2011(第三批)"", ""申报地区或单位"": ""广东省医药行业协会"", ""保护单位"": ""广州白云山中一药业有限公司""}]"
中医传统制剂方法（桐君阁传统丸剂制作技艺）,传统医药,"[{""公布时间"": ""2011(第三批)"", ""申报地区或单位"": ""重庆市南岸区"", ""保护单位"": ""太极集团重庆桐君阁药厂有限公司""}]"
中医传统制剂方法（安宫牛黄丸制作技艺）,传统医药,"[{""公布时间"": ""2014(第四批)"", ""申报地区或单位"": ""北京市东城区"", ""保护单位"": ""中国北京同仁堂（集团）有限责任公司""}, {""公布时间"": ""2014(第四批)"", ""申报地区或单位"": ""天津市南开区"", ""保护单位"": ""天津中新药业集团股份有限公司""}, {""公布时间"": ""2014(第四批)"", ""申报地区或单位"": ""山西省太谷县"", ""保护单位"": ""山西广誉远国药有限公司""}]"
中医传统制剂方法（隆顺榕卫药制作技艺）,传统医药,"[{""公布时间"": ""2014(第四批)"", ""申报地区或单位"": ""天津市南开区"", ""保护单位"": ""天津中新药业集团股份有限公司""}]"
中医传统制剂方法（益德成闻药制作技艺）,传统医药,"[{""公布时间"": ""2014(第四批)"", ""申报地区或单位"": ""天津市红桥区"", ""保护单位"": ""益德成（天津）闻药文化发展有限公司""}]"
中医传统制剂方法（京万红软膏组方与制作技艺）,传统医药,"[{""公布时间"": ""2014(第四批)"", ""申报地区或单位"": ""天津市西青区"", ""保护单位"": ""天津达仁堂京万红药业有限公司""}]"
中医传统制剂方法（金牛眼药制作技艺）,传统医药,"[{""公布时间"": ""2014(第四批)"", ""申报地区或单位"": ""河北省定州市"", ""保护单位"": ""河北金牛原大药业科技有限公司""}]"
中医传统制剂方法（点舌丸制作技艺）,传统医药,"[{""公布时间"": ""2014(第四批)"", ""申报地区或单位"": ""山西省新绛县"", ""保护单位"": ""朗致集团双人药业有限公司""}]"
中医传统制剂方法（鸿茅药酒配制技艺）,传统医药,"[{""公布时间"": ""2014(第四批)"", ""申报地区或单位"": ""内蒙古自治区凉城县"", ""保护单位"": ""鸿茅药酒文化研究会""}]"
中医传统制剂方法（平氏浸膏制作技艺）,传统医药,"[{""公布时间"": ""2014(第四批)"", ""申报地区或单位"": ""吉林省长春市九台区"", ""保护单位"": ""九台区正泰中医药文化科技发展有限公司""}]"
中医传统制剂方法（枇杷露传统制剂）,传统医药,"[{""公布时间"": ""2014(第四批)"", ""申报地区或单位"": ""黑龙江省哈尔滨市南岗区"", ""保护单位"": ""哈尔滨市康隆药业有限责任公司""}]"
中医传统制剂方法（老王麻子膏药制作技艺）,传统医药,"[{""公布时间"": ""2014(第四批)"", ""申报地区或单位"": ""黑龙江省哈尔滨市道外区"", ""保护单位"": ""哈尔滨福庆堂医药保健用品有限公司""}]"
中医传统制剂方法（方回春堂传统膏方制作技艺）,传统医药,"[{""公布时间"": ""2014(第四批)"", ""申报地区或单位"": ""浙江省杭州市上城区"", ""保护单位"": ""杭州方回春堂国药馆有限公司""}]"
中医传统制剂方法（二仙膏制作技艺）,传统医药,"[{""公布时间"": ""2014(第四批)"", ""申报地区或单位"": ""山东省济宁市任城区"", ""保护单位"": ""山东广育堂国药有限公司""}]"
中医传统制剂方法（太安堂麒麟丸制作技艺）,传统医药,"[{""公布时间"": ""2014(第四批)"", ""申报地区或单位"": ""广东省汕头市"", ""保护单位"": ""广东太安堂药业股份有限公司""}]"
中医传统制剂方法（昆中药传统中药制剂）,传统医药,"[{""公布时间"": ""2014(第四批)"", ""申报地区或单位"": ""云南省昆明市"", ""保护单位"": ""昆明中药厂有限公司""}]"
中医传统制剂方法（马明仁膏药制作技艺）,传统医药,"[{""公布时间"": ""2014(第四批)"", ""申报地区或单位"": ""陕西省西安市碑林区"", ""保护单位"": ""西安明仁药业有限公司""}]"
中医传统制剂方法（达仁堂牛黄清心丸制作技艺）,传统医药,"[{""公布时间"": ""2021(第五批)"", ""申报地区或单位"": ""天津市"", ""保护单位"": ""天津中新药业集团股份有限公司""}]"
中医传统制剂方法（宏仁堂紫雪散传统制作技艺）,传统医药,"[{""公布时间"": ""2021(第五批)"", ""申报地区或单位"": ""天津市红桥区"", ""保护单位"": ""天津宏仁堂药业有限公司""}]"
中医传统制剂方法（腰痛宁组方及其药物炮制工艺）,传统医药,"[{""公布时间"": ""2021(第五批)"", ""申报地区或单位"": ""河北省承德市"", ""保护单位"": ""颈复康药业集团有限公司""}]"
中医传统制剂方法（王氏保赤丸制作技艺）,传统医药,"[{""公布时间"": ""2021(第五批)"", ""申报地区或单位"": ""江苏省南通市"", ""保护单位"": ""精华制药集团股份有限公司""}]"
中医传统制剂方法（叶开泰传统中药制剂方法）,传统医药,"[{""公布时间"": ""2021(第五批)"", ""申报地区或单位"": ""湖北省武汉市"", ""保护单位"": ""健民药业集团股份有限公司""}]"
中医传统制剂方法（马氏济慈堂生育药剂制作技艺）,传统医药,"[{""公布时间"": ""2021(第五批)"", ""申报地区或单位"": ""宁夏回族自治区吴忠市"", ""保护单位"": ""马氏济慈堂医院""}]"
针灸,传统医药,"[{""公布时间"": ""2006(第一批)"", ""申报地区或单位"": ""中国中医科学院"", ""保护单位"": ""中国中医科学院中医针灸研究所""}, {""公布时间"": ""2006(第一批)"", ""申报地区或单位"": ""中国针灸学会"", ""保护单位"": ""中国针灸学会""}]"
针灸（刘氏刺熨疗法）,传统医药,"[{""公布时间"": ""2008(第二批)"", ""申报地区或单位"": ""重庆市渝中区"", ""保护单位"": ""重庆刘少林堂中医诊所有限公司""}]"
针灸（陆氏针灸疗法）,传统医药,"[{""公布时间"": ""2011(第三批)"", ""申报地区或单位"": ""上海市"", ""保护单位"": ""上海市针灸经络研究所""}]"
针灸（杨继洲针灸）,传统医药,"[{""公布时间"": ""2014(第四批)"", ""申报地区或单位"": ""浙江省衢州市"", ""保护单位"": ""衢州市中医医院""}]"
针灸（蕲春艾灸疗法）,传统医药,"[{""公布时间"": ""2021(第五批)"", ""申报地区或单位"": ""湖北省黄冈市蕲春县"", ""保护单位"": ""蕲春县文化馆""}]"
针灸（岭南陈氏针法）,传统医药,"[{""公布时间"": ""2021(第五批)"", ""申报地区或单位"": ""广东省"", ""保护单位"": ""广东省中医院（广州中医药大学第二附属医院、广州中医药大学第二临床医学院、广东省中医药科学院）""}]"
针灸（赵氏雷火灸）,传统医药,"[{""公布时间"": ""2021(第五批)"", ""申报地区或单位"": ""重庆市渝中区"", ""保护单位"": ""重庆市渝中区赵氏雷火灸传统医药研究所""}]"
针灸（程氏针灸）,传统医药,"[{""公布时间"": ""2021(第五批)"", ""申报地区或单位"": ""中国中医科学院"", ""保护单位"": ""中国中医科学院针灸研究所""}]"
中医正骨疗法,传统医药,"[{""公布时间"": ""2006(第一批)"", ""申报地区或单位"": ""中国中医科学院"", ""保护单位"": ""中国中医科学院望京医院""}]"
中医正骨疗法（宫廷正骨）,传统医药,"[{""公布时间"": ""2008(第二批)"", ""申报地区或单位"": ""北京市护国寺中医医院"", ""保护单位"": ""北京中医药大学附属护国寺中医医院""}]"
中医正骨疗法（罗氏正骨法）,传统医药,"[{""公布时间"": ""2008(第二批)"", ""申报地区或单位"": ""北京市朝阳区"", ""保护单位"": """"}]"
中医正骨疗法（石氏伤科疗法）,传统医药,"[{""公布时间"": ""2008(第二批)"", ""申报地区或单位"": ""上海市黄浦区"", ""保护单位"": ""上海交通大学医学院附属第九人民医院黄浦分院""}]"
中医正骨疗法（平乐郭氏正骨法）,传统医药,"[{""公布时间"": ""2008(第二批)"", ""申报地区或单位"": ""河南省洛阳市"", ""保护单位"": ""河南省洛阳正骨医院（河南省骨科医院)""}, {""公布时间"": ""2008(第二批)"", ""申报地区或单位"": ""广东省深圳市"", ""保护单位"": ""深圳平乐骨伤科医院（深圳市坪山区中医院）""}]"
中医正骨疗法（武氏正骨疗法）,传统医药,"[{""公布时间"": ""2011(第三批)"", ""申报地区或单位"": ""山西省高平市"", ""保护单位"": ""高平市武承谋骨伤专科医院""}]"
中医正骨疗法（张氏骨伤疗法）,传统医药,"[{""公布时间"": ""2011(第三批)"", ""申报地区或单位"": ""浙江省富阳市"", ""保护单位"": ""杭州市富阳中医骨伤医院""}]"
中医正骨疗法（章氏骨伤疗法）,传统医药,"[{""公布时间"": ""2011(第三批)"", ""申报地区或单位"": ""浙江省台州市"", ""保护单位"": ""台州章氏骨伤医院""}]"
中医正骨疗法（林氏骨伤疗法）,传统医药,"[{""公布时间"": ""2011(第三批)"", ""申报地区或单位"": ""福建省福州市仓山区"", ""保护单位"": """"}]"
中医正骨疗法（海城苏氏正骨）,传统医药,"[{""公布时间"": ""2014(第四批)"", ""申报地区或单位"": ""辽宁省海城市"", ""保护单位"": ""海城市正骨医院""}]"
中医正骨疗法（上海石氏伤科疗法）,传统医药,"[{""公布时间"": ""2014(第四批)"", ""申报地区或单位"": ""上海市"", ""保护单位"": ""上海中医药大学附属曙光医院""}]"
中医正骨疗法（新泰孟氏正骨疗法）,传统医药,"[{""公布时间"": ""2014(第四批)"", ""申报地区或单位"": ""山东省新泰市"", ""保护单位"": ""新泰孟氏医院""}]"
中医正骨疗法（新邵孙氏正骨术）,传统医药,"[{""公布时间"": ""2014(第四批)"", ""申报地区或单位"": ""湖南省新邵县"", ""保护单位"": ""新邵县中医医院""}]"
中医正骨疗法（三空李氏正骨）,传统医药,"[{""公布时间"": ""2021(第五批)"", ""申报地区或单位"": ""内蒙古自治区呼和浩特市"", ""保护单位"": ""呼和浩特市三空李氏正骨医院有限公司""}]"
中医正骨疗法（魏氏伤科疗法）,传统医药,"[{""公布时间"": ""2021(第五批)"", ""申报地区或单位"": ""上海市"", ""保护单位"": ""上海交通大学医学院附属瑞金医院""}]"
中医正骨疗法（施氏伤科疗法）,传统医药,"[{""公布时间"": ""2021(第五批)"", ""申报地区或单位"": ""上海市黄浦区"", ""保护单位"": ""上海市黄浦区香山中医医院""}]"
中医正骨疗法（徐氏中医正骨）,传统医药,"[{""公布时间"": ""2021(第五批)"", ""申报地区或单位"": ""山东省滨州市沾化区"", ""保护单位"": ""沾化徐泽三正骨医院""}]"
中医正骨疗法（燕青门正骨疗法）,传统医药,"[{""公布时间"": ""2021(第五批)"", ""申报地区或单位"": ""重庆市江北区"", ""保护单位"": ""重庆正刚中医骨科医院有限公司""}]"
中医正骨疗法（朱氏正骨术）,传统医药,"[{""公布时间"": ""2021(第五批)"", ""申报地区或单位"": ""陕西省渭南市富平县"", ""保护单位"": ""富平朱老二骨伤医院""}]"
同仁堂中医药文化,传统医药,"[{""公布时间"": ""2006(第一批)"", ""申报地区或单位"": ""中国北京同仁堂（集团）有限责任公司"", ""保护单位"": ""中国北京同仁堂（集团）有限责任公司""}]"
胡庆余堂中药文化,传统医药,"[{""公布时间"": ""2006(第一批)"", ""申报地区或单位"": ""浙江省杭州市"", ""保护单位"": ""杭州胡庆余堂国药号有限公司""}]"
藏医药（甘孜州南派藏医药),传统医药,"[{""公布时间"": ""2006(第一批)"", ""申报地区或单位"": ""四川省甘孜藏族自治州"", ""保护单位"": ""甘孜藏族自治州藏医院（四川省藏医医院，甘孜藏族自治州藏医药研究所）""}]"
藏医药（拉萨北派藏医水银洗炼法和藏药仁青常觉配伍技艺）,传统医药,"[{""公布时间"": ""2006(第一批)"", ""申报地区或单位"": ""西藏自治区"", ""保护单位"": ""西藏藏医药大学""}]"
藏医药（藏医外治法）,传统医药,"[{""公布时间"": ""2008(第二批)"", ""申报地区或单位"": ""西藏自治区藏医学院"", ""保护单位"": ""西藏藏医药大学""}]"
藏医药（藏医尿诊法）,传统医药,"[{""公布时间"": ""2008(第二批)"", ""申报地区或单位"": ""西藏自治区山南地区藏医院"", ""保护单位"": ""西藏山南市藏医医院""}]"
藏医药（藏医药浴疗法）,传统医药,"[{""公布时间"": ""2008(第二批)"", ""申报地区或单位"": ""青海省藏医院"", ""保护单位"": ""青海省藏医院""}]"
藏医药（甘南藏医药）,传统医药,"[{""公布时间"": ""2008(第二批)"", ""申报地区或单位"": ""甘肃省碌曲县"", ""保护单位"": ""碌曲县藏医院""}]"
藏医药（藏药炮制技艺）,传统医药,"[{""公布时间"": ""2008(第二批)"", ""申报地区或单位"": ""西藏自治区藏医院"", ""保护单位"": ""西藏自治区藏医院""}]"
藏医药（藏药七十味珍珠丸配伍技艺）,传统医药,"[{""公布时间"": ""2008(第二批)"", ""申报地区或单位"": ""西藏自治区藏药厂"", ""保护单位"": ""西藏甘露藏药股份有限公司""}]"
藏医药（藏药珊瑚七十味丸配伍技艺）,传统医药,"[{""公布时间"": ""2008(第二批)"", ""申报地区或单位"": ""西藏自治区雄巴拉曲神水藏药厂"", ""保护单位"": ""西藏雄巴拉曲神水藏药有限公司""}]"
藏医药（藏药阿如拉炮制技艺）,传统医药,"[{""公布时间"": ""2008(第二批)"", ""申报地区或单位"": ""青海省金诃藏药药业股份有限公司"", ""保护单位"": ""金诃藏药股份有限公司""}]"
藏医药（七十味珍珠丸赛太炮制技艺）,传统医药,"[{""公布时间"": ""2008(第二批)"", ""申报地区或单位"": ""青海省金诃藏药药业股份有限公司"", ""保护单位"": ""金诃藏药股份有限公司""}]"
藏医药（藏医骨伤疗法）,传统医药,"[{""公布时间"": ""2011(第三批)"", ""申报地区或单位"": ""云南省迪庆藏族自治州"", ""保护单位"": ""迪庆州藏医院""}]"
藏医药（山南藏医药浴法）,传统医药,"[{""公布时间"": ""2014(第四批)"", ""申报地区或单位"": ""西藏自治区山南地区"", ""保护单位"": ""西藏山南市藏医医院""}]"
藏医药（藏医放血疗法）,传统医药,"[{""公布时间"": ""2014(第四批)"", ""申报地区或单位"": ""青海省"", ""保护单位"": ""青海省藏医院""}]"
藏医药（索瓦日巴——藏医有关生命、健康及疾病的认知与实践）,传统医药,"[{""公布时间"": ""2021(第五批)"", ""申报地区或单位"": ""西藏自治区"", ""保护单位"": ""西藏自治区群众艺术馆（西藏自治区非物质文化遗产保护中心）""}]"
藏医药（藏医脉泻杂炯疗法）,传统医药,"[{""公布时间"": ""2021(第五批)"", ""申报地区或单位"": ""西藏自治区那曲市"", ""保护单位"": ""西藏那曲索县藏医院""}]"
藏医药（尤阙疗法）,传统医药,"[{""公布时间"": ""2021(第五批)"", ""申报地区或单位"": ""青海省海东市循化撒拉族自治县"", ""保护单位"": ""循化县中藏医院""}]"
中医养生（药膳八珍汤）,传统医药,"[{""公布时间"": ""2008(第二批)"", ""申报地区或单位"": ""山西省太原市"", ""保护单位"": ""太原傅山文化产业开发苑""}]"
中医养生（灵源万应茶）,传统医药,"[{""公布时间"": ""2008(第二批)"", ""申报地区或单位"": ""福建省晋江市"", ""保护单位"": ""灵源药业有限公司""}]"
中医养生（永定万应茶）,传统医药,"[{""公布时间"": ""2008(第二批)"", ""申报地区或单位"": ""福建省永定县"", ""保护单位"": ""永定采善堂制药有限公司""}]"
中医养生（中医传统导引法）,传统医药,"[{""公布时间"": ""2021(第五批)"", ""申报地区或单位"": ""北京中医药大学"", ""保护单位"": ""北京中医药大学""}]"
中医养生（二十四节气中医导引养生法）,传统医药,"[{""公布时间"": ""2021(第五批)"", ""申报地区或单位"": ""中国中医科学院"", ""保护单位"": ""中国中医科学院医学实验中心""}]"
传统中医药文化（鹤年堂中医药养生文化）,传统医药,"[{""公布时间"": ""2008(第二批)"", ""申报地区或单位"": ""北京鹤年堂医药有限责任公司"", ""保护单位"": ""北京鹤年堂医药有限责任公司""}]"
传统中医药文化（九芝堂传统中药文化）,传统医药,"[{""公布时间"": ""2008(第二批)"", ""申报地区或单位"": ""湖南省九芝堂股份有限公司"", ""保护单位"": ""九芝堂股份有限公司""}]"
传统中医药文化（潘高寿传统中药文化）,传统医药,"[{""公布时间"": ""2008(第二批)"", ""申报地区或单位"": ""广东省广州潘高寿药业股份有限公司"", ""保护单位"": ""广州白云山潘高寿药业股份有限公司""}]"
传统中医药文化（陈李济传统中药文化）,传统医药,"[{""公布时间"": ""2008(第二批)"", ""申报地区或单位"": ""广东省广州陈李济制药厂"", ""保护单位"": ""广州白云山陈李济药厂有限公司""}]"
传统中医药文化（同济堂传统中药文化）,传统医药,"[{""公布时间"": ""2008(第二批)"", ""申报地区或单位"": ""贵州省同济堂制药有限公司"", ""保护单位"": ""国药集团同济堂（贵州）制药有限公司""}]"
传统中医药文化（桐君传统中药文化）,传统医药,"[{""公布时间"": ""2021(第五批)"", ""申报地区或单位"": ""浙江省杭州市桐庐县"", ""保护单位"": ""桐君堂药业有限公司""}]"
传统中医药文化（朱丹溪中医药文化）,传统医药,"[{""公布时间"": ""2021(第五批)"", ""申报地区或单位"": ""浙江省金华市义乌市"", ""保护单位"": ""义乌市中医医院（义乌市中医医院医共体、义乌市朱丹溪中医院）""}]"
传统中医药文化（宏济堂中医药文化）,传统医药,"[{""公布时间"": ""2021(第五批)"", ""申报地区或单位"": ""山东省济南市"", ""保护单位"": ""山东宏济堂制药集团股份有限公司""}]"
传统中医药文化（龙山药王医药文化）,传统医药,"[{""公布时间"": ""2021(第五批)"", ""申报地区或单位"": ""湖南省邵阳市新邵县"", ""保护单位"": ""新邵县文化馆""}]"
蒙医药（赞巴拉道尔吉温针、火针疗法）,传统医药,"[{""公布时间"": ""2008(第二批)"", ""申报地区或单位"": ""内蒙古自治区"", ""保护单位"": ""内蒙古自治区国际蒙医医院""}]"
蒙医药（蒙医传统正骨术）,传统医药,"[{""公布时间"": ""2011(第三批)"", ""申报地区或单位"": ""内蒙古自治区中蒙医医院"", ""保护单位"": ""内蒙古自治区国际蒙医医院""}]"
蒙医药（蒙医正骨疗法）,传统医药,"[{""公布时间"": ""2011(第三批)"", ""申报地区或单位"": ""内蒙古自治区科尔沁左翼后旗"", ""保护单位"": ""通辽市蒙医整骨医院""}]"
蒙医药（血衰症疗法）,传统医药,"[{""公布时间"": ""2011(第三批)"", ""申报地区或单位"": ""辽宁省阜新蒙古族自治县"", ""保护单位"": ""阜新蒙古族自治县蒙医医院""}]"
蒙医药（科尔沁蒙医药浴疗法）,传统医药,"[{""公布时间"": ""2014(第四批)"", ""申报地区或单位"": ""内蒙古自治区科尔沁右翼中旗"", ""保护单位"": ""科尔沁蒙医文化研究会""}]"
蒙医药（蒙医乌拉灸术）,传统医药,"[{""公布时间"": ""2021(第五批)"", ""申报地区或单位"": ""内蒙古自治区通辽市"", ""保护单位"": ""内蒙古自治区通辽市蒙医研究所（通辽市蒙医医院）""}]"
畲族医药（痧症疗法）,传统医药,"[{""公布时间"": ""2008(第二批)"", ""申报地区或单位"": ""浙江省丽水市"", ""保护单位"": ""丽水市文化馆（挂丽水大剧院管理中心、丽水市非物质文化遗产保护中心、丽水市美术馆牌子）""}]"
畲族医药（六神经络骨通药制作工艺）,传统医药,"[{""公布时间"": ""2008(第二批)"", ""申报地区或单位"": ""福建省罗源县"", ""保护单位"": ""福建省罗源县文化馆""}]"
瑶族医药（药浴疗法）,传统医药,"[{""公布时间"": ""2008(第二批)"", ""申报地区或单位"": ""贵州省从江县"", ""保护单位"": ""从江县非物质文化遗产保护中心""}]"
苗医药（骨伤蛇伤疗法）,传统医药,"[{""公布时间"": ""2008(第二批)"", ""申报地区或单位"": ""贵州省雷山县"", ""保护单位"": ""雷山县非物质文化遗产保护中心""}]"
苗医药（九节茶药制作工艺）,传统医药,"[{""公布时间"": ""2008(第二批)"", ""申报地区或单位"": ""贵州省黔东南苗族侗族自治州"", ""保护单位"": ""黔东南苗族侗族自治州民族医药研究院（黔东南苗族侗族自治州苗医苗药研究院、黔东南苗族侗族自治州民族医药研究院附属苗医医院）""}]"
苗医药（癫痫症疗法）,传统医药,"[{""公布时间"": ""2011(第三批)"", ""申报地区或单位"": ""湖南省凤凰县"", ""保护单位"": ""凤凰县非物质文化遗产保护中心""}]"
苗医药（钻节风疗法）,传统医药,"[{""公布时间"": ""2011(第三批)"", ""申报地区或单位"": ""湖南省花垣县"", ""保护单位"": ""湘西青山苗族医学文化有限公司""}]"
苗医药（骨髓骨伤药膏）,传统医药,"[{""公布时间"": ""2021(第五批)"", ""申报地区或单位"": ""贵州省黔东南苗族侗族自治州麻江县"", ""保护单位"": ""麻江县非物质文化遗产保护中心""}]"
侗医药（过路黄药制作工艺）,传统医药,"[{""公布时间"": ""2008(第二批)"", ""申报地区或单位"": ""贵州省黔东南苗族侗族自治州"", ""保护单位"": ""黔东南苗族侗族自治州民族医药研究院（黔东南苗族侗族自治州苗医苗药研究院、黔东南苗族侗族自治州民族医药研究院附属苗医医院）""}]"
回族医药（张氏回医正骨疗法）,传统医药,"[{""公布时间"": ""2008(第二批)"", ""申报地区或单位"": ""宁夏回族自治区吴忠市"", ""保护单位"": ""吴忠市利通区张氏正骨医院""}]"
回族医药（回族汤瓶八诊疗法）,传统医药,"[{""公布时间"": ""2008(第二批)"", ""申报地区或单位"": ""宁夏回族自治区银川市"", ""保护单位"": ""宁夏汤瓶八诊文化产业发展有限公司""}]"
回族医药（陈氏回族医技十法）,传统医药,"[{""公布时间"": ""2014(第四批)"", ""申报地区或单位"": ""宁夏回族自治区吴忠市"", ""保护单位"": ""宁夏伊康回族医药研究所（有限公司）""}]"
壮医药（壮医药线点灸疗法）,传统医药,"[{""公布时间"": ""2011(第三批)"", ""申报地区或单位"": ""广西中医学院"", ""保护单位"": ""广西中医药大学""}]"
彝医药（彝医水膏药疗法）,传统医药,"[{""公布时间"": ""2011(第三批)"", ""申报地区或单位"": ""云南省楚雄彝族自治州"", ""保护单位"": ""楚雄彝族自治州彝族医药研究院（云南省彝族医药研究所）""}]"
彝医药（拨云锭制作技艺）,传统医药,"[{""公布时间"": ""2014(第四批)"", ""申报地区或单位"": ""云南省楚雄市"", ""保护单位"": ""楚雄老拨云堂药业有限公司""}]"
傣医药（睡药疗法）,传统医药,"[{""公布时间"": ""2011(第三批)"", ""申报地区或单位"": ""云南省西双版纳傣族自治州"", ""保护单位"": ""西双版纳傣族自治州民族医药研究所（西双版纳傣族自治州傣医医院）""}, {""公布时间"": ""2011(第三批)"", ""申报地区或单位"": ""云南省德宏傣族景颇族自治州"", ""保护单位"": ""德宏州中医医院（德宏州傣医医院、德宏州第二人民医院、德宏州民族医药研究所）""}]"
维吾尔医药（维药传统炮制技艺）,传统医药,"[{""公布时间"": ""2011(第三批)"", ""申报地区或单位"": ""新疆维吾尔医学高等专科学校"", ""保护单位"": ""新疆维吾尔医学专科学校""}]"
维吾尔医药（木尼孜其·木斯力汤药制作技艺）,传统医药,"[{""公布时间"": ""2011(第三批)"", ""申报地区或单位"": ""新疆维吾尔自治区和田地区"", ""保护单位"": ""和田地区维吾尔医医院""}]"
维吾尔医药（食物疗法）,传统医药,"[{""公布时间"": ""2011(第三批)"", ""申报地区或单位"": ""新疆维吾尔自治区莎车县"", ""保护单位"": ""莎车县维吾尔医医院""}]"
维吾尔医药（库西台法）,传统医药,"[{""公布时间"": ""2011(第三批)"", ""申报地区或单位"": ""新疆维吾尔自治区维吾尔医药研究所"", ""保护单位"": ""新疆维吾尔自治区维吾尔医药研究所""}]"
维吾尔医药（沙疗）,传统医药,"[{""公布时间"": ""2014(第四批)"", ""申报地区或单位"": ""新疆维吾尔自治区吐鲁番市"", ""保护单位"": ""吐鲁番市维吾尔医医院""}]"
维吾尔医药（和田药茶制作技艺）,传统医药,"[{""公布时间"": ""2021(第五批)"", ""申报地区或单位"": ""新疆维吾尔自治区和田地区策勒县"", ""保护单位"": ""策勒县文化馆""}]"
布依族医药（益肝草制作技艺）,传统医药,"[{""公布时间"": ""2014(第四批)"", ""申报地区或单位"": ""贵州省贵定县"", ""保护单位"": ""贵定县文物保护站（贵定县非物质文化遗产保护中心）""}]"
哈萨克族医药（布拉吾药浴熏蒸疗法、卧塔什正骨术、冻伤疗法）,传统医药,"[{""公布时间"": ""2014(第四批)"", ""申报地区或单位"": ""新疆维吾尔自治区阿勒泰地区"", ""保护单位"": ""新疆阿勒泰地区哈萨克医医院""}]"
春节,民俗,"[{""公布时间"": ""2006(第一批)"", ""申报地区或单位"": ""文化部"", ""保护单位"": ""文化和旅游部""}]"
春节（怀仁旺火习俗）,民俗,"[{""公布时间"": ""2011(第三批)"", ""申报地区或单位"": ""山西省怀仁县"", ""保护单位"": ""怀仁市文化馆""}]"
春节（查干萨日）,民俗,"[{""公布时间"": ""2011(第三批)"", ""申报地区或单位"": ""吉林省前郭尔罗斯蒙古族自治县"", ""保护单位"": ""前郭尔罗斯蒙古族自治县文化工作总站（前郭县非物质文化遗产保护中心）""}]"
春节（娘子关跑马排春节习俗）,民俗,"[{""公布时间"": ""2021(第五批)"", ""申报地区或单位"": ""山西省阳泉市平定县"", ""保护单位"": ""平定县娘子关镇下董寨村村民委员会""}]"
春节（行花街）,民俗,"[{""公布时间"": ""2021(第五批)"", ""申报地区或单位"": ""广东省广州市越秀区"", ""保护单位"": ""广州市越秀区文化馆（广州市越秀区非物质文化遗产保护中心）""}]"
春节（六盘山区春官送福）,民俗,"[{""公布时间"": ""2021(第五批)"", ""申报地区或单位"": ""宁夏回族自治区固原市西吉县"", ""保护单位"": ""西吉县文化馆""}]"
清明节,民俗,"[{""公布时间"": ""2006(第一批)"", ""申报地区或单位"": ""文化部"", ""保护单位"": ""文化和旅游部""}]"
清明节（溱潼会船）,民俗,"[{""公布时间"": ""2008(第二批)"", ""申报地区或单位"": ""江苏省姜堰市"", ""保护单位"": ""泰州市姜堰区文化馆""}]"
清明节（介休寒食清明习俗）,民俗,"[{""公布时间"": ""2011(第三批)"", ""申报地区或单位"": ""山西省介休市"", ""保护单位"": ""介休市文化馆""}]"
清明节（茅山会船）,民俗,"[{""公布时间"": ""2014(第四批)"", ""申报地区或单位"": ""江苏省兴化市"", ""保护单位"": ""兴化市关注文化传播中心""}]"
端午节,民俗,"[{""公布时间"": ""2006(第一批)"", ""申报地区或单位"": ""文化部"", ""保护单位"": ""文化和旅游部""}]"
端午节（屈原故里端午习俗）,民俗,"[{""公布时间"": ""2006(第一批)"", ""申报地区或单位"": ""湖北省宜昌市"", ""保护单位"": ""宜昌市群众艺术馆（宜昌市非物质文化遗产保护中心）""}, {""公布时间"": ""2006(第一批)"", ""申报地区或单位"": ""湖北省秭归县"", ""保护单位"": ""秭归县文化馆（县非物质文化遗产保护中心）""}]"
端午节（西塞神舟会）,民俗,"[{""公布时间"": ""2006(第一批)"", ""申报地区或单位"": ""湖北省黄石市"", ""保护单位"": ""黄石市群众艺术馆""}]"
端午节（汨罗江畔端午习俗）,民俗,"[{""公布时间"": ""2006(第一批)"", ""申报地区或单位"": ""湖南省汨罗市"", ""保护单位"": ""汨罗市文化馆""}]"
端午节（苏州端午习俗）,民俗,"[{""公布时间"": ""2006(第一批)"", ""申报地区或单位"": ""江苏省苏州市"", ""保护单位"": ""苏州市姑苏区文化馆""}]"
端午节（罗店划龙船习俗）,民俗,"[{""公布时间"": ""2008(第二批)"", ""申报地区或单位"": ""上海市宝山区"", ""保护单位"": ""上海市宝山区罗店镇社会事务服务中心（上海市宝山区罗店镇社区文化活动中心）""}]"
端午节（五常龙舟胜会）,民俗,"[{""公布时间"": ""2008(第二批)"", ""申报地区或单位"": ""浙江省杭州市余杭区"", ""保护单位"": ""杭州市余杭区五常龙舟俱乐部""}]"
端午节（安海嗦啰嗹习俗）,民俗,"[{""公布时间"": ""2008(第二批)"", ""申报地区或单位"": ""福建省晋江市"", ""保护单位"": ""晋江市文化馆""}]"
端午节（五大连池药泉会）,民俗,"[{""公布时间"": ""2011(第三批)"", ""申报地区或单位"": ""黑龙江省黑河市"", ""保护单位"": ""五大连池风景名胜区自然保护区管委会文化体育局""}]"
端午节（嘉兴端午习俗）,民俗,"[{""公布时间"": ""2011(第三批)"", ""申报地区或单位"": ""浙江省嘉兴市"", ""保护单位"": ""嘉兴市文化馆（嘉兴市非物质文化遗产保护中心）""}]"
端午节（蒋村龙舟胜会）,民俗,"[{""公布时间"": ""2011(第三批)"", ""申报地区或单位"": ""浙江省杭州市西湖区"", ""保护单位"": ""杭州市西湖区蒋村龙舟协会""}]"
端午节（石狮端午闽台对渡习俗）,民俗,"[{""公布时间"": ""2011(第三批)"", ""申报地区或单位"": ""福建省石狮市"", ""保护单位"": ""石狮市文化馆""}]"
端午节（大澳龙舟游涌）,民俗,"[{""公布时间"": ""2011(第三批)"", ""申报地区或单位"": ""香港特别行政区"", ""保护单位"": ""香港大澳传统龙舟协会""}]"
端午节（泽林旱龙舟）,民俗,"[{""公布时间"": ""2014(第四批)"", ""申报地区或单位"": ""湖北省鄂州市"", ""保护单位"": ""鄂州市群众艺术馆""}]"
端午节（道州龙船习俗）,民俗,"[{""公布时间"": ""2021(第五批)"", ""申报地区或单位"": ""湖南省永州市道县"", ""保护单位"": ""道县文化馆""}]"
七夕节,民俗,"[{""公布时间"": ""2006(第一批)"", ""申报地区或单位"": ""文化部"", ""保护单位"": ""文化和旅游部""}]"
七夕节（乞巧节）,民俗,"[{""公布时间"": ""2008(第二批)"", ""申报地区或单位"": ""甘肃省西和县"", ""保护单位"": ""西和县非物质文化遗产保护中心""}]"
七夕节（石塘七夕习俗）,民俗,"[{""公布时间"": ""2011(第三批)"", ""申报地区或单位"": ""浙江省温岭市"", ""保护单位"": ""温岭市石塘镇东海村股份经济合作社""}]"
七夕节（天河乞巧习俗）,民俗,"[{""公布时间"": ""2011(第三批)"", ""申报地区或单位"": ""广东省广州市天河区"", ""保护单位"": ""广州市天河区文化馆""}]"
七夕节（郧西七夕）,民俗,"[{""公布时间"": ""2014(第四批)"", ""申报地区或单位"": ""湖北省郧西县"", ""保护单位"": ""郧西县七夕文化传承中心""}]"
中秋节,民俗,"[{""公布时间"": ""2006(第一批)"", ""申报地区或单位"": ""文化部"", ""保护单位"": ""文化和旅游部""}]"
中秋节（中秋博饼）,民俗,"[{""公布时间"": ""2008(第二批)"", ""申报地区或单位"": ""福建省厦门市"", ""保护单位"": ""厦门市中秋民俗文化研究会""}]"
中秋节（佛山秋色）,民俗,"[{""公布时间"": ""2008(第二批)"", ""申报地区或单位"": ""广东省佛山市"", ""保护单位"": ""佛山市民间艺术研究社有限公司""}]"
中秋节（泽州中秋习俗）,民俗,"[{""公布时间"": ""2011(第三批)"", ""申报地区或单位"": ""山西省泽州县"", ""保护单位"": ""泽州县民间习俗研究会""}]"
中秋节（秋夕）,民俗,"[{""公布时间"": ""2011(第三批)"", ""申报地区或单位"": ""吉林省延边朝鲜族自治州"", ""保护单位"": ""延边文化艺术研究中心（延边非物质文化遗产保护中心）""}]"
中秋节（大坑舞火龙）,民俗,"[{""公布时间"": ""2011(第三批)"", ""申报地区或单位"": ""香港特别行政区"", ""保护单位"": ""大坑坊众福利会""}]"
中秋节（朝鲜族秋夕节）,民俗,"[{""公布时间"": ""2014(第四批)"", ""申报地区或单位"": ""辽宁省铁岭市"", ""保护单位"": ""铁岭市朝鲜族文化艺术馆""}]"
中秋节（吉安中秋烧塔习俗）,民俗,"[{""公布时间"": ""2014(第四批)"", ""申报地区或单位"": ""江西省安福县"", ""保护单位"": ""安福县文化馆""}]"
重阳节,民俗,"[{""公布时间"": ""2006(第一批)"", ""申报地区或单位"": ""文化部"", ""保护单位"": ""文化和旅游部""}]"
重阳节（皇城村重阳习俗）,民俗,"[{""公布时间"": ""2011(第三批)"", ""申报地区或单位"": ""山西省阳城县"", ""保护单位"": ""阳城县皇城民俗文化研究中心""}]"
重阳节（上蔡重阳习俗）,民俗,"[{""公布时间"": ""2011(第三批)"", ""申报地区或单位"": ""河南省上蔡县"", ""保护单位"": ""上蔡县人民文化馆""}]"
京族哈节,民俗,"[{""公布时间"": ""2006(第一批)"", ""申报地区或单位"": ""广西壮族自治区东兴市"", ""保护单位"": ""东兴市文化馆""}]"
傣族泼水节,民俗,"[{""公布时间"": ""2006(第一批)"", ""申报地区或单位"": ""云南省西双版纳傣族自治州"", ""保护单位"": ""西双版纳傣族自治州文化馆""}, {""公布时间"": ""2008(第二批)"", ""申报地区或单位"": ""云南省德宏傣族景颇族自治州"", ""保护单位"": ""德宏州文化馆""}]"
锡伯族西迁节,民俗,"[{""公布时间"": ""2006(第一批)"", ""申报地区或单位"": ""新疆维吾尔自治区察布查尔锡伯自治县"", ""保护单位"": ""察布查尔锡伯自治县文化馆""}]"
火把节（彝族火把节）,民俗,"[{""公布时间"": ""2006(第一批)"", ""申报地区或单位"": ""四川省凉山彝族自治州"", ""保护单位"": ""凉山彝族自治州非物质文化遗产保护中心""}, {""公布时间"": ""2006(第一批)"", ""申报地区或单位"": ""云南省楚雄彝族自治州"", ""保护单位"": ""楚雄彝族自治州非物质文化遗产保护中心""}, {""公布时间"": ""2011(第三批)"", ""申报地区或单位"": ""贵州省赫章县"", ""保护单位"": ""赫章县文化馆""}]"
景颇族目瑙纵歌,民俗,"[{""公布时间"": ""2006(第一批)"", ""申报地区或单位"": ""云南省陇川县"", ""保护单位"": ""陇川县文化馆""}]"
黎族三月三节,民俗,"[{""公布时间"": ""2006(第一批)"", ""申报地区或单位"": ""海南省五指山市"", ""保护单位"": ""五指山市文化馆""}]"
三月三（壮族三月三）,民俗,"[{""公布时间"": ""2014(第四批)"", ""申报地区或单位"": ""广西壮族自治区武鸣县"", ""保护单位"": ""南宁市武鸣区文化馆""}]"
三月三（报京三月三）,民俗,"[{""公布时间"": ""2014(第四批)"", ""申报地区或单位"": ""贵州省镇远县"", ""保护单位"": ""镇远县非物质文化遗产保护中心""}]"
鄂伦春族古伦木沓节,民俗,"[{""公布时间"": ""2006(第一批)"", ""申报地区或单位"": ""黑龙江省"", ""保护单位"": ""黑河市爱辉区文化馆""}]"
瑶族盘王节,民俗,"[{""公布时间"": ""2006(第一批)"", ""申报地区或单位"": ""广东省韶关市"", ""保护单位"": ""乳源瑶族自治县非物质文化遗产保护中心（乳源瑶族自治县民族文化研究中心）""}, {""公布时间"": ""2006(第一批)"", ""申报地区或单位"": ""广西壮族自治区贺州市"", ""保护单位"": ""贺州市群众艺术馆""}]"
瑶族盘王节（还盘王愿）,民俗,"[{""公布时间"": ""2021(第五批)"", ""申报地区或单位"": ""湖南省郴州市资兴市"", ""保护单位"": ""资兴市文化馆""}]"
壮族蚂虫另节,民俗,"[{""公布时间"": ""2006(第一批)"", ""申报地区或单位"": ""广西壮族自治区河池市"", ""保护单位"": ""河池市非物质文化遗产保护中心""}]"
仫佬族依饭节,民俗,"[{""公布时间"": ""2006(第一批)"", ""申报地区或单位"": ""广西壮族自治区罗城仫佬族自治县"", ""保护单位"": ""罗城仫佬族自治县文化馆""}]"
毛南族肥套,民俗,"[{""公布时间"": ""2006(第一批)"", ""申报地区或单位"": ""广西壮族自治区环江毛南族自治县"", ""保护单位"": ""环江毛南族自治县非物质文化遗产保护传承中心""}]"
羌族瓦尔俄足节,民俗,"[{""公布时间"": ""2006(第一批)"", ""申报地区或单位"": ""四川省阿坝藏族羌族自治州"", ""保护单位"": ""茂县文化馆""}]"
苗族鼓藏节,民俗,"[{""公布时间"": ""2006(第一批)"", ""申报地区或单位"": ""贵州省雷山县"", ""保护单位"": ""雷山县非物质文化遗产保护中心""}, {""公布时间"": ""2014(第四批)"", ""申报地区或单位"": ""贵州省榕江县"", ""保护单位"": ""榕江县非物质文化遗产保护中心""}]"
水族端节,民俗,"[{""公布时间"": ""2006(第一批)"", ""申报地区或单位"": ""贵州省三都水族自治县"", ""保护单位"": ""三都水族自治县非物质文化遗产保护中心""}]"
布依族查白歌节,民俗,"[{""公布时间"": ""2006(第一批)"", ""申报地区或单位"": ""贵州省"", ""保护单位"": ""兴义市文化馆""}]"
苗族姊妹节,民俗,"[{""公布时间"": ""2006(第一批)"", ""申报地区或单位"": ""贵州省台江县"", ""保护单位"": ""台江县非物质文化遗产保护中心""}]"
独龙族卡雀哇节,民俗,"[{""公布时间"": ""2006(第一批)"", ""申报地区或单位"": ""云南省贡山独龙族怒族自治县"", ""保护单位"": ""贡山独龙族怒族自治县文化馆""}]"
怒族仙女节,民俗,"[{""公布时间"": ""2006(第一批)"", ""申报地区或单位"": ""云南省贡山独龙族怒族自治县"", ""保护单位"": ""贡山独龙族怒族自治县文化馆""}]"
侗族萨玛节,民俗,"[{""公布时间"": ""2006(第一批)"", ""申报地区或单位"": ""贵州省榕江县"", ""保护单位"": ""榕江县非物质文化遗产保护中心""}, {""公布时间"": ""2008(第二批)"", ""申报地区或单位"": ""贵州省黎平县"", ""保护单位"": ""黎平县非物质文化遗产保护中心""}]"
仡佬毛龙节,民俗,"[{""公布时间"": ""2006(第一批)"", ""申报地区或单位"": ""贵州省石阡县"", ""保护单位"": ""石阡县文化馆""}]"
傈僳族刀杆节,民俗,"[{""公布时间"": ""2006(第一批)"", ""申报地区或单位"": ""云南省泸水县"", ""保护单位"": ""泸水市文化馆""}]"
塔吉克族引水节和播种节,民俗,"[{""公布时间"": ""2006(第一批)"", ""申报地区或单位"": ""新疆维吾尔自治区塔什库尔干塔吉克自治县"", ""保护单位"": ""新疆塔什库尔干塔吉克自治县文化馆""}]"
土族纳顿节,民俗,"[{""公布时间"": ""2006(第一批)"", ""申报地区或单位"": ""青海省民和回族土族自治县"", ""保护单位"": ""民和回族土族自治县文化馆""}]"
都江堰放水节,民俗,"[{""公布时间"": ""2006(第一批)"", ""申报地区或单位"": ""四川省都江堰市"", ""保护单位"": ""都江堰市文化馆""}]"
雪顿节,民俗,"[{""公布时间"": ""2006(第一批)"", ""申报地区或单位"": ""西藏自治区"", ""保护单位"": ""西藏自治区文化厅""}]"
黄帝陵祭典,民俗,"[{""公布时间"": ""2006(第一批)"", ""申报地区或单位"": ""陕西省黄陵县"", ""保护单位"": ""黄陵县非物质文化遗产办公室""}]"
黄帝祭典（新郑黄帝拜祖祭典）,民俗,"[{""公布时间"": ""2008(第二批)"", ""申报地区或单位"": ""河南省新郑市"", ""保护单位"": ""新郑市文化馆""}]"
黄帝祭典（缙云轩辕祭典）,民俗,"[{""公布时间"": ""2011(第三批)"", ""申报地区或单位"": ""浙江省缙云县"", ""保护单位"": ""缙云县仙都旅游文化产业有限公司""}]"
炎帝陵祭典,民俗,"[{""公布时间"": ""2006(第一批)"", ""申报地区或单位"": ""湖南省炎陵县"", ""保护单位"": ""炎陵县文化馆（炎陵县非物质文化遗产保护中心）""}]"
炎帝祭典,民俗,"[{""公布时间"": ""2008(第二批)"", ""申报地区或单位"": ""陕西省宝鸡市"", ""保护单位"": ""宝鸡市渭滨区文化馆""}]"
炎帝祭典（随州神农祭典）,民俗,"[{""公布时间"": ""2011(第三批)"", ""申报地区或单位"": ""湖北省随州市"", ""保护单位"": ""随县文化馆（随县非物质文化遗产保护中心）""}]"
成吉思汗祭典,民俗,"[{""公布时间"": ""2006(第一批)"", ""申报地区或单位"": ""内蒙古自治区鄂尔多斯市"", ""保护单位"": ""鄂尔多斯市成吉思汗陵旅游区管理委员会（鄂尔多斯市成吉思汗陵园管理局）""}]"
祭孔大典,民俗,"[{""公布时间"": ""2006(第一批)"", ""申报地区或单位"": ""山东省曲阜市"", ""保护单位"": ""曲阜市公共文化服务中心（曲阜市文化馆、曲阜市图书馆、曲阜市非物质文化遗产保护中心）""}]"
祭孔大典（南孔祭典）,民俗,"[{""公布时间"": ""2011(第三批)"", ""申报地区或单位"": ""浙江省衢州市"", ""保护单位"": ""衢州南孔圣地文化旅游区管理中心""}]"
妈祖祭典,民俗,"[{""公布时间"": ""2006(第一批)"", ""申报地区或单位"": ""福建省莆田市"", ""保护单位"": ""莆田市湄洲妈祖祖庙董事会""}, {""公布时间"": ""2006(第一批)"", ""申报地区或单位"": ""中华妈祖文化交流协会"", ""保护单位"": ""中华妈祖文化交流协会""}]"
妈祖祭典（天津皇会）,民俗,"[{""公布时间"": ""2008(第二批)"", ""申报地区或单位"": ""天津市民俗博物馆"", ""保护单位"": ""天津市民俗博物馆""}]"
妈祖祭典（洞头妈祖祭典）,民俗,"[{""公布时间"": ""2011(第三批)"", ""申报地区或单位"": ""浙江省洞头县"", ""保护单位"": ""温州市洞头区妈祖文化交流协会""}]"
妈祖祭典（葛沽宝辇会）,民俗,"[{""公布时间"": ""2014(第四批)"", ""申报地区或单位"": ""天津市津南区"", ""保护单位"": ""天津市津南区文化馆（天津市津南区文化遗产保护中心）""}]"
妈祖祭典（海口天后祀奉）,民俗,"[{""公布时间"": ""2014(第四批)"", ""申报地区或单位"": ""海南省海口市"", ""保护单位"": ""海口市妈祖文化交流协会""}]"
妈祖祭典（澳门妈祖信俗）,民俗,"[{""公布时间"": ""2014(第四批)"", ""申报地区或单位"": ""澳门特别行政区"", ""保护单位"": ""澳门妈阁水陆演戏会""}]"
妈祖祭典（香港天后诞）,民俗,"[{""公布时间"": ""2021(第五批)"", ""申报地区或单位"": ""香港特别行政区"", ""保护单位"": ""香港天后诞协会""}]"
太昊伏羲祭典,民俗,"[{""公布时间"": ""2006(第一批)"", ""申报地区或单位"": ""河南省淮阳县"", ""保护单位"": ""淮阳县文化馆""}, {""公布时间"": ""2006(第一批)"", ""申报地区或单位"": ""甘肃省天水市"", ""保护单位"": ""天水市博物馆（天水市伏羲庙管理局）""}]"
太昊伏羲祭典（新乐伏羲祭典）,民俗,"[{""公布时间"": ""2011(第三批)"", ""申报地区或单位"": ""河北省新乐市"", ""保护单位"": ""新乐市文化馆""}]"
女娲祭典,民俗,"[{""公布时间"": ""2006(第一批)"", ""申报地区或单位"": ""河北省涉县"", ""保护单位"": ""涉县文化馆""}]"
女娲祭典（秦安女娲祭典）,民俗,"[{""公布时间"": ""2011(第三批)"", ""申报地区或单位"": ""甘肃省秦安县"", ""保护单位"": ""秦安县文化馆""}]"
大禹祭典,民俗,"[{""公布时间"": ""2006(第一批)"", ""申报地区或单位"": ""浙江省绍兴市"", ""保护单位"": ""绍兴大禹开发投资有限公司""}]"
祭敖包,民俗,"[{""公布时间"": ""2006(第一批)"", ""申报地区或单位"": ""内蒙古自治区锡林郭勒盟"", ""保护单位"": ""锡林郭勒盟文化馆（锡林郭勒盟非物质文化遗产保护中心）""}]"
祭敖包（达斡尔族沃其贝）,民俗,"[{""公布时间"": ""2011(第三批)"", ""申报地区或单位"": ""新疆维吾尔自治区塔城市"", ""保护单位"": ""塔城市文化馆""}]"
白族绕三灵,民俗,"[{""公布时间"": ""2006(第一批)"", ""申报地区或单位"": ""云南省大理白族自治州"", ""保护单位"": ""大理白族自治州非物质文化遗产保护中心""}]"
厂甸庙会,民俗,"[{""公布时间"": ""2006(第一批)"", ""申报地区或单位"": ""北京市宣武区"", ""保护单位"": ""北京市西城区非物质文化遗产保护中心""}]"
热贡六月会,民俗,"[{""公布时间"": ""2006(第一批)"", ""申报地区或单位"": ""青海省同仁县"", ""保护单位"": ""同仁县文体旅游广电局（同仁县文物局、同仁县热贡艺术传承保护管理局）""}]"
小榄菊花会,民俗,"[{""公布时间"": ""2006(第一批)"", ""申报地区或单位"": ""广东省中山市"", ""保护单位"": ""中山市小榄菊花文化促进会""}]"
瑶族耍歌堂,民俗,"[{""公布时间"": ""2006(第一批)"", ""申报地区或单位"": ""广东省清远市"", ""保护单位"": ""连南瑶族自治县文化馆""}]"
壮族歌圩,民俗,"[{""公布时间"": ""2006(第一批)"", ""申报地区或单位"": ""广西壮族自治区南宁市"", ""保护单位"": ""南宁市民族文化艺术研究院（南宁市戏剧院、南宁市非物质文化遗产保护中心）""}]"
苗族系列坡会群,民俗,"[{""公布时间"": ""2006(第一批)"", ""申报地区或单位"": ""广西壮族自治区融水苗族自治县"", ""保护单位"": ""融水苗族自治县文化馆""}]"
那达慕,民俗,"[{""公布时间"": ""2006(第一批)"", ""申报地区或单位"": ""内蒙古自治区锡林郭勒盟"", ""保护单位"": ""锡林郭勒盟文化馆（锡林郭勒盟非物质文化遗产保护中心）""}, {""公布时间"": ""2008(第二批)"", ""申报地区或单位"": ""青海省海西蒙古族藏族自治州"", ""保护单位"": ""海西州文化馆（海西州非物质文化遗产传承保护中心、 海西州民族文化体育活动中心）""}, {""公布时间"": ""2008(第二批)"", ""申报地区或单位"": ""新疆维吾尔自治区和静县"", ""保护单位"": ""和静县东归文化馆""}]"
维吾尔刀郎麦西热甫,民俗,"[{""公布时间"": ""2006(第一批)"", ""申报地区或单位"": ""新疆维吾尔自治区麦盖提县"", ""保护单位"": ""麦盖提县文化馆""}]"
新疆维吾尔族麦西热甫（新疆维吾尔刀郎麦西热甫）,民俗,"[{""公布时间"": ""2008(第二批)"", ""申报地区或单位"": ""新疆维吾尔自治区阿瓦提县"", ""保护单位"": ""阿瓦提县文化馆""}]"
新疆维吾尔族麦西热甫（维吾尔族却日库木麦西热甫）,民俗,"[{""公布时间"": ""2008(第二批)"", ""申报地区或单位"": ""新疆维吾尔自治区阿克苏市"", ""保护单位"": ""阿克苏市文化馆""}]"
新疆维吾尔族麦西热甫（维吾尔族塔合麦西热甫）,民俗,"[{""公布时间"": ""2008(第二批)"", ""申报地区或单位"": ""新疆维吾尔自治区木垒哈萨克自治县"", ""保护单位"": ""木垒哈萨克自治县文化馆""}]"
新疆维吾尔族麦西热甫（维吾尔族阔克麦西热甫）,民俗,"[{""公布时间"": ""2008(第二批)"", ""申报地区或单位"": ""新疆维吾尔自治区哈密市"", ""保护单位"": ""哈密市伊州区文化馆""}]"
秦淮灯会,民俗,"[{""公布时间"": ""2006(第一批)"", ""申报地区或单位"": ""江苏省南京市"", ""保护单位"": ""南京市秦淮区文化馆""}]"
秀山花灯,民俗,"[{""公布时间"": ""2006(第一批)"", ""申报地区或单位"": ""重庆市秀山土家族苗族自治县"", ""保护单位"": ""秀山土家族苗族自治县文化馆""}]"
全丰花灯,民俗,"[{""公布时间"": ""2006(第一批)"", ""申报地区或单位"": ""江西省修水县"", ""保护单位"": ""修水县红色基因与文化传承发展中心""}]"
泰山石敢当习俗,民俗,"[{""公布时间"": ""2006(第一批)"", ""申报地区或单位"": ""山东省泰安市"", ""保护单位"": ""泰安市泰山风景名胜区管理委员会(泰山林场）""}]"
民间社火,民俗,"[{""公布时间"": ""2006(第一批)"", ""申报地区或单位"": ""山西省潞城县"", ""保护单位"": ""长治市潞城区民间赛社文化研究会""}, {""公布时间"": ""2006(第一批)"", ""申报地区或单位"": ""陕西省宝鸡市"", ""保护单位"": ""宝鸡市群众艺术馆（宝鸡市非物质文化遗产保护中心）""}]"
民间社火（桃林坪花脸社火）,民俗,"[{""公布时间"": ""2008(第二批)"", ""申报地区或单位"": ""河北省井陉县"", ""保护单位"": ""井陉县文化馆""}]"
民间社火（永年抬花桌）,民俗,"[{""公布时间"": ""2008(第二批)"", ""申报地区或单位"": ""河北省永年县"", ""保护单位"": ""邯郸市永年区文化馆""}]"
民间社火（本溪社火）,民俗,"[{""公布时间"": ""2008(第二批)"", ""申报地区或单位"": ""辽宁省本溪满族自治县"", ""保护单位"": ""本溪满族自治县文化事业发展服务中心""}]"
民间社火（义县社火）,民俗,"[{""公布时间"": ""2008(第二批)"", ""申报地区或单位"": ""辽宁省义县"", ""保护单位"": ""义县文化旅游发展服务中心""}]"
民间社火（朝阳社火）,民俗,"[{""公布时间"": ""2008(第二批)"", ""申报地区或单位"": ""辽宁省朝阳县"", ""保护单位"": ""朝阳县文化旅游和教育事业服务中心""}]"
民间社火（浚县民间社火）,民俗,"[{""公布时间"": ""2008(第二批)"", ""申报地区或单位"": ""河南省浚县"", ""保护单位"": ""浚县人民文化馆""}]"
民间社火（洋县悬台社火）,民俗,"[{""公布时间"": ""2008(第二批)"", ""申报地区或单位"": ""陕西省洋县"", ""保护单位"": ""洋县文化馆""}]"
民间社火（南庄无根架火）,民俗,"[{""公布时间"": ""2014(第四批)"", ""申报地区或单位"": ""山西省晋中市榆次区"", ""保护单位"": ""榆次南庄宏义架火美术工艺厂""}]"
民间社火（高要春社）,民俗,"[{""公布时间"": ""2021(第五批)"", ""申报地区或单位"": ""广东省肇庆市高要区"", ""保护单位"": ""肇庆市高要区文化馆（肇庆市高要区非物质文化遗产保护中心）""}]"
民间社火（新疆社火）,民俗,"[{""公布时间"": ""2021(第五批)"", ""申报地区或单位"": ""新疆维吾尔自治区昌吉回族自治州"", ""保护单位"": ""昌吉回族自治州文化馆""}]"
鄂尔多斯婚礼,民俗,"[{""公布时间"": ""2006(第一批)"", ""申报地区或单位"": ""内蒙古自治区鄂尔多斯市"", ""保护单位"": ""鄂尔多斯市文化艺术创作研究院（鄂尔多斯市非物质文化遗产保护中心）""}]"
蒙古族婚礼（阿日奔苏木婚礼）,民俗,"[{""公布时间"": ""2008(第二批)"", ""申报地区或单位"": ""内蒙古自治区阿鲁科尔沁旗"", ""保护单位"": ""阿鲁科尔沁旗文化馆""}]"
蒙古族婚礼（乌珠穆沁婚礼）,民俗,"[{""公布时间"": ""2008(第二批)"", ""申报地区或单位"": ""内蒙古自治区西乌珠穆沁旗"", ""保护单位"": ""西乌珠穆沁旗文化旅游事业发展中心""}]"
蒙古族婚礼（蒙古族婚俗）,民俗,"[{""公布时间"": ""2008(第二批)"", ""申报地区或单位"": ""吉林省前郭尔罗斯蒙古族自治县"", ""保护单位"": ""前郭尔罗斯蒙古族自治县草原文化馆""}]"
土族婚礼,民俗,"[{""公布时间"": ""2006(第一批)"", ""申报地区或单位"": ""青海省互助土族自治县"", ""保护单位"": ""互助土族自治县文化馆""}]"
撒拉族婚礼,民俗,"[{""公布时间"": ""2006(第一批)"", ""申报地区或单位"": ""青海省循化撒拉族自治县"", ""保护单位"": ""循化撒拉族自治县文化馆""}]"
马街书会,民俗,"[{""公布时间"": ""2006(第一批)"", ""申报地区或单位"": ""河南省宝丰县"", ""保护单位"": ""宝丰县人民文化馆""}]"
胡集书会,民俗,"[{""公布时间"": ""2006(第一批)"", ""申报地区或单位"": ""山东省惠民县"", ""保护单位"": ""惠民县文化馆（惠民县非物质文化遗产保护中心）""}]"
安国药市,民俗,"[{""公布时间"": ""2006(第一批)"", ""申报地区或单位"": ""河北省安国市"", ""保护单位"": ""安国市文化馆（安国市美术馆）""}]"
药市习俗（樟树药俗）,民俗,"[{""公布时间"": ""2008(第二批)"", ""申报地区或单位"": ""江西省樟树市"", ""保护单位"": ""樟树市药俗研究协会""}]"
药市习俗（百泉药会）,民俗,"[{""公布时间"": ""2008(第二批)"", ""申报地区或单位"": ""河南省辉县市"", ""保护单位"": ""辉县市文化馆""}]"
药市习俗（禹州药会）,民俗,"[{""公布时间"": ""2008(第二批)"", ""申报地区或单位"": ""河南省禹州市"", ""保护单位"": ""禹州市非物质文化遗产保护中心""}]"
壮族铜鼓习俗,民俗,"[{""公布时间"": ""2006(第一批)"", ""申报地区或单位"": ""广西壮族自治区河池市"", ""保护单位"": ""河池市非物质文化遗产保护中心""}]"
楹联习俗,民俗,"[{""公布时间"": ""2006(第一批)"", ""申报地区或单位"": ""中国楹联学会"", ""保护单位"": ""中国楹联学会""}]"
苏州甪直水乡妇女服饰,民俗,"[{""公布时间"": ""2006(第一批)"", ""申报地区或单位"": ""江苏省苏州市"", ""保护单位"": ""苏州市吴中区甪直镇文体教育服务中心（苏州市吴中区甪直镇党校）""}]"
惠安女服饰,民俗,"[{""公布时间"": ""2006(第一批)"", ""申报地区或单位"": ""福建省惠安县"", ""保护单位"": ""惠安县文化馆""}]"
苗族服饰（昌宁苗族服饰）,民俗,"[{""公布时间"": ""2006(第一批)"", ""申报地区或单位"": ""云南省保山市"", ""保护单位"": ""昌宁县文化馆""}]"
苗族服饰,民俗,"[{""公布时间"": ""2008(第二批)"", ""申报地区或单位"": ""湖南省湘西土家族苗族自治州"", ""保护单位"": ""湘西自治州毕果民族服饰研制中心""}, {""公布时间"": ""2008(第二批)"", ""申报地区或单位"": ""贵州省桐梓县"", ""保护单位"": ""桐梓县文化馆""}, {""公布时间"": ""2008(第二批)"", ""申报地区或单位"": ""贵州省安顺市西秀区"", ""保护单位"": ""安顺市西秀区文化馆""}, {""公布时间"": ""2008(第二批)"", ""申报地区或单位"": ""贵州省关岭布依族苗族自治县"", ""保护单位"": ""关岭布依族苗族自治县文化馆""}, {""公布时间"": ""2008(第二批)"", ""申报地区或单位"": ""贵州省纳雍县"", ""保护单位"": ""纳雍县文物（非物质文化）管理所""}, {""公布时间"": ""2008(第二批)"", ""申报地区或单位"": ""贵州省剑河县"", ""保护单位"": ""剑河县非物质文化遗产保护中心""}, {""公布时间"": ""2008(第二批)"", ""申报地区或单位"": ""贵州省台江县"", ""保护单位"": ""台江县非物质文化遗产保护中心""}, {""公布时间"": ""2008(第二批)"", ""申报地区或单位"": ""贵州省榕江县"", ""保护单位"": ""榕江县非物质文化遗产保护中心""}, {""公布时间"": ""2008(第二批)"", ""申报地区或单位"": ""贵州省六盘水市六枝特区"", ""保护单位"": ""六技特区文化馆""}, {""公布时间"": ""2008(第二批)"", ""申报地区或单位"": ""贵州省丹寨县"", ""保护单位"": ""丹寨县非物质文化遗产保护中心""}]"
回族服饰,民俗,"[{""公布时间"": ""2006(第一批)"", ""申报地区或单位"": ""宁夏回族自治区"", ""保护单位"": ""吴忠市文化馆""}]"
瑶族服饰,民俗,"[{""公布时间"": ""2006(第一批)"", ""申报地区或单位"": ""广西壮族自治区南丹县"", ""保护单位"": ""南丹县非物质文化遗产保护传承中心""}, {""公布时间"": ""2006(第一批)"", ""申报地区或单位"": ""广西壮族自治区贺州市"", ""保护单位"": ""贺州市群众艺术馆""}, {""公布时间"": ""2014(第四批)"", ""申报地区或单位"": ""广西壮族自治区龙胜各族自治县"", ""保护单位"": ""龙胜各族自治县文化馆""}]"
农历二十四节气,民俗,"[{""公布时间"": ""2006(第一批)"", ""申报地区或单位"": ""中国农业博物馆"", ""保护单位"": ""中国农业博物馆""}]"
农历二十四节气（九华立春祭）,民俗,"[{""公布时间"": ""2011(第三批)"", ""申报地区或单位"": ""浙江省衢州市柯城区"", ""保护单位"": ""衢州市柯城区文化馆""}]"
农历二十四节气（班春劝农）,民俗,"[{""公布时间"": ""2011(第三批)"", ""申报地区或单位"": ""浙江省遂昌县"", ""保护单位"": ""遂昌县非物质文化遗产保护中心""}]"
农历二十四节气（石阡说春）,民俗,"[{""公布时间"": ""2011(第三批)"", ""申报地区或单位"": ""贵州省石阡县"", ""保护单位"": ""石阡县文化馆""}]"
农历二十四节气（三门祭冬）,民俗,"[{""公布时间"": ""2014(第四批)"", ""申报地区或单位"": ""浙江省三门县"", ""保护单位"": ""三门县非物质文化遗产保护中心""}]"
农历二十四节气（安仁赶分社）,民俗,"[{""公布时间"": ""2014(第四批)"", ""申报地区或单位"": ""湖南省安仁县"", ""保护单位"": ""安仁县文化馆（非物质文化遗产保护中心）""}]"
农历二十四节气（苗族赶秋）,民俗,"[{""公布时间"": ""2014(第四批)"", ""申报地区或单位"": ""湖南省花垣县"", ""保护单位"": ""花垣县非物质文化遗产保护中心""}]"
农历二十四节气（壮族霜降节）,民俗,"[{""公布时间"": ""2014(第四批)"", ""申报地区或单位"": ""广西壮族自治区天等县"", ""保护单位"": ""天等县文化馆""}]"
农历二十四节气（半山立夏习俗）,民俗,"[{""公布时间"": ""2021(第五批)"", ""申报地区或单位"": ""浙江省杭州市拱墅区"", ""保护单位"": ""杭州市拱墅区皋亭文化研究会""}]"
农历二十四节气（送大暑船）,民俗,"[{""公布时间"": ""2021(第五批)"", ""申报地区或单位"": ""浙江省台州市椒江区"", ""保护单位"": ""台州市椒江区送大暑船保护中心""}]"
农历二十四节气（梅源芒种开犁节）,民俗,"[{""公布时间"": ""2021(第五批)"", ""申报地区或单位"": ""浙江省丽水市云和县"", ""保护单位"": ""云和县非物质文化遗产保护中心""}]"
农历二十四节气（内乡打春牛习俗）,民俗,"[{""公布时间"": ""2021(第五批)"", ""申报地区或单位"": ""河南省南阳市内乡县"", ""保护单位"": ""内乡县县衙博物馆""}]"
女书习俗,民俗,"[{""公布时间"": ""2006(第一批)"", ""申报地区或单位"": ""湖南省江永县"", ""保护单位"": ""江永县文化遗产保护中心""}]"
水书习俗,民俗,"[{""公布时间"": ""2006(第一批)"", ""申报地区或单位"": ""贵州省黔南布依族苗族自治州"", ""保护单位"": ""黔南布依族苗族自治州非物质文化遗产保护中心（黔南布依族苗族自治州文化艺术研究所）""}]"
元宵节,民俗,"[{""公布时间"": ""2008(第二批)"", ""申报地区或单位"": ""文化部"", ""保护单位"": ""文化和旅游部""}]"
元宵节（敛巧饭习俗）,民俗,"[{""公布时间"": ""2008(第二批)"", ""申报地区或单位"": ""北京市怀柔区"", ""保护单位"": ""北京怀柔云蒙山书画院""}]"
元宵节（九曲黄河阵灯俗）,民俗,"[{""公布时间"": ""2008(第二批)"", ""申报地区或单位"": ""北京市密云县"", ""保护单位"": ""北京市密云区文化馆""}]"
元宵节（柳林盘子会）,民俗,"[{""公布时间"": ""2008(第二批)"", ""申报地区或单位"": ""山西省柳林县"", ""保护单位"": ""柳林县文化馆（柳林县美术馆）""}]"
元宵节（蔚县拜灯山习俗）,民俗,"[{""公布时间"": ""2008(第二批)"", ""申报地区或单位"": ""河北省蔚县"", ""保护单位"": ""蔚县文化馆""}]"
元宵节（马尾-马祖元宵节俗）,民俗,"[{""公布时间"": ""2008(第二批)"", ""申报地区或单位"": ""福建省福州市马尾区"", ""保护单位"": ""福州市马尾区文化馆（马江剧院），马祖经贸文化交流联谊会""}]"
元宵节（泉州闹元宵习俗）,民俗,"[{""公布时间"": ""2008(第二批)"", ""申报地区或单位"": ""福建省泉州市"", ""保护单位"": ""泉州市艺术馆（泉州市闽南文化生态保护中心、泉州市非物质文化遗产保护中心）""}]"
元宵节（闽台东石灯俗）,民俗,"[{""公布时间"": ""2008(第二批)"", ""申报地区或单位"": ""福建省晋江市"", ""保护单位"": ""晋江市文化馆""}]"
元宵节（枫亭元宵游灯习俗）,民俗,"[{""公布时间"": ""2008(第二批)"", ""申报地区或单位"": ""福建省仙游县"", ""保护单位"": ""仙游县枫亭元宵游灯民俗学会""}]"
元宵节（闽西客家元宵节庆）,民俗,"[{""公布时间"": ""2008(第二批)"", ""申报地区或单位"": ""福建省连城县"", ""保护单位"": ""连城县文化馆""}]"
元宵节（永昌县卍字灯俗）,民俗,"[{""公布时间"": ""2008(第二批)"", ""申报地区或单位"": ""甘肃省永昌县"", ""保护单位"": ""永昌县文化馆""}]"
元宵节（九曲黄河灯俗）,民俗,"[{""公布时间"": ""2008(第二批)"", ""申报地区或单位"": ""青海省乐都县"", ""保护单位"": ""海东市乐都区文化馆""}]"
元宵节（豫园灯会）,民俗,"[{""公布时间"": ""2011(第三批)"", ""申报地区或单位"": ""上海市黄浦区"", ""保护单位"": ""上海豫园旅游商城股份有限公司""}]"
元宵节（上坂关公灯）,民俗,"[{""公布时间"": ""2011(第三批)"", ""申报地区或单位"": ""江西省南昌市湾里区"", ""保护单位"": ""南昌市湾里管理局文化旅游产业发展服务中心（南昌市湾里管理局非物质文化遗产研究保护中心）""}]"
元宵节（千军台庄户幡会）,民俗,"[{""公布时间"": ""2014(第四批)"", ""申报地区或单位"": ""北京市门头沟区"", ""保护单位"": ""北京市门头沟区大台地区文化遗产保护协会""}]"
元宵节（抡花）,民俗,"[{""公布时间"": ""2014(第四批)"", ""申报地区或单位"": ""河北省滦平县"", ""保护单位"": ""滦平县非物质文化遗产保护中心""}]"
元宵节（河上龙灯胜会）,民俗,"[{""公布时间"": ""2014(第四批)"", ""申报地区或单位"": ""浙江省杭州市萧山区"", ""保护单位"": ""杭州市萧山区河上龙灯胜会协会""}]"
元宵节（前童元宵行会）,民俗,"[{""公布时间"": ""2014(第四批)"", ""申报地区或单位"": ""浙江省宁海县"", ""保护单位"": ""宁海县文化馆""}]"
元宵节（淄博花灯会）,民俗,"[{""公布时间"": ""2014(第四批)"", ""申报地区或单位"": ""山东省淄博市张店区"", ""保护单位"": ""淄博市张店区文化馆（淄博市张店区书画院、淄博市张店区美术馆）""}]"
元宵节（彬县灯山会）,民俗,"[{""公布时间"": ""2014(第四批)"", ""申报地区或单位"": ""陕西省彬县"", ""保护单位"": ""彬州市文化馆""}]"
元宵节（辽西朱碌科黄河阵）,民俗,"[{""公布时间"": ""2021(第五批)"", ""申报地区或单位"": ""辽宁省朝阳市"", ""保护单位"": ""建平县文旅体育和广播电视技术保障服务中心（建平县文物考古研究所）""}]"
元宵节（瑷珲上元节）,民俗,"[{""公布时间"": ""2021(第五批)"", ""申报地区或单位"": ""黑龙江省黑河市爱辉区"", ""保护单位"": ""黑河市爱辉区文化馆""}]"
元宵节（赣南客家唱船习俗）,民俗,"[{""公布时间"": ""2021(第五批)"", ""申报地区或单位"": ""江西省赣州市南康区"", ""保护单位"": ""赣州市南康区文化馆（赣州市南康区非物质文化遗产研究保护中心）""}]"
元宵节（百节龙习俗）,民俗,"[{""公布时间"": ""2021(第五批)"", ""申报地区或单位"": ""湖北省鄂州市"", ""保护单位"": ""鄂州市临空经济区民俗文化博物馆""}]"
元宵节（德江炸龙习俗）,民俗,"[{""公布时间"": ""2021(第五批)"", ""申报地区或单位"": ""贵州省铜仁市德江县"", ""保护单位"": ""德江县文化遗产保护中心""}]"
元宵节（苗族舞龙嘘花习俗）,民俗,"[{""公布时间"": ""2021(第五批)"", ""申报地区或单位"": ""贵州省黔东南苗族侗族自治州台江县"", ""保护单位"": ""台江县非物质文化遗产保护中心""}]"
元宵节（东山转灯）,民俗,"[{""公布时间"": ""2021(第五批)"", ""申报地区或单位"": ""甘肃省甘南藏族自治州舟曲县"", ""保护单位"": ""舟曲县文化馆""}]"
渔民开洋、谢洋节,民俗,"[{""公布时间"": ""2008(第二批)"", ""申报地区或单位"": ""浙江省象山县"", ""保护单位"": ""象山县石浦文化馆""}, {""公布时间"": ""2008(第二批)"", ""申报地区或单位"": ""浙江省岱山县"", ""保护单位"": ""岱山县文化馆（岱山县非物质文化遗产保护中心）""}, {""公布时间"": ""2008(第二批)"", ""申报地区或单位"": ""山东省荣成市"", ""保护单位"": ""山东院夼实业集团有限公司""}, {""公布时间"": ""2008(第二批)"", ""申报地区或单位"": ""山东省日照市"", ""保护单位"": ""日照市东港区北京路街道办事处""}, {""公布时间"": ""2008(第二批)"", ""申报地区或单位"": ""山东省即墨市"", ""保护单位"": ""青岛市即墨区田横岛省级旅游度假区周戈庄村经济合作社""}]"
畲族三月三,民俗,"[{""公布时间"": ""2008(第二批)"", ""申报地区或单位"": ""浙江省景宁畲族自治县"", ""保护单位"": ""景宁畲族自治县文物和非遗保护中心""}]"
宾阳炮龙节,民俗,"[{""公布时间"": ""2008(第二批)"", ""申报地区或单位"": ""广西壮族自治区宾阳县"", ""保护单位"": ""宾阳县文化馆""}]"
苗族独木龙舟节,民俗,"[{""公布时间"": ""2008(第二批)"", ""申报地区或单位"": ""贵州省台江县"", ""保护单位"": ""台江县非物质文化遗产保护中心""}]"
苗族跳花节,民俗,"[{""公布时间"": ""2008(第二批)"", ""申报地区或单位"": ""贵州省安顺市"", ""保护单位"": ""安顺市文化馆（安顺市文化艺术培训中心）""}]"
苗族四月八姑娘节,民俗,"[{""公布时间"": ""2008(第二批)"", ""申报地区或单位"": ""湖南省绥宁县"", ""保护单位"": ""绥宁县文化馆""}]"
苗族四月八,民俗,"[{""公布时间"": ""2011(第三批)"", ""申报地区或单位"": ""湖南省吉首市"", ""保护单位"": ""吉首市非物质文化遗产保护中心""}]"
德昂族浇花节,民俗,"[{""公布时间"": ""2008(第二批)"", ""申报地区或单位"": ""云南省德宏傣族景颇族自治州"", ""保护单位"": ""德宏州文化馆""}]"
江孜达玛节,民俗,"[{""公布时间"": ""2008(第二批)"", ""申报地区或单位"": ""西藏自治区江孜县"", ""保护单位"": ""江孜县文化和旅游局""}]"
塔塔尔族撒班节,民俗,"[{""公布时间"": ""2008(第二批)"", ""申报地区或单位"": ""新疆维吾尔自治区塔城地区"", ""保护单位"": ""伊犁哈萨克自治州塔城地区非物质文化遗产保护研究中心""}, {""公布时间"": ""2011(第三批)"", ""申报地区或单位"": ""新疆维吾尔自治区奇台县"", ""保护单位"": ""奇台县文化馆（奇台县古城艺术团、奇台县美术馆）""}]"
灯会（苇子灯阵）,民俗,"[{""公布时间"": ""2008(第二批)"", ""申报地区或单位"": ""河北省邯郸市"", ""保护单位"": ""邯郸市峰峰矿区文化馆""}]"
灯会（胜芳灯会）,民俗,"[{""公布时间"": ""2008(第二批)"", ""申报地区或单位"": ""河北省霸州市"", ""保护单位"": ""霸州市文化馆""}]"
灯会（河曲河灯会）,民俗,"[{""公布时间"": ""2008(第二批)"", ""申报地区或单位"": ""山西省河曲县"", ""保护单位"": ""河曲县宣传事务中心""}]"
灯会（肥东洋蛇灯）,民俗,"[{""公布时间"": ""2008(第二批)"", ""申报地区或单位"": ""安徽省肥东县"", ""保护单位"": ""肥东县文化馆""}]"
灯会（南安英都拔拔灯）,民俗,"[{""公布时间"": ""2008(第二批)"", ""申报地区或单位"": ""福建省南安市"", ""保护单位"": ""南安市文化馆""}]"
灯会（石城灯会）,民俗,"[{""公布时间"": ""2008(第二批)"", ""申报地区或单位"": ""江西省石城县"", ""保护单位"": ""江西省石城县文化馆""}]"
灯会（渔灯节）,民俗,"[{""公布时间"": ""2008(第二批)"", ""申报地区或单位"": ""山东省烟台市"", ""保护单位"": ""烟台经济技术开发区文化馆""}]"
灯会（泮村灯会）,民俗,"[{""公布时间"": ""2008(第二批)"", ""申报地区或单位"": ""广东省开平市"", ""保护单位"": ""开平市文化馆""}]"
灯会（自贡灯会）,民俗,"[{""公布时间"": ""2008(第二批)"", ""申报地区或单位"": ""四川省自贡市"", ""保护单位"": ""中国彩灯博物馆（自贡彩灯公园管理处）""}]"
灯会（潜江灯会）,民俗,"[{""公布时间"": ""2021(第五批)"", ""申报地区或单位"": ""湖北省潜江市"", ""保护单位"": ""潜江市非物质文化遗产保护中心""}]"
羌年,民俗,"[{""公布时间"": ""2008(第二批)"", ""申报地区或单位"": ""四川省茂县"", ""保护单位"": ""茂县文化馆""}, {""公布时间"": ""2008(第二批)"", ""申报地区或单位"": ""四川省汶川县"", ""保护单位"": ""汶川县文化馆""}, {""公布时间"": ""2008(第二批)"", ""申报地区或单位"": ""四川省理县"", ""保护单位"": ""理县文化馆""}, {""公布时间"": ""2008(第二批)"", ""申报地区或单位"": ""四川省北川羌族自治县"", ""保护单位"": ""北川羌族自治县文化馆""}]"
苗年,民俗,"[{""公布时间"": ""2008(第二批)"", ""申报地区或单位"": ""贵州省丹寨县"", ""保护单位"": ""丹寨县非物质文化遗产保护中心""}, {""公布时间"": ""2008(第二批)"", ""申报地区或单位"": ""贵州省雷山县"", ""保护单位"": ""雷山县非物质文化遗产保护中心""}]"
庙会（妙峰山庙会）,民俗,"[{""公布时间"": ""2008(第二批)"", ""申报地区或单位"": ""北京市门头沟区"", ""保护单位"": ""北京市门头沟区妙峰山花会协会""}]"
庙会（东岳庙庙会）,民俗,"[{""公布时间"": ""2008(第二批)"", ""申报地区或单位"": ""北京市朝阳区"", ""保护单位"": ""北京民俗博物馆（北京市朝阳区东岳庙管理处）""}]"
庙会（晋祠庙会）,民俗,"[{""公布时间"": ""2008(第二批)"", ""申报地区或单位"": ""山西省太原市晋源区"", ""保护单位"": ""太原市晋源区晋祠镇晋祠一社区股份经济合作社""}]"
庙会（上海龙华庙会）,民俗,"[{""公布时间"": ""2008(第二批)"", ""申报地区或单位"": ""上海市徐汇区"", ""保护单位"": ""上海市徐汇区人民政府龙华街道办事处""}]"
庙会（赶茶场）,民俗,"[{""公布时间"": ""2008(第二批)"", ""申报地区或单位"": ""浙江省磐安县"", ""保护单位"": ""磐安县非物质文化遗产保护中心""}]"
庙会（泰山东岳庙会）,民俗,"[{""公布时间"": ""2008(第二批)"", ""申报地区或单位"": ""山东省泰安市"", ""保护单位"": ""泰安市旅游协会""}]"
庙会（武当山庙会）,民俗,"[{""公布时间"": ""2008(第二批)"", ""申报地区或单位"": ""湖北省十堰市"", ""保护单位"": ""武当山旅游经济特区文化馆""}]"
庙会（火宫殿庙会）,民俗,"[{""公布时间"": ""2008(第二批)"", ""申报地区或单位"": ""湖南省长沙市"", ""保护单位"": ""长沙饮食集团长沙火宫殿有限公司""}]"
庙会（佛山祖庙庙会）,民俗,"[{""公布时间"": ""2008(第二批)"", ""申报地区或单位"": ""广东省佛山市"", ""保护单位"": ""佛山市祖庙博物馆""}]"
庙会（药王山庙会）,民俗,"[{""公布时间"": ""2008(第二批)"", ""申报地区或单位"": ""陕西省铜川市"", ""保护单位"": ""药王山管理局""}]"
庙会（北山庙会）,民俗,"[{""公布时间"": ""2011(第三批)"", ""申报地区或单位"": ""吉林省吉林市"", ""保护单位"": ""吉林市艺术研究所(吉林市非物质文化遗产保护研究中心)""}]"
庙会（张山寨七七会）,民俗,"[{""公布时间"": ""2011(第三批)"", ""申报地区或单位"": ""浙江省缙云县"", ""保护单位"": ""缙云县非物质文化遗产保护中心""}]"
庙会（方岩庙会）,民俗,"[{""公布时间"": ""2011(第三批)"", ""申报地区或单位"": ""浙江省永康市"", ""保护单位"": ""永康市方岩风景区投资经营有限公司""}]"
庙会（九华山庙会）,民俗,"[{""公布时间"": ""2011(第三批)"", ""申报地区或单位"": ""安徽省池州市九华山风景区"", ""保护单位"": ""安徽省九华山文化馆""}]"
庙会（西山万寿宫庙会）,民俗,"[{""公布时间"": ""2011(第三批)"", ""申报地区或单位"": ""江西省新建县"", ""保护单位"": ""南昌市新建区民俗文化协会""}]"
庙会（汉阳归元庙会）,民俗,"[{""公布时间"": ""2011(第三批)"", ""申报地区或单位"": ""湖北省武汉市汉阳区"", ""保护单位"": ""武汉市汉阳区文化馆""}]"
庙会（当阳关陵庙会）,民俗,"[{""公布时间"": ""2011(第三批)"", ""申报地区或单位"": ""湖北省当阳市"", ""保护单位"": ""当阳市文化馆""}]"
庙会（蒲县朝山会）,民俗,"[{""公布时间"": ""2014(第四批)"", ""申报地区或单位"": ""山西省蒲县"", ""保护单位"": ""蒲县人民文化馆""}]"
庙会（泰伯庙会）,民俗,"[{""公布时间"": ""2014(第四批)"", ""申报地区或单位"": ""江苏省无锡市"", ""保护单位"": ""无锡市新吴区泰伯庙文物保护所""}]"
庙会（苏州轧神仙庙会）,民俗,"[{""公布时间"": ""2014(第四批)"", ""申报地区或单位"": ""江苏省苏州市姑苏区"", ""保护单位"": ""苏州市姑苏区文化馆""}]"
庙会（金村庙会）,民俗,"[{""公布时间"": ""2014(第四批)"", ""申报地区或单位"": ""江苏省张家港市"", ""保护单位"": ""张家港市塘桥镇文化体育服务中心（塘桥镇党校）""}]"
庙会（浚县正月古庙会）,民俗,"[{""公布时间"": ""2014(第四批)"", ""申报地区或单位"": ""河南省浚县"", ""保护单位"": ""浚县人民文化馆""}]"
庙会（宝顶架香庙会）,民俗,"[{""公布时间"": ""2014(第四批)"", ""申报地区或单位"": ""重庆市大足区"", ""保护单位"": ""重庆市大足区美术馆（重庆市大足区非物质文化遗产保护中心）""}]"
庙会（丰都庙会）,民俗,"[{""公布时间"": ""2014(第四批)"", ""申报地区或单位"": ""重庆市丰都县"", ""保护单位"": ""丰都县文化馆""}]"
庙会（丫髻山庙会）,民俗,"[{""公布时间"": ""2021(第五批)"", ""申报地区或单位"": ""北京市平谷区"", ""保护单位"": ""北京丫髻山道教文化名胜区管理委员会""}]"
庙会（天成观庙会）,民俗,"[{""公布时间"": ""2021(第五批)"", ""申报地区或单位"": ""辽宁省朝阳市"", ""保护单位"": ""喀喇沁左翼蒙古族自治县文化馆""}]"
庙会（圣堂庙会）,民俗,"[{""公布时间"": ""2021(第五批)"", ""申报地区或单位"": ""江苏省苏州市相城区"", ""保护单位"": ""苏州市阳澄湖生态休闲旅游度假区综合服务中心（招商服务中心）""}]"
庙会（绍兴舜王庙会）,民俗,"[{""公布时间"": ""2021(第五批)"", ""申报地区或单位"": ""浙江省绍兴市"", ""保护单位"": ""绍兴市虞舜文化研究会""}]"
庙会（商丘火神台庙会）,民俗,"[{""公布时间"": ""2021(第五批)"", ""申报地区或单位"": ""河南省商丘市睢阳区"", ""保护单位"": ""商丘市睢阳区文化馆""}]"
庙会（南岳庙会）,民俗,"[{""公布时间"": ""2021(第五批)"", ""申报地区或单位"": ""湖南省衡阳市南岳区"", ""保护单位"": ""南岳区文化艺术馆""}]"
庙会（茶园游会）,民俗,"[{""公布时间"": ""2021(第五批)"", ""申报地区或单位"": ""广东省东莞市"", ""保护单位"": ""东莞市茶山镇文化服务中心（东莞市茶山镇体育管理服务中心）""}]"
庙会（贵德六月庙会）,民俗,"[{""公布时间"": ""2021(第五批)"", ""申报地区或单位"": ""青海省海南藏族自治州贵德县"", ""保护单位"": ""贵德县人民文化馆""}]"
民间信俗（千童信子节）,民俗,"[{""公布时间"": ""2008(第二批)"", ""申报地区或单位"": ""河北省盐山县"", ""保护单位"": ""盐山县文化馆""}]"
民间信俗（关公信俗）,民俗,"[{""公布时间"": ""2008(第二批)"", ""申报地区或单位"": ""山西省运城市"", ""保护单位"": ""运城市解州关帝庙文物保护所（关公文化研究院）""}, {""公布时间"": ""2008(第二批)"", ""申报地区或单位"": ""河南省洛阳市"", ""保护单位"": ""洛阳关林管理处""}]"
民间信俗（石浦-富岗如意信俗）,民俗,"[{""公布时间"": ""2008(第二批)"", ""申报地区或单位"": ""浙江省象山县"", ""保护单位"": ""象山县石浦文化馆""}]"
民间信俗（汤和信俗）,民俗,"[{""公布时间"": ""2008(第二批)"", ""申报地区或单位"": ""浙江省温州市龙湾区"", ""保护单位"": ""温州市龙湾区海滨街道宁村村民委员会""}]"
民间信俗（保生大帝信俗）,民俗,"[{""公布时间"": ""2008(第二批)"", ""申报地区或单位"": ""福建省厦门市海沧区"", ""保护单位"": ""厦门市海沧区青礁保生慈济文化促进会""}, {""公布时间"": ""2008(第二批)"", ""申报地区或单位"": ""福建省龙海市"", ""保护单位"": ""漳州台商投资区社会事务综合服务中心""}]"
民间信俗（陈靖姑信俗）,民俗,"[{""公布时间"": ""2008(第二批)"", ""申报地区或单位"": ""福建省古田县"", ""保护单位"": ""古田县临水宫管委会""}, {""公布时间"": ""2008(第二批)"", ""申报地区或单位"": ""福建省福州市仓山区"", ""保护单位"": ""福州市仓山区文化馆""}]"
民间信俗（西王母信俗）,民俗,"[{""公布时间"": ""2008(第二批)"", ""申报地区或单位"": ""甘肃省泾川县"", ""保护单位"": ""泾川县文化馆""}]"
民间信俗（梅日更召信俗）,民俗,"[{""公布时间"": ""2011(第三批)"", ""申报地区或单位"": ""内蒙古自治区包头市九原区"", ""保护单位"": ""包头市九原区文化馆""}]"
民间信俗（锡伯族喜利妈妈信俗）,民俗,"[{""公布时间"": ""2011(第三批)"", ""申报地区或单位"": ""辽宁省沈阳市"", ""保护单位"": ""沈阳市沈北新区文化旅游体育事业发展中心（沈阳市沈北新区老干部服务中心）""}]"
民间信俗（闽台送王船）,民俗,"[{""公布时间"": ""2011(第三批)"", ""申报地区或单位"": ""福建省厦门市"", ""保护单位"": ""厦门市闽南文化研究会""}]"
民间信俗（清水祖师信俗）,民俗,"[{""公布时间"": ""2011(第三批)"", ""申报地区或单位"": ""福建省安溪县"", ""保护单位"": ""福建省安溪清水岩风景旅游区管理有限公司""}]"
民间信俗（嫘祖信俗）,民俗,"[{""公布时间"": ""2011(第三批)"", ""申报地区或单位"": ""湖北省远安县"", ""保护单位"": ""远安县文化馆""}]"
民间信俗（波罗诞）,民俗,"[{""公布时间"": ""2011(第三批)"", ""申报地区或单位"": ""广东省广州市黄埔区"", ""保护单位"": ""广州海事博物馆（挂广州市黄埔区博物馆、广州市黄埔区文化遗产保护中心牌子）""}]"
民间信俗（悦城龙母诞）,民俗,"[{""公布时间"": ""2011(第三批)"", ""申报地区或单位"": ""广东省德庆县"", ""保护单位"": ""德庆县文化馆""}]"
民间信俗（长洲太平清醮）,民俗,"[{""公布时间"": ""2011(第三批)"", ""申报地区或单位"": ""香港特别行政区"", ""保护单位"": ""香港长洲太平清蘸值理会""}]"
民间信俗（鱼行醉龙节）,民俗,"[{""公布时间"": ""2011(第三批)"", ""申报地区或单位"": ""澳门特别行政区"", ""保护单位"": ""澳门鲜鱼行总会""}]"
民间信俗（孝子祭）,民俗,"[{""公布时间"": ""2014(第四批)"", ""申报地区或单位"": ""浙江省富阳市"", ""保护单位"": ""杭州市富阳区周雄孝文化研究会""}]"
民间信俗（潮神祭祀）,民俗,"[{""公布时间"": ""2014(第四批)"", ""申报地区或单位"": ""浙江省海宁市"", ""保护单位"": ""海宁市文化馆（海宁市非物质文化遗产保护中心）""}]"
民间信俗（三平祖师信俗）,民俗,"[{""公布时间"": ""2014(第四批)"", ""申报地区或单位"": ""福建省平和县"", ""保护单位"": ""平和县三平风景区管理委员会""}]"
民间信俗（东镇沂山祭仪）,民俗,"[{""公布时间"": ""2014(第四批)"", ""申报地区或单位"": ""山东省临朐县"", ""保护单位"": ""临朐县文化艺术中心""}]"
民间信俗（贵屿双忠信俗）,民俗,"[{""公布时间"": ""2014(第四批)"", ""申报地区或单位"": ""广东省汕头市潮阳区"", ""保护单位"": ""汕头市潮阳区贵屿镇街路棚理事会""}]"
民间信俗（冼夫人信俗）,民俗,"[{""公布时间"": ""2014(第四批)"", ""申报地区或单位"": ""广东省茂名市"", ""保护单位"": ""茂名市文化馆""}, {""公布时间"": ""2014(第四批)"", ""申报地区或单位"": ""海南省海口市"", ""保护单位"": ""海口市群众艺术馆（海口市非物质文化遗产保护中心）""}, {""公布时间"": ""2014(第四批)"", ""申报地区或单位"": ""海南省定安县"", ""保护单位"": ""定安县文化发展中心""}, {""公布时间"": ""2014(第四批)"", ""申报地区或单位"": ""海南省澄迈县"", ""保护单位"": ""澄迈县文化馆""}]"
民间信俗（钦州跳岭头）,民俗,"[{""公布时间"": ""2014(第四批)"", ""申报地区或单位"": ""广西壮族自治区钦州市"", ""保护单位"": ""钦州市非物质文化遗产传承保护中心""}]"
民间信俗（康定转山会）,民俗,"[{""公布时间"": ""2014(第四批)"", ""申报地区或单位"": ""四川省康定县"", ""保护单位"": ""四川省康定市文化馆（四川省康定市文物管理所）""}]"
民间信俗（梅里神山祭祀）,民俗,"[{""公布时间"": ""2014(第四批)"", ""申报地区或单位"": ""云南省德钦县"", ""保护单位"": ""德钦县非物质文化遗产保护中心""}]"
民间信俗（女子太阳山祭祀）,民俗,"[{""公布时间"": ""2014(第四批)"", ""申报地区或单位"": ""云南省西畴县"", ""保护单位"": ""西畴县非物质文化遗产保护中心""}]"
民间信俗（屯堡抬亭子）,民俗,"[{""公布时间"": ""2014(第四批)"", ""申报地区或单位"": ""贵州省安顺市西秀区"", ""保护单位"": ""安顺市西秀区文化馆""}]"
民间信俗（迎城隍）,民俗,"[{""公布时间"": ""2014(第四批)"", ""申报地区或单位"": ""陕西省西安市"", ""保护单位"": ""西安市群众艺术馆（西安市非物质文化遗产保护中心）""}]"
民间信俗（岷县青苗会）,民俗,"[{""公布时间"": ""2014(第四批)"", ""申报地区或单位"": ""甘肃省岷县"", ""保护单位"": ""岷县文化馆""}]"
民间信俗（同心莲花山青苗水会）,民俗,"[{""公布时间"": ""2014(第四批)"", ""申报地区或单位"": ""宁夏回族自治区同心县"", ""保护单位"": ""同心县文化馆""}]"
民间信俗（黄大仙信俗）,民俗,"[{""公布时间"": ""2014(第四批)"", ""申报地区或单位"": ""香港特别行政区"", ""保护单位"": ""啬色园""}]"
民间信俗（澳门哪吒信俗）,民俗,"[{""公布时间"": ""2014(第四批)"", ""申报地区或单位"": ""澳门特别行政区"", ""保护单位"": ""澳门柿山哪咤古庙值理会，澳门大三巴哪咤庙值理会""}]"
民间信俗（巴音居日合乌拉祭）,民俗,"[{""公布时间"": ""2021(第五批)"", ""申报地区或单位"": ""内蒙古自治区兴安盟科尔沁右翼前旗"", ""保护单位"": ""札萨克图巴音居日合乌拉祭祀文化协会""}]"
民间信俗（六十棵榆树祭）,民俗,"[{""公布时间"": ""2021(第五批)"", ""申报地区或单位"": ""内蒙古自治区鄂尔多斯市鄂托克前旗"", ""保护单位"": ""鄂托克前旗文化馆""}]"
民间信俗（小白龙信俗）,民俗,"[{""公布时间"": ""2021(第五批)"", ""申报地区或单位"": ""上海市金山区"", ""保护单位"": ""上海市金山区吕巷镇社区党群服务中心（上海市金山区吕巷镇文化体育服务中心）""}]"
民间信俗（延平郡王信俗）,民俗,"[{""公布时间"": ""2021(第五批)"", ""申报地区或单位"": ""福建省厦门市思明区"", ""保护单位"": ""厦门市思明区文化馆（厦门市思明区文物保护中心）""}]"
民间信俗（澳门土地信俗）,民俗,"[{""公布时间"": ""2021(第五批)"", ""申报地区或单位"": ""澳门特别行政区"", ""保护单位"": ""澳门雀仔园福德祠土地庙值理会""}]"
青海湖祭海,民俗,"[{""公布时间"": ""2008(第二批)"", ""申报地区或单位"": ""青海省海北藏族自治州"", ""保护单位"": ""海北藏族自治州文化馆（海北藏族自治州非物质文化遗产传承保护中心）""}]"
抬阁（芯子、铁枝、飘色）（葛渔城重阁会）,民俗,"[{""公布时间"": ""2008(第二批)"", ""申报地区或单位"": ""河北省廊坊市"", ""保护单位"": ""安次区文化馆""}]"
抬阁（芯子、铁枝、飘色）（宽城背杆）,民俗,"[{""公布时间"": ""2008(第二批)"", ""申报地区或单位"": ""河北省宽城满族自治县"", ""保护单位"": ""宽城满族自治县文化馆""}]"
抬阁（芯子、铁枝、飘色）（隆尧县泽畔抬阁）,民俗,"[{""公布时间"": ""2008(第二批)"", ""申报地区或单位"": ""河北省隆尧县"", ""保护单位"": ""隆尧县文化馆""}]"
抬阁（芯子、铁枝、飘色）（清徐徐沟背铁棍）,民俗,"[{""公布时间"": ""2008(第二批)"", ""申报地区或单位"": ""山西省清徐县"", ""保护单位"": ""清徐县文化旅游事业发展中心（清徐县文物保护中心、清徐县文化馆）""}]"
抬阁（芯子、铁枝、飘色）（万荣抬阁）,民俗,"[{""公布时间"": ""2008(第二批)"", ""申报地区或单位"": ""山西省万荣县"", ""保护单位"": ""万荣县文化馆""}]"
抬阁（芯子、铁枝、飘色）（峨口挠阁）,民俗,"[{""公布时间"": ""2008(第二批)"", ""申报地区或单位"": ""山西省代县"", ""保护单位"": ""代县文化艺术馆""}]"
抬阁（芯子、铁枝、飘色）（脑阁）,民俗,"[{""公布时间"": ""2008(第二批)"", ""申报地区或单位"": ""内蒙古自治区土默特左旗"", ""保护单位"": ""土默特左旗文化图书馆""}]"
抬阁（芯子、铁枝、飘色）（金坛抬阁）,民俗,"[{""公布时间"": ""2008(第二批)"", ""申报地区或单位"": ""江苏省金坛市"", ""保护单位"": ""常州市金坛区文化馆""}]"
抬阁（芯子、铁枝、飘色）（浦江迎会）,民俗,"[{""公布时间"": ""2008(第二批)"", ""申报地区或单位"": ""浙江省浦江县"", ""保护单位"": ""浦江县非物质文化遗产保护中心""}]"
抬阁（芯子、铁枝、飘色）（肘阁抬阁）,民俗,"[{""公布时间"": ""2008(第二批)"", ""申报地区或单位"": ""安徽省寿县"", ""保护单位"": ""寿县文化馆""}, {""公布时间"": ""2008(第二批)"", ""申报地区或单位"": ""安徽省临泉县"", ""保护单位"": ""临泉县文化馆""}]"
抬阁（芯子、铁枝、飘色）（大坝高装）,民俗,"[{""公布时间"": ""2008(第二批)"", ""申报地区或单位"": ""四川省兴文县"", ""保护单位"": ""兴文县文化馆""}]"
抬阁（芯子、铁枝、飘色）（青林口高抬戏）,民俗,"[{""公布时间"": ""2008(第二批)"", ""申报地区或单位"": ""四川省江油市"", ""保护单位"": ""江油市文化馆""}]"
抬阁（芯子、铁枝、飘色）（庄浪县高抬）,民俗,"[{""公布时间"": ""2008(第二批)"", ""申报地区或单位"": ""甘肃省庄浪县"", ""保护单位"": ""庄浪县文化馆""}]"
抬阁（芯子、铁枝、飘色）（阁子里芯子）,民俗,"[{""公布时间"": ""2008(第二批)"", ""申报地区或单位"": ""山东省淄博市临淄区"", ""保护单位"": ""临淄区文化事业发展服务中心""}]"
抬阁（芯子、铁枝、飘色）（周村芯子）,民俗,"[{""公布时间"": ""2008(第二批)"", ""申报地区或单位"": ""山东省淄博市周村区"", ""保护单位"": ""淄博市周村区文化馆""}]"
抬阁（芯子、铁枝、飘色）（章丘芯子）,民俗,"[{""公布时间"": ""2008(第二批)"", ""申报地区或单位"": ""山东省章丘市"", ""保护单位"": ""济南市章丘区文化馆""}]"
抬阁（芯子、铁枝、飘色）（霍童铁枝）,民俗,"[{""公布时间"": ""2008(第二批)"", ""申报地区或单位"": ""福建省宁德市蕉城区"", ""保护单位"": ""宁德市蕉城区霍童镇党群服务中心""}]"
抬阁（芯子、铁枝、飘色）（福鼎沙埕铁枝）,民俗,"[{""公布时间"": ""2008(第二批)"", ""申报地区或单位"": ""福建省福鼎市"", ""保护单位"": ""福鼎市沙埕民俗文化研究会""}]"
抬阁（芯子、铁枝、飘色）（屏南双溪铁枝）,民俗,"[{""公布时间"": ""2008(第二批)"", ""申报地区或单位"": ""福建省屏南县"", ""保护单位"": ""屏南县双溪镇双溪社区居民委员会""}]"
抬阁（芯子、铁枝、飘色）（南朗崖口飘色）,民俗,"[{""公布时间"": ""2008(第二批)"", ""申报地区或单位"": ""广东省中山市"", ""保护单位"": ""中山市南朗街道宣传文化服务中心（中山市南朗街道档案馆）""}]"
抬阁（芯子、铁枝、飘色）（台山浮石飘色）,民俗,"[{""公布时间"": ""2008(第二批)"", ""申报地区或单位"": ""广东省台山市"", ""保护单位"": ""广东省台山市文化馆""}]"
抬阁（芯子、铁枝、飘色）（湟中县千户营高台）,民俗,"[{""公布时间"": ""2008(第二批)"", ""申报地区或单位"": ""青海省湟中县"", ""保护单位"": ""湟中县文化馆""}]"
抬阁（芯子、铁枝、飘色）（吴川飘色）,民俗,"[{""公布时间"": ""2008(第二批)"", ""申报地区或单位"": ""广东省吴川市"", ""保护单位"": ""吴川市文化馆""}]"
抬阁（芯子、铁枝、飘色）（隆德县高台）,民俗,"[{""公布时间"": ""2008(第二批)"", ""申报地区或单位"": ""宁夏回族自治区隆德县"", ""保护单位"": ""隆德县文化馆""}]"
抬阁（芯子、铁枝、飘色）（河田高景）,民俗,"[{""公布时间"": ""2008(第二批)"", ""申报地区或单位"": ""广东省陆河县"", ""保护单位"": ""陆河县河田镇新时代文明实践服务中心""}]"
抬阁（海沧蜈蚣阁）,民俗,"[{""公布时间"": ""2011(第三批)"", ""申报地区或单位"": ""福建省厦门市海沧区"", ""保护单位"": ""厦门市海沧区文化馆""}]"
抬阁（宜章夜故事）,民俗,"[{""公布时间"": ""2011(第三批)"", ""申报地区或单位"": ""湖南省宜章县"", ""保护单位"": ""宜章县文化馆""}]"
抬阁（长乐抬阁故事会）,民俗,"[{""公布时间"": ""2011(第三批)"", ""申报地区或单位"": ""湖南省汨罗市"", ""保护单位"": ""汨罗市文化馆""}]"
抬阁（通海高台）,民俗,"[{""公布时间"": ""2011(第三批)"", ""申报地区或单位"": ""云南省通海县"", ""保护单位"": ""通海县文化馆（通海县非物质文化遗产保护中心）""}]"
抬阁（珠梅抬故事）,民俗,"[{""公布时间"": ""2014(第四批)"", ""申报地区或单位"": ""湖南省涟源市"", ""保护单位"": ""涟源市文化馆""}]"
抬阁（渼陂彩擎）,民俗,"[{""公布时间"": ""2021(第五批)"", ""申报地区或单位"": ""江西省吉安市青原区"", ""保护单位"": ""吉安市青原区文化馆（区美术馆、区非物质文化遗产保护中心）""}]"
打铁花,民俗,"[{""公布时间"": ""2008(第二批)"", ""申报地区或单位"": ""河南省确山县"", ""保护单位"": ""确山县文化馆""}]"
打铁花（蔚县打树花）,民俗,"[{""公布时间"": ""2021(第五批)"", ""申报地区或单位"": ""河北省张家口市蔚县"", ""保护单位"": ""蔚县文化馆""}]"
朝鲜族花甲礼,民俗,"[{""公布时间"": ""2008(第二批)"", ""申报地区或单位"": ""辽宁省丹东市"", ""保护单位"": ""丹东市文化体育旅游发展服务中心""}, {""公布时间"": ""2008(第二批)"", ""申报地区或单位"": ""吉林省延边朝鲜族自治州"", ""保护单位"": ""延边文化艺术研究中心（延边非物质文化遗产保护中心）""}, {""公布时间"": ""2011(第三批)"", ""申报地区或单位"": ""黑龙江省牡丹江市"", ""保护单位"": ""牡丹江市朝鲜民族艺术馆""}]"
祭祖习俗（大槐树祭祖习俗）,民俗,"[{""公布时间"": ""2008(第二批)"", ""申报地区或单位"": ""山西省洪洞县"", ""保护单位"": ""洪洞县大槐树迁民遗址文物管理所""}]"
祭祖习俗（沁水柳氏清明祭祖）,民俗,"[{""公布时间"": ""2011(第三批)"", ""申报地区或单位"": ""山西省沁水县"", ""保护单位"": ""沁水县文化馆""}]"
祭祖习俗（太公祭）,民俗,"[{""公布时间"": ""2011(第三批)"", ""申报地区或单位"": ""浙江省文成县"", ""保护单位"": ""文成县非物质文化遗产保护中心""}]"
祭祖习俗（石壁客家祭祖习俗）,民俗,"[{""公布时间"": ""2011(第三批)"", ""申报地区或单位"": ""福建省宁化县"", ""保护单位"": ""宁化县文化馆""}]"
祭祖习俗（灯杆彩凤习俗）,民俗,"[{""公布时间"": ""2011(第三批)"", ""申报地区或单位"": ""广东省揭东县"", ""保护单位"": ""揭阳市揭东区文化馆""}]"
祭祖习俗（下沙祭祖）,民俗,"[{""公布时间"": ""2011(第三批)"", ""申报地区或单位"": ""广东省深圳市福田区"", ""保护单位"": ""深圳市沙头下沙实业股份有限公司""}]"
祭祖习俗（徽州祠祭）,民俗,"[{""公布时间"": ""2014(第四批)"", ""申报地区或单位"": ""安徽省祁门县"", ""保护单位"": ""祁门县博物馆""}]"
祭祖习俗（诸葛后裔祭祖）,民俗,"[{""公布时间"": ""2014(第四批)"", ""申报地区或单位"": ""浙江省兰溪市"", ""保护单位"": ""兰溪市诸葛旅游发展有限公司""}]"
祭祖习俗（凉山彝族尼木措毕祭祀）,民俗,"[{""公布时间"": ""2014(第四批)"", ""申报地区或单位"": ""四川省美姑县"", ""保护单位"": ""美姑县文化馆""}]"
祭祖习俗（徐村司马迁祭祀）,民俗,"[{""公布时间"": ""2014(第四批)"", ""申报地区或单位"": ""陕西省韩城市"", ""保护单位"": ""韩城市文化馆""}]"
鄂温克驯鹿习俗,民俗,"[{""公布时间"": ""2008(第二批)"", ""申报地区或单位"": ""内蒙古自治区根河市"", ""保护单位"": ""根河市文化馆""}]"
蒙古族养驼习俗,民俗,"[{""公布时间"": ""2008(第二批)"", ""申报地区或单位"": ""内蒙古自治区阿拉善盟"", ""保护单位"": ""内蒙古阿拉善盟群众艺术馆""}]"
长白山采参习俗,民俗,"[{""公布时间"": ""2008(第二批)"", ""申报地区或单位"": ""吉林省抚松县"", ""保护单位"": ""抚松人参博物馆""}]"
查干淖尔冬捕习俗,民俗,"[{""公布时间"": ""2008(第二批)"", ""申报地区或单位"": ""吉林省前郭尔罗斯蒙古族自治县"", ""保护单位"": ""前郭尔罗斯蒙古族自治县文化工作总站（前郭县非物质文化遗产保护中心）""}]"
蚕桑习俗（含山轧蚕花）,民俗,"[{""公布时间"": ""2008(第二批)"", ""申报地区或单位"": ""浙江省桐乡市"", ""保护单位"": ""桐乡市文化馆（桐乡市非物质文化遗产保护中心、桐乡市子恺画院）""}]"
蚕桑习俗（扫蚕花地）,民俗,"[{""公布时间"": ""2008(第二批)"", ""申报地区或单位"": ""浙江省德清县"", ""保护单位"": ""德清县文化馆""}]"
洪洞走亲习俗,民俗,"[{""公布时间"": ""2008(第二批)"", ""申报地区或单位"": ""山西省洪洞县"", ""保护单位"": ""洪洞县文化馆""}]"
蟳埔女习俗,民俗,"[{""公布时间"": ""2008(第二批)"", ""申报地区或单位"": ""福建省泉州市丰泽区"", ""保护单位"": ""泉州市丰泽区文化馆""}]"
汉族传统婚俗（孝义贾家庄婚俗）,民俗,"[{""公布时间"": ""2008(第二批)"", ""申报地区或单位"": ""山西省孝义市"", ""保护单位"": ""孝义市新义街道贾家庄村民委员会""}]"
汉族传统婚俗（宁海十里红妆婚俗）,民俗,"[{""公布时间"": ""2008(第二批)"", ""申报地区或单位"": ""浙江省宁海县"", ""保护单位"": ""宁海县十里红妆博物馆""}]"
汉族传统婚俗（斗门水上婚嫁习俗）,民俗,"[{""公布时间"": ""2008(第二批)"", ""申报地区或单位"": ""广东省珠海市"", ""保护单位"": ""珠海市斗门区文化馆（珠海市斗门区非物质文化遗产保护中心）""}]"
朝鲜族传统婚礼,民俗,"[{""公布时间"": ""2008(第二批)"", ""申报地区或单位"": ""吉林省延边朝鲜族自治州"", ""保护单位"": ""延边文化艺术研究中心（延边非物质文化遗产保护中心）""}]"
塔吉克族婚俗,民俗,"[{""公布时间"": ""2008(第二批)"", ""申报地区或单位"": ""新疆维吾尔自治区塔什库尔干塔吉克自治县"", ""保护单位"": ""新疆塔什库尔干塔吉克自治县文化馆""}]"
水乡社戏,民俗,"[{""公布时间"": ""2008(第二批)"", ""申报地区或单位"": ""浙江省绍兴市"", ""保护单位"": ""绍兴市文化馆、绍兴市非物质文化遗产保护中心""}]"
界首书会,民俗,"[{""公布时间"": ""2008(第二批)"", ""申报地区或单位"": ""安徽省界首市"", ""保护单位"": ""界首市文化馆""}]"
洛阳牡丹花会,民俗,"[{""公布时间"": ""2008(第二批)"", ""申报地区或单位"": ""河南省洛阳市"", ""保护单位"": ""洛阳市文化馆（洛阳市非物质文化遗产保护中心）""}]"
三汇彩亭会,民俗,"[{""公布时间"": ""2008(第二批)"", ""申报地区或单位"": ""四川省渠县"", ""保护单位"": ""渠县文化馆（渠县美术馆、渠县非物质文化遗产保护中心、渠县业余体育学校）""}]"
石宝山歌会,民俗,"[{""公布时间"": ""2008(第二批)"", ""申报地区或单位"": ""云南省剑川县"", ""保护单位"": ""剑川县文化馆""}]"
大理三月街,民俗,"[{""公布时间"": ""2008(第二批)"", ""申报地区或单位"": ""云南省大理市"", ""保护单位"": ""大理市非物质文化遗产保护管理所""}]"
茶艺（潮州工夫茶艺）,民俗,"[{""公布时间"": ""2008(第二批)"", ""申报地区或单位"": ""广东省潮州市"", ""保护单位"": ""潮州市文化馆""}]"
茶俗（白族三道茶）,民俗,"[{""公布时间"": ""2014(第四批)"", ""申报地区或单位"": ""云南省大理市"", ""保护单位"": ""大理市非物质文化遗产保护管理所""}]"
茶俗（瑶族油茶习俗）,民俗,"[{""公布时间"": ""2021(第五批)"", ""申报地区或单位"": ""广西壮族自治区桂林市恭城瑶族自治县"", ""保护单位"": ""恭城瑶族自治县油茶协会""}]"
蒙古族服饰,民俗,"[{""公布时间"": ""2008(第二批)"", ""申报地区或单位"": ""内蒙古自治区"", ""保护单位"": ""内蒙古自治区艺术研究院（内蒙古自治区非物质文化遗产保护中心）""}, {""公布时间"": ""2008(第二批)"", ""申报地区或单位"": ""甘肃省肃北蒙古族自治县"", ""保护单位"": ""肃北蒙古族自治县文化馆""}, {""公布时间"": ""2008(第二批)"", ""申报地区或单位"": ""新疆维吾尔自治区博湖县"", ""保护单位"": ""博湖县非物质文化遗产保护中心""}, {""公布时间"": ""2014(第四批)"", ""申报地区或单位"": ""内蒙古自治区正蓝旗"", ""保护单位"": ""正蓝旗文体旅游广电事业发展中心""}, {""公布时间"": ""2021(第五批)"", ""申报地区或单位"": ""青海省海西蒙古族藏族自治州格尔木市"", ""保护单位"": ""格尔木市文化馆""}]"
朝鲜族服饰,民俗,"[{""公布时间"": ""2008(第二批)"", ""申报地区或单位"": ""吉林省延边朝鲜族自治州"", ""保护单位"": ""延边文化艺术研究中心（延边非物质文化遗产保护中心）""}]"
畲族服饰,民俗,"[{""公布时间"": ""2008(第二批)"", ""申报地区或单位"": ""福建省罗源县"", ""保护单位"": ""福建省罗源县文化馆""}]"
黎族服饰,民俗,"[{""公布时间"": ""2008(第二批)"", ""申报地区或单位"": ""海南省锦绣织贝有限公司"", ""保护单位"": ""海南省锦绣织贝实业有限公司""}, {""公布时间"": ""2008(第二批)"", ""申报地区或单位"": ""海南省民族研究所"", ""保护单位"": ""海南省民族研究所""}]"
珞巴族服饰,民俗,"[{""公布时间"": ""2008(第二批)"", ""申报地区或单位"": ""西藏自治区隆子县"", ""保护单位"": ""西藏隆子县文化局""}, {""公布时间"": ""2008(第二批)"", ""申报地区或单位"": ""西藏自治区米林县"", ""保护单位"": ""西藏林芝市米林县文化和旅游局""}]"
藏族服饰,民俗,"[{""公布时间"": ""2008(第二批)"", ""申报地区或单位"": ""西藏自治区措美县"", ""保护单位"": ""西藏措美县文化局""}, {""公布时间"": ""2008(第二批)"", ""申报地区或单位"": ""西藏自治区林芝地区"", ""保护单位"": ""西藏林芝市巴宜区文化和旅游局""}, {""公布时间"": ""2008(第二批)"", ""申报地区或单位"": ""西藏自治区普兰县"", ""保护单位"": ""普兰县文化和旅游局""}, {""公布时间"": ""2008(第二批)"", ""申报地区或单位"": ""西藏自治区安多县"", ""保护单位"": ""西藏那曲市安多县文化和旅游（文物）局""}, {""公布时间"": ""2008(第二批)"", ""申报地区或单位"": ""西藏自治区申扎县"", ""保护单位"": ""西藏自治区那曲市申扎县文化和旅游局""}, {""公布时间"": ""2008(第二批)"", ""申报地区或单位"": ""青海省玉树藏族自治州"", ""保护单位"": ""玉树藏族自治州文化馆""}, {""公布时间"": ""2008(第二批)"", ""申报地区或单位"": ""青海省门源回族自治县"", ""保护单位"": ""门源回族自治县文化馆""}, {""公布时间"": ""2014(第四批)"", ""申报地区或单位"": ""青海省海南藏族自治州"", ""保护单位"": ""海南藏族自治州文化馆（海南藏族自治州非物质文化遗产传承保护中心）""}]"
裕固族服饰,民俗,"[{""公布时间"": ""2008(第二批)"", ""申报地区或单位"": ""甘肃省肃南裕固族自治县"", ""保护单位"": ""肃南裕固族自治县非物质文化遗产保护传承中心""}]"
土族服饰,民俗,"[{""公布时间"": ""2008(第二批)"", ""申报地区或单位"": ""青海省互助土族自治县"", ""保护单位"": ""互助土族自治县文化馆""}]"
撒拉族服饰,民俗,"[{""公布时间"": ""2008(第二批)"", ""申报地区或单位"": ""青海省循化撒拉族自治县"", ""保护单位"": ""循化撒拉族自治县文化馆""}]"
维吾尔族服饰,民俗,"[{""公布时间"": ""2008(第二批)"", ""申报地区或单位"": ""新疆维吾尔自治区于田县"", ""保护单位"": ""于田县文化馆""}]"
哈萨克族服饰,民俗,"[{""公布时间"": ""2008(第二批)"", ""申报地区或单位"": ""新疆维吾尔自治区伊犁哈萨克自治州"", ""保护单位"": ""伊犁哈萨克自治州文化艺术研究所""}]"
珠算（程大位珠算法）,民俗,"[{""公布时间"": ""2008(第二批)"", ""申报地区或单位"": ""安徽省黄山市屯溪区"", ""保护单位"": ""黄山市屯溪大位小学""}]"
珠算（珠算文化）,民俗,"[{""公布时间"": ""2008(第二批)"", ""申报地区或单位"": ""中国珠算心算协会"", ""保护单位"": ""中国珠算心算协会""}]"
南海航道更路经,民俗,"[{""公布时间"": ""2008(第二批)"", ""申报地区或单位"": ""海南省文昌市"", ""保护单位"": ""文昌市文化馆""}, {""公布时间"": ""2011(第三批)"", ""申报地区或单位"": ""海南省琼海市"", ""保护单位"": ""琼海市文化馆（琼海市琼剧研究展演团）""}]"
藏族天文历算,民俗,"[{""公布时间"": ""2008(第二批)"", ""申报地区或单位"": ""西藏自治区"", ""保护单位"": ""西藏自治区藏医院""}]"
中元节（潮人盂兰胜会）,民俗,"[{""公布时间"": ""2011(第三批)"", ""申报地区或单位"": ""香港特别行政区"", ""保护单位"": ""香港潮属社团总会""}]"
中元节（资源河灯节）,民俗,"[{""公布时间"": ""2014(第四批)"", ""申报地区或单位"": ""广西壮族自治区资源县"", ""保护单位"": ""资源县文化馆""}]"
中元节（莱芜中元节习俗）,民俗,"[{""公布时间"": ""2021(第五批)"", ""申报地区或单位"": ""山东省济南市莱芜区"", ""保护单位"": ""济南市民俗学会""}]"
中和节（永济背冰）,民俗,"[{""公布时间"": ""2011(第三批)"", ""申报地区或单位"": ""山西省永济市"", ""保护单位"": ""永济市文化馆（永济市非物质文化遗产保护中心）""}]"
中和节（云丘山中和节）,民俗,"[{""公布时间"": ""2011(第三批)"", ""申报地区或单位"": ""山西省乡宁县"", ""保护单位"": ""乡宁县中和文化研究会""}]"
俄罗斯族巴斯克节,民俗,"[{""公布时间"": ""2011(第三批)"", ""申报地区或单位"": ""内蒙古自治区额尔古纳市"", ""保护单位"": ""额尔古纳市文化馆""}]"
鄂温克族瑟宾节,民俗,"[{""公布时间"": ""2011(第三批)"", ""申报地区或单位"": ""黑龙江省讷河市"", ""保护单位"": ""讷河市文化馆""}]"
诺茹孜节,民俗,"[{""公布时间"": ""2011(第三批)"", ""申报地区或单位"": ""新疆维吾尔自治区塔城地区"", ""保护单位"": ""伊犁哈萨克自治州塔城地区非物质文化遗产保护研究中心""}]"
布依族“三月三”,民俗,"[{""公布时间"": ""2011(第三批)"", ""申报地区或单位"": ""贵州省望谟县"", ""保护单位"": ""望谟县文化旅游发展中心""}, {""公布时间"": ""2011(第三批)"", ""申报地区或单位"": ""贵州省贞丰县"", ""保护单位"": ""贞丰县文化馆""}]"
土家年,民俗,"[{""公布时间"": ""2011(第三批)"", ""申报地区或单位"": ""湖南省永顺县"", ""保护单位"": ""永顺县非物质文化遗产保护中心""}]"
彝族年,民俗,"[{""公布时间"": ""2011(第三批)"", ""申报地区或单位"": ""四川省凉山彝族自治州"", ""保护单位"": ""凉山彝族自治州非物质文化遗产保护中心""}]"
侗年,民俗,"[{""公布时间"": ""2011(第三批)"", ""申报地区或单位"": ""贵州省榕江县"", ""保护单位"": ""榕江县非物质文化遗产保护中心""}]"
藏历年,民俗,"[{""公布时间"": ""2011(第三批)"", ""申报地区或单位"": ""西藏自治区拉萨市"", ""保护单位"": ""拉萨市群众艺术馆""}]"
舜帝祭典,民俗,"[{""公布时间"": ""2011(第三批)"", ""申报地区或单位"": ""湖南省宁远县"", ""保护单位"": ""宁远县文化馆""}]"
祭寨神林,民俗,"[{""公布时间"": ""2011(第三批)"", ""申报地区或单位"": ""云南省元阳县"", ""保护单位"": ""元阳县文化馆""}]"
歌会（瑞云四月八）,民俗,"[{""公布时间"": ""2011(第三批)"", ""申报地区或单位"": ""福建省福鼎市"", ""保护单位"": ""福鼎市畲族文化促进会""}]"
歌会（四十八寨歌节）,民俗,"[{""公布时间"": ""2011(第三批)"", ""申报地区或单位"": ""贵州省天柱县"", ""保护单位"": ""天柱县非物质文化遗产保护中心""}]"
尉村跑鼓车,民俗,"[{""公布时间"": ""2011(第三批)"", ""申报地区或单位"": ""山西省襄汾县"", ""保护单位"": ""襄汾县汾城镇尉村村民委员会""}]"
独辕四景车赛会,民俗,"[{""公布时间"": ""2011(第三批)"", ""申报地区或单位"": ""山西省平顺县"", ""保护单位"": ""平顺县文化馆（平顺县美术馆）""}]"
网船会,民俗,"[{""公布时间"": ""2011(第三批)"", ""申报地区或单位"": ""浙江省嘉兴市秀洲区"", ""保护单位"": ""嘉兴市大运河文化旅游发展有限公司""}]"
月也,民俗,"[{""公布时间"": ""2011(第三批)"", ""申报地区或单位"": ""贵州省黎平县"", ""保护单位"": ""黎平县非物质文化遗产保护中心""}]"
婚俗（朝鲜族回婚礼）,民俗,"[{""公布时间"": ""2011(第三批)"", ""申报地区或单位"": ""吉林省延边朝鲜族自治州"", ""保护单位"": ""延边文化艺术研究中心（延边非物质文化遗产保护中心）""}]"
婚俗（达斡尔族传统婚俗）,民俗,"[{""公布时间"": ""2011(第三批)"", ""申报地区或单位"": ""黑龙江省齐齐哈尔市富拉尔基区"", ""保护单位"": ""富拉尔基区文旅事业发展中心""}]"
婚俗（彝族传统婚俗）,民俗,"[{""公布时间"": ""2011(第三批)"", ""申报地区或单位"": ""四川省美姑县"", ""保护单位"": ""美姑县文化馆""}]"
婚俗（裕固族传统婚俗）,民俗,"[{""公布时间"": ""2011(第三批)"", ""申报地区或单位"": ""甘肃省张掖市"", ""保护单位"": ""肃南裕固族自治县非物质文化遗产保护传承中心""}]"
婚俗（回族传统婚俗）,民俗,"[{""公布时间"": ""2011(第三批)"", ""申报地区或单位"": ""宁夏回族自治区"", ""保护单位"": ""宁夏回族自治区文化馆（宁夏回族自治区非物质文化遗产保护中心、宁夏回族自治区展览馆）""}]"
婚俗（哈萨克族传统婚俗）,民俗,"[{""公布时间"": ""2011(第三批)"", ""申报地区或单位"": ""新疆维吾尔自治区伊犁哈萨克自治州"", ""保护单位"": ""伊犁哈萨克自治州文化艺术研究所""}]"
婚俗（锡伯族传统婚俗）,民俗,"[{""公布时间"": ""2011(第三批)"", ""申报地区或单位"": ""新疆嘎善文化传播中心"", ""保护单位"": ""新疆嘎善文化传播中心""}]"
婚俗（赫哲族婚俗）,民俗,"[{""公布时间"": ""2014(第四批)"", ""申报地区或单位"": ""黑龙江省同江市"", ""保护单位"": ""同江市非物质文化遗产保护中心""}]"
婚俗（畲族婚俗）,民俗,"[{""公布时间"": ""2014(第四批)"", ""申报地区或单位"": ""浙江省景宁畲族自治县"", ""保护单位"": ""景宁畲族自治县文物和非遗保护中心""}, {""公布时间"": ""2014(第四批)"", ""申报地区或单位"": ""福建省霞浦县"", ""保护单位"": ""霞浦县福宁文化艺术交流中心""}]"
婚俗（瑶族婚俗）,民俗,"[{""公布时间"": ""2014(第四批)"", ""申报地区或单位"": ""广东省连南瑶族自治县"", ""保护单位"": ""连南瑶族自治县文化馆""}]"
径山茶宴,民俗,"[{""公布时间"": ""2011(第三批)"", ""申报地区或单位"": ""浙江省杭州市余杭区"", ""保护单位"": ""杭州市余杭区径山万寿禅寺""}]"
装泥鱼习俗,民俗,"[{""公布时间"": ""2011(第三批)"", ""申报地区或单位"": ""广东省珠海市斗门区"", ""保护单位"": ""珠海市斗门区文化馆（珠海市斗门区非物质文化遗产保护中心）""}]"
苗族栽岩习俗,民俗,"[{""公布时间"": ""2011(第三批)"", ""申报地区或单位"": ""贵州省榕江县"", ""保护单位"": ""榕江县非物质文化遗产保护中心""}]"
规约习俗（侗族款约）,民俗,"[{""公布时间"": ""2014(第四批)"", ""申报地区或单位"": ""贵州省黎平县"", ""保护单位"": ""黎平县非物质文化遗产保护中心""}]"
规约习俗（钱氏家训家教）,民俗,"[{""公布时间"": ""2021(第五批)"", ""申报地区或单位"": ""上海市"", ""保护单位"": ""上海市地方史志学会""}]"
规约习俗（德安义门陈家训传统）,民俗,"[{""公布时间"": ""2021(第五批)"", ""申报地区或单位"": ""江西省九江市德安县"", ""保护单位"": ""德安县江州义门陈文化研究会""}]"
规约习俗（瑶族石牌习俗）,民俗,"[{""公布时间"": ""2021(第五批)"", ""申报地区或单位"": ""广西壮族自治区来宾市金秀瑶族自治县"", ""保护单位"": ""金秀瑶族自治县文化馆""}]"
规约习俗（吕氏乡约乡仪）,民俗,"[{""公布时间"": ""2021(第五批)"", ""申报地区或单位"": ""陕西省西安市蓝田县"", ""保护单位"": ""蓝田县文化馆""}]"
柯尔克孜族驯鹰习俗,民俗,"[{""公布时间"": ""2011(第三批)"", ""申报地区或单位"": ""新疆维吾尔自治区阿合奇县"", ""保护单位"": ""阿合奇县玛纳斯研究中心""}]"
塔吉克族服饰,民俗,"[{""公布时间"": ""2011(第三批)"", ""申报地区或单位"": ""新疆维吾尔自治区塔什库尔干塔吉克自治县"", ""保护单位"": ""新疆塔什库尔干塔吉克自治县文化馆""}]"
望果节,民俗,"[{""公布时间"": ""2014(第四批)"", ""申报地区或单位"": ""西藏自治区"", ""保护单位"": ""西藏自治区群众艺术馆（区非物质文化遗产保护中心）""}]"
苗族花山节,民俗,"[{""公布时间"": ""2014(第四批)"", ""申报地区或单位"": ""云南省屏边苗族自治县"", ""保护单位"": ""屏边苗族自治县文化馆""}]"
察干苏力德祭,民俗,"[{""公布时间"": ""2014(第四批)"", ""申报地区或单位"": ""内蒙古自治区乌审旗"", ""保护单位"": ""乌审旗文化馆""}]"
博格达乌拉祭,民俗,"[{""公布时间"": ""2014(第四批)"", ""申报地区或单位"": ""内蒙古自治区扎赉特旗"", ""保护单位"": ""扎赉特旗文化馆""}]"
稻作习俗,民俗,"[{""公布时间"": ""2014(第四批)"", ""申报地区或单位"": ""江西省万年县"", ""保护单位"": ""万年县民间民俗文化协会""}]"
仡佬族三幺台习俗,民俗,"[{""公布时间"": ""2014(第四批)"", ""申报地区或单位"": ""贵州省道真仡佬族苗族自治县"", ""保护单位"": ""道真仡佬族苗族自治县文化传承与保护服务中心""}]"
匾额习俗（赣南客家匾额习俗）,民俗,"[{""公布时间"": ""2014(第四批)"", ""申报地区或单位"": ""江西省会昌县"", ""保护单位"": ""会昌县文化馆（会昌县非物质文化遗产保护中心）""}]"
马仙信俗,民俗,"[{""公布时间"": ""2014(第四批)"", ""申报地区或单位"": ""福建省柘荣县"", ""保护单位"": ""柘荣县文化馆""}]"
寮步香市,民俗,"[{""公布时间"": ""2014(第四批)"", ""申报地区或单位"": ""广东省东莞市"", ""保护单位"": ""东莞市寮步镇文化服务中心（东莞市寮步镇体育管理服务中心）""}]"
达斡尔族服饰,民俗,"[{""公布时间"": ""2014(第四批)"", ""申报地区或单位"": ""内蒙古自治区呼伦贝尔市"", ""保护单位"": ""呼伦贝尔市群众艺术馆（呼伦贝尔市非物质文化遗产保护中心；呼伦贝尔市美术馆）""}]"
鄂温克族服饰,民俗,"[{""公布时间"": ""2014(第四批)"", ""申报地区或单位"": ""内蒙古自治区陈巴尔虎旗"", ""保护单位"": ""陈巴尔虎旗文化馆""}]"
彝族服饰,民俗,"[{""公布时间"": ""2014(第四批)"", ""申报地区或单位"": ""四川省昭觉县"", ""保护单位"": ""昭觉县文物管理所""}, {""公布时间"": ""2014(第四批)"", ""申报地区或单位"": ""云南省楚雄彝族自治州"", ""保护单位"": ""楚雄彝族自治州非物质文化遗产保护中心""}]"
布依族服饰,民俗,"[{""公布时间"": ""2014(第四批)"", ""申报地区或单位"": ""贵州省"", ""保护单位"": ""贵州省非物质文化遗产保护中心（贵州省非物质文化遗产博览馆）""}]"
侗族服饰,民俗,"[{""公布时间"": ""2014(第四批)"", ""申报地区或单位"": ""贵州省黔东南苗族侗族自治州"", ""保护单位"": ""黔东南州非物质文化遗产保护中心""}]"
柯尔克孜族服饰,民俗,"[{""公布时间"": ""2014(第四批)"", ""申报地区或单位"": ""新疆维吾尔自治区乌恰县"", ""保护单位"": ""乌恰县文化馆""}]"
朝鲜族百种节,民俗,"[{""公布时间"": ""2021(第五批)"", ""申报地区或单位"": ""吉林省延边朝鲜族自治州龙井市"", ""保护单位"": ""龙井市文化馆""}]"
瑶族祝著节,民俗,"[{""公布时间"": ""2021(第五批)"", ""申报地区或单位"": ""广西壮族自治区河池市巴马瑶族自治县"", ""保护单位"": ""巴马瑶族自治县文化馆""}]"
壮族侬峒节,民俗,"[{""公布时间"": ""2021(第五批)"", ""申报地区或单位"": ""广西壮族自治区崇左市"", ""保护单位"": ""崇左市群众艺术馆""}]"
秀山苗族羊马节,民俗,"[{""公布时间"": ""2021(第五批)"", ""申报地区或单位"": ""重庆市秀山土家族苗族自治县"", ""保护单位"": ""秀山土家族苗族自治县文化馆""}]"
矻扎扎节,民俗,"[{""公布时间"": ""2021(第五批)"", ""申报地区或单位"": ""云南省红河哈尼族彝族自治州元阳县"", ""保护单位"": ""元阳县文化馆""}]"
特懋克节,民俗,"[{""公布时间"": ""2021(第五批)"", ""申报地区或单位"": ""云南省西双版纳傣族自治州"", ""保护单位"": ""景洪市文化馆""}]"
三多节,民俗,"[{""公布时间"": ""2021(第五批)"", ""申报地区或单位"": ""云南省丽江市玉龙纳西族自治县"", ""保护单位"": ""玉龙纳西族自治县非物质文化遗产保护中心""}]"
普米族拈达则封山仪式,民俗,"[{""公布时间"": ""2021(第五批)"", ""申报地区或单位"": ""云南省丽江市宁蒗彝族自治县"", ""保护单位"": ""宁蒗彝族自治县非物质文化遗产保护中心""}]"
阔时节,民俗,"[{""公布时间"": ""2021(第五批)"", ""申报地区或单位"": ""云南省怒江傈僳族自治州泸水市"", ""保护单位"": ""泸水市文化馆""}]"
祭典（老子祭典）,民俗,"[{""公布时间"": ""2021(第五批)"", ""申报地区或单位"": ""河南省周口市鹿邑县"", ""保护单位"": ""鹿邑县非物质文化遗产保护中心""}]"
祭祀兄弟公出海仪式,民俗,"[{""公布时间"": ""2021(第五批)"", ""申报地区或单位"": ""海南省琼海市"", ""保护单位"": ""琼海市文化馆（琼海市琼剧研究展演团）""}]"
赫哲族乌日贡大会,民俗,"[{""公布时间"": ""2021(第五批)"", ""申报地区或单位"": ""黑龙江省佳木斯市同江市"", ""保护单位"": ""同江市非物质文化遗产保护中心""}]"
龙神赛会,民俗,"[{""公布时间"": ""2021(第五批)"", ""申报地区或单位"": ""甘肃省甘南藏族自治州临潭县"", ""保护单位"": ""甘肃省临潭县文化馆""}]"
放河灯（松花江放河灯）,民俗,"[{""公布时间"": ""2021(第五批)"", ""申报地区或单位"": ""吉林省吉林市"", ""保护单位"": ""吉林市艺术研究所（吉林市非物质文化遗产保护研究中心）""}]"
腊八节习俗,民俗,"[{""公布时间"": ""2021(第五批)"", ""申报地区或单位"": ""浙江省"", ""保护单位"": ""杭州灵隐寺""}, {""公布时间"": ""2021(第五批)"", ""申报地区或单位"": ""浙江省"", ""保护单位"": ""杭州灵隐寺""}]"
炼火,民俗,"[{""公布时间"": ""2021(第五批)"", ""申报地区或单位"": ""浙江省金华市磐安县"", ""保护单位"": ""磐安县非物质文化遗产保护中心""}, {""公布时间"": ""2021(第五批)"", ""申报地区或单位"": ""浙江省金华市磐安县"", ""保护单位"": ""磐安县非物质文化遗产保护中心""}]"
壮族会鼓习俗,民俗,"[{""公布时间"": ""2021(第五批)"", ""申报地区或单位"": ""广西壮族自治区南宁市马山县"", ""保护单位"": ""马山县文化馆""}, {""公布时间"": ""2021(第五批)"", ""申报地区或单位"": ""广西壮族自治区南宁市马山县"", ""保护单位"": ""马山县文化馆""}]"
大安校水柜习俗,民俗,"[{""公布时间"": ""2021(第五批)"", ""申报地区或单位"": ""广西壮族自治区贵港市平南县"", ""保护单位"": ""平南县文化馆""}, {""公布时间"": ""2021(第五批)"", ""申报地区或单位"": ""广西壮族自治区贵港市平南县"", ""保护单位"": ""平南县文化馆""}]"
敬老习俗（壮族补粮敬老习俗）,民俗,"[{""公布时间"": ""2021(第五批)"", ""申报地区或单位"": ""广西壮族自治区河池市巴马瑶族自治县"", ""保护单位"": ""巴马瑶族自治县文化馆""}, {""公布时间"": ""2021(第五批)"", ""申报地区或单位"": ""广西壮族自治区河池市巴马瑶族自治县"", ""保护单位"": ""巴马瑶族自治县文化馆""}]"
徐州伏羊食俗,民俗,"[{""公布时间"": ""2021(第五批)"", ""申报地区或单位"": ""江苏省徐州市"", ""保护单位"": ""徐州文化馆""}, {""公布时间"": ""2021(第五批)"", ""申报地区或单位"": ""江苏省徐州市"", ""保护单位"": ""徐州文化馆""}]"
德都蒙古全席,民俗,"[{""公布时间"": ""2021(第五批)"", ""申报地区或单位"": ""青海省海西蒙古族藏族自治州德令哈市"", ""保护单位"": ""青海德都蒙古文化发展有限公司""}, {""公布时间"": ""2021(第五批)"", ""申报地区或单位"": ""青海省海西蒙古族藏族自治州德令哈市"", ""保护单位"": ""青海德都蒙古文化发展有限公司""}]"
尖扎达顿宴,民俗,"[{""公布时间"": ""2021(第五批)"", ""申报地区或单位"": ""青海省黄南藏族自治州尖扎县"", ""保护单位"": ""尖扎县文化馆""}, {""公布时间"": ""2021(第五批)"", ""申报地区或单位"": ""青海省黄南藏族自治州尖扎县"", ""保护单位"": ""尖扎县文化馆""}]"
传统服饰（赣南客家服饰）,民俗,"[{""公布时间"": ""2021(第五批)"", ""申报地区或单位"": ""江西省赣州市定南县"", ""保护单位"": ""定南县文化馆""}, {""公布时间"": ""2021(第五批)"", ""申报地区或单位"": ""江西省赣州市定南县"", ""保护单位"": ""定南县文化馆""}]"
傣族服饰（花腰傣服饰）,民俗,"[{""公布时间"": ""2021(第五批)"", ""申报地区或单位"": ""云南省玉溪市新平彝族傣族自治县"", ""保护单位"": ""新平彝族傣族自治县文化馆""}, {""公布时间"": ""2021(第五批)"", ""申报地区或单位"": ""云南省玉溪市新平彝族傣族自治县"", ""保护单位"": ""新平彝族傣族自治县文化馆""}]"
